GEN UID,bus,Pg,Qg,Qmax,Qmin,Vg,mBase,status,Pmax,Pmin,Pc1,Pc2,Qc1min,Qc1max,Qc2min,Qc2max,ramp_agc,ramp_10,ramp_30,ramp_q,apf,mu_Pmax,mu_Pmin,mu_Qmax,mu_Qmin,type,fuel,cost_c1,cost_c2,ncost
1004_WIND_1,1004,158.25,-30.38,44.94,-30.38,1.01,253.2,1,211.0,63.3,0,0,0,0,0,0,0,0,0.0,0,211.0,0,0,0,0,WIND,wind,0.0,0.0,3
1006_WIND_1,1006,25.73,-4.94,7.31,-4.94,1.0,41.16,1,34.3,10.29,0,0,0,0,0,0,0,0,0.0,0,34.3,0,0,0,0,WIND,wind,0.0,0.0,3
1009_WIND_1,1009,61.87,-11.88,17.57,-11.88,1.0,99.0,1,82.5,24.75,0,0,0,0,0,0,0,0,0.0,0,82.5,0,0,0,0,WIND,wind,0.0,0.0,3
1011_PV_1,1011,9.99,0.0,0.0,0.0,1.0,12.0,1,10.0,3.0,0,0,0,0,0,0,0,0,0.0,0,10.0,0,0,0,0,PV,solar,0.0,0.0,3
1021_WIND_1,1021,149.63,-28.73,42.49,-28.73,1.0,239.4,1,199.5,59.85,0,0,0,0,0,0,0,0,0.0,0,199.5,0,0,0,0,WIND,wind,0.0,0.0,3
1023_WIND_1,1023,135.0,-1.36,38.34,-25.92,1.01,216.0,1,180.0,54.0,0,0,0,0,0,0,0,0,0.0,0,180.0,0,0,0,0,WIND,wind,0.0,0.0,3
1026_WIND_1,1026,93.15,-7.89,26.45,-17.88,1.0,149.04,1,124.2,37.26,0,0,0,0,0,0,0,0,0.0,0,124.2,0,0,0,0,WIND,wind,0.0,0.0,3
1033_WIND_1,1033,208.5,-40.03,59.21,-40.03,1.0,333.6,1,278.0,83.4,0,0,0,0,0,0,0,0,0.0,0,278.0,0,0,0,0,WIND,wind,0.0,0.0,3
1035_WIND_1,1035,67.5,-12.96,19.17,-12.96,1.0,108.0,1,90.0,27.0,0,0,0,0,0,0,0,0,0.0,0,90.0,0,0,0,0,WIND,wind,0.0,0.0,3
1039_WIND_1,1039,110.63,-21.24,31.42,-21.24,1.0,177.0,1,147.5,44.25,0,0,0,0,0,0,0,0,0.0,0,147.5,0,0,0,0,WIND,wind,0.0,0.0,3
1042_WIND_1,1042,0.0,0.0,25.96,-17.55,1.0,146.28,0,121.9,36.57,0,0,0,0,0,0,0,0,0.0,0,121.9,0,0,0,0,WIND,wind,0.0,0.0,3
1043_WIND_1,1043,44.1,-4.93,12.52,-8.47,1.0,70.56,1,58.8,17.64,0,0,0,0,0,0,0,0,0.0,0,58.8,0,0,0,0,WIND,wind,0.0,0.0,3
1048_CC_1,1048,0.0,0.0,165.53,-36.1,1.0,390.24,0,325.2,97.56,0,0,0,0,0,0,0,0,132.06,0,325.2,0,0,0,0,CC,ng,25.435052,0.002032,3
1049_CC_1,1049,0.0,0.0,165.53,-36.1,1.0,390.24,0,325.2,97.56,0,0,0,0,0,0,0,0,132.06,0,325.2,0,0,0,0,CC,ng,25.435052,0.002032,3
1050_CC_1,1050,89.27,-9.92,45.5,-9.92,1.0,107.28,1,89.4,26.82,0,0,0,0,0,0,0,0,44.7,0,89.4,0,0,0,0,CC,ng,23.829772000000002,0.002032,3
1051_CC_1,1051,89.27,-7.94,45.5,-9.92,1.0,107.28,1,89.4,26.82,0,0,0,0,0,0,0,0,44.7,0,89.4,0,0,0,0,CC,ng,23.829772000000002,0.002032,3
1052_CC_1,1052,89.27,-9.92,45.5,-9.92,1.0,107.28,1,89.4,26.82,0,0,0,0,0,0,0,0,44.7,0,89.4,0,0,0,0,CC,ng,23.829772000000002,0.002032,3
1053_CC_1,1053,0.0,0.0,91.01,-19.85,1.0,214.56,0,178.8,53.64,0,0,0,0,0,0,0,0,89.4,0,178.8,0,0,0,0,CC,ng,24.438356,0.002032,3
1057_WIND_1,1057,0.0,0.0,25.56,-17.28,1.0,144.0,0,120.0,36.0,0,0,0,0,0,0,0,0,0.0,0,120.0,0,0,0,0,WIND,wind,0.0,0.0,3
1059_CC_1,1059,0.0,0.0,2.85,-0.62,1.04,6.72,0,5.6,1.68,0,0,0,0,0,0,0,0,2.8,0,5.6,0,0,0,0,CC,ng,23.259287999999998,0.002032,3
1060_CC_1,1060,0.0,0.0,1.02,-0.22,1.04,2.4,0,2.0,0.6,0,0,0,0,0,0,0,0,1.0,0,2.0,0,0,0,0,CC,ng,23.234904,0.002032,3
1062_PV_1,1062,0.0,0.0,0.0,0.0,1.01,1.8,0,1.5,0.45,0,0,0,0,0,0,0,0,0.0,0,1.5,0,0,0,0,PV,solar,0.0,0.0,3
1063_PV_1,1063,0.0,0.0,0.0,0.0,1.01,276.0,0,230.0,69.0,0,0,0,0,0,0,0,0,0.0,0,230.0,0,0,0,0,PV,solar,0.0,0.0,3
1066_WIND_1,1066,106.88,-4.79,30.35,-20.52,1.0,171.0,1,142.5,42.75,0,0,0,0,0,0,0,0,0.0,0,142.5,0,0,0,0,WIND,wind,0.0,0.0,3
1070_WIND_1,1070,120.38,16.42,34.19,-23.11,1.04,192.6,1,160.5,48.15,0,0,0,0,0,0,0,0,0.0,0,160.5,0,0,0,0,WIND,wind,0.0,0.0,3
1072_CC_1,1072,191.85,10.71,97.8,-21.33,1.01,230.56,1,192.13,57.64,0,0,0,0,0,0,0,0,96.06,0,192.13,0,0,0,0,CC,ng,24.529287999999998,0.002032,3
1073_CC_1,1073,191.85,23.64,97.8,-21.33,1.01,230.56,1,192.13,57.64,0,0,0,0,0,0,0,0,96.06,0,192.13,0,0,0,0,CC,ng,24.529287999999998,0.002032,3
1074_CC_1,1074,191.85,18.7,97.8,-21.33,1.01,230.56,1,192.13,57.64,0,0,0,0,0,0,0,0,96.06,0,192.13,0,0,0,0,CC,ng,24.529287999999998,0.002032,3
1075_CC_1,1075,191.85,17.01,97.8,-21.33,1.01,230.56,1,192.13,57.64,0,0,0,0,0,0,0,0,96.06,0,192.13,0,0,0,0,CC,ng,24.529287999999998,0.002032,3
1076_CC_1,1076,0.0,0.0,97.8,-21.33,1.01,230.56,0,192.13,57.64,0,0,0,0,0,0,0,0,96.06,0,192.13,0,0,0,0,CC,ng,24.529287999999998,0.002032,3
1077_CC_1,1077,0.0,0.0,97.8,-21.33,1.01,230.56,0,192.13,57.64,0,0,0,0,0,0,0,0,96.06,0,192.13,0,0,0,0,CC,ng,24.529287999999998,0.002032,3
1078_CC_1,1078,95.36,9.08,48.61,-10.6,1.01,114.6,1,95.5,28.65,0,0,0,0,0,0,0,0,47.75,0,95.5,0,0,0,0,CC,ng,23.871427999999998,0.002032,3
1079_CC_1,1079,95.36,-10.6,48.61,-10.6,1.01,114.6,1,95.5,28.65,0,0,0,0,0,0,0,0,47.75,0,95.5,0,0,0,0,CC,ng,23.871427999999998,0.002032,3
1080_CC_1,1080,95.36,6.37,48.61,-10.6,1.01,114.6,1,95.5,28.65,0,0,0,0,0,0,0,0,47.75,0,95.5,0,0,0,0,CC,ng,23.871427999999998,0.002032,3
1081_CC_1,1081,0.0,0.0,145.83,-31.8,1.01,343.8,0,286.5,85.95,0,0,0,0,0,0,0,0,124.66,0,286.5,0,0,0,0,CC,ng,25.171400000000002,0.002032,3
1082_WIND_1,1082,112.5,-21.6,31.95,-21.6,1.0,180.0,1,150.0,45.0,0,0,0,0,0,0,0,0,0.0,0,150.0,0,0,0,0,WIND,wind,0.0,0.0,3
1084_WIND_1,1084,86.62,24.6,24.6,-16.63,1.04,138.6,1,115.5,34.65,0,0,0,0,0,0,0,0,0.0,0,115.5,0,0,0,0,WIND,wind,0.0,0.0,3
1088_WIND_1,1088,56.25,-8.13,15.97,-10.8,1.0,90.0,1,75.0,22.5,0,0,0,0,0,0,0,0,0.0,0,75.0,0,0,0,0,WIND,wind,0.0,0.0,3
1090_WIND_1,1090,114.37,9.6,32.48,-21.96,1.02,183.0,1,152.5,45.75,0,0,0,0,0,0,0,0,0.0,0,152.5,0,0,0,0,WIND,wind,0.0,0.0,3
1090_WIND_2,1090,27.0,7.67,7.67,-5.18,1.02,43.2,1,36.0,10.8,0,0,0,0,0,0,0,0,0.0,0,36.0,0,0,0,0,WIND,wind,0.0,0.0,3
2004_CC_1,2004,0.0,0.0,199.43,-43.49,1.02,470.16,0,391.8,117.54,0,0,0,0,0,0,0,0,139.54,0,391.8,0,0,0,0,CC,ng,37.5123921,0.0029444000000000002,3
2005_CC_1,2005,0.0,0.0,199.43,-43.49,1.02,470.16,0,391.8,117.54,0,0,0,0,0,0,0,0,139.54,0,391.8,0,0,0,0,CC,ng,37.5123921,0.0029444000000000002,3
2006_CC_1,2006,0.0,0.0,199.43,-43.49,1.02,470.16,0,391.8,117.54,0,0,0,0,0,0,0,0,139.54,0,391.8,0,0,0,0,CC,ng,37.5123921,0.0029444000000000002,3
2013_WIND_1,2013,150.45,-28.89,42.73,-28.89,1.0,240.72,1,200.6,60.18,0,0,0,0,0,0,0,0,0.0,0,200.6,0,0,0,0,WIND,wind,0.0,0.0,3
2019_WIND_1,2019,0.0,0.0,46.43,-31.39,1.04,261.6,0,218.0,65.4,0,0,0,0,0,0,0,0,0.0,0,218.0,0,0,0,0,WIND,wind,0.0,0.0,3
2023_CC_1,2023,83.21,3.63,42.42,-9.25,1.02,100.0,1,83.33,25.0,0,0,0,0,0,0,0,0,41.66,0,83.33,0,0,0,0,CC,ng,23.17986,0.00198,3
2024_CC_1,2024,166.42,6.12,84.83,-18.5,1.02,200.0,1,166.67,50.0,0,0,0,0,0,0,0,0,83.33,0,166.67,0,0,0,0,CC,ng,23.732775,0.00198,3
2042_WIND_1,2042,59.7,-11.46,16.95,-11.46,1.01,95.52,1,79.6,23.88,0,0,0,0,0,0,0,0,0.0,0,79.6,0,0,0,0,WIND,wind,0.0,0.0,3
2056_STEAM_1,2056,0.0,0.0,2.8,-0.73,0.99,7.2,0,6.0,1.8,0,0,0,0,0,0,0,0,2.4,0,6.0,0,0,0,0,STEAM,coal,20.378959799999997,0.0020336,3
2057_STEAM_1,2057,579.67,-79.15,335.52,-87.84,0.99,864.0,1,720.0,216.0,0,0,0,0,0,0,0,0,210.0,0,720.0,0,0,0,0,STEAM,coal,20.378959799999997,0.0020336,3
2059_WIND_1,2059,60.0,-11.52,17.04,-11.52,1.0,96.0,1,80.0,24.0,0,0,0,0,0,0,0,0,0.0,0,80.0,0,0,0,0,WIND,wind,0.0,0.0,3
2062_WIND_1,2062,101.55,-15.32,28.84,-19.5,1.02,162.48,1,135.4,40.62,0,0,0,0,0,0,0,0,0.0,0,135.4,0,0,0,0,WIND,wind,0.0,0.0,3
2071_WIND_1,2071,112.5,-5.4,31.95,-21.6,1.0,180.0,1,150.0,45.0,0,0,0,0,0,0,0,0,0.0,0,150.0,0,0,0,0,WIND,wind,0.0,0.0,3
2076_WIND_1,2076,22.5,6.39,6.39,-4.32,1.04,36.0,1,30.0,9.0,0,0,0,0,0,0,0,0,0.0,0,30.0,0,0,0,0,WIND,wind,0.0,0.0,3
2078_WIND_1,2078,84.38,-8.99,23.96,-16.2,1.02,135.0,1,112.5,33.75,0,0,0,0,0,0,0,0,0.0,0,112.5,0,0,0,0,WIND,wind,0.0,0.0,3
2083_CC_1,2083,19.97,7.32,10.18,-2.22,1.02,24.0,1,20.0,6.0,0,0,0,0,0,0,0,0,10.0,0,20.0,0,0,0,0,CC,ng,21.8768082,0.0019032,3
2084_CC_1,2084,0.0,0.0,10.18,-2.22,1.02,24.0,0,20.0,6.0,0,0,0,0,0,0,0,0,10.0,0,20.0,0,0,0,0,CC,ng,21.8768082,0.0019032,3
2085_CC_1,2085,0.0,0.0,20.36,-4.44,1.02,48.0,0,40.0,12.0,0,0,0,0,0,0,0,0,20.0,0,40.0,0,0,0,0,CC,ng,22.0043226,0.0019032,3
2089_WIND_1,2089,50.7,-1.65,14.4,-9.73,1.0,81.12,1,67.6,20.28,0,0,0,0,0,0,0,0,0.0,0,67.6,0,0,0,0,WIND,wind,0.0,0.0,3
2094_WIND_1,2094,0.0,0.0,2.13,-1.44,1.0,12.0,0,10.0,3.0,0,0,0,0,0,0,0,0,0.0,0,10.0,0,0,0,0,WIND,wind,0.0,0.0,3
2095_WIND_1,2095,0.0,0.0,16.93,-11.45,1.0,95.4,0,79.5,23.85,0,0,0,0,0,0,0,0,0.0,0,79.5,0,0,0,0,WIND,wind,0.0,0.0,3
2099_WIND_1,2099,7.5,-1.44,2.13,-1.44,1.02,12.0,1,10.0,3.0,0,0,0,0,0,0,0,0,0.0,0,10.0,0,0,0,0,WIND,wind,0.0,0.0,3
2100_WIND_1,2100,112.5,-21.6,31.95,-21.6,1.02,180.0,1,150.0,45.0,0,0,0,0,0,0,0,0,0.0,0,150.0,0,0,0,0,WIND,wind,0.0,0.0,3
2103_CC_1,2103,0.0,0.0,136.28,-29.72,1.0,321.28,0,267.73,80.32,0,0,0,0,0,0,0,0,120.26,0,267.73,0,0,0,0,CC,ng,36.2889939,0.0029444000000000002,3
2104_CC_1,2104,0.0,0.0,136.28,-29.72,1.0,321.28,0,267.73,80.32,0,0,0,0,0,0,0,0,120.26,0,267.73,0,0,0,0,CC,ng,36.2889939,0.0029444000000000002,3
2105_CC_1,2105,0.0,0.0,136.28,-29.72,1.0,321.28,0,267.73,80.32,0,0,0,0,0,0,0,0,120.26,0,267.73,0,0,0,0,CC,ng,36.2889939,0.0029444000000000002,3
2115_CC_1,2115,184.45,-20.5,94.02,-20.5,1.0,221.66,1,184.72,55.41,0,0,0,0,0,0,0,0,92.36,0,184.72,0,0,0,0,CC,ng,23.852565,0.00198,3
2116_CC_1,2116,184.45,-20.5,94.02,-20.5,1.0,221.66,1,184.72,55.41,0,0,0,0,0,0,0,0,92.36,0,184.72,0,0,0,0,CC,ng,23.852565,0.00198,3
2117_CC_1,2117,184.45,-20.5,94.02,-20.5,1.0,221.66,1,184.72,55.41,0,0,0,0,0,0,0,0,92.36,0,184.72,0,0,0,0,CC,ng,23.852565,0.00198,3
2118_CC_1,2118,184.45,-20.5,94.02,-20.5,1.0,221.66,1,184.72,55.41,0,0,0,0,0,0,0,0,92.36,0,184.72,0,0,0,0,CC,ng,23.852565,0.00198,3
2119_CC_1,2119,184.45,-20.5,94.02,-20.5,1.0,221.66,1,184.72,55.41,0,0,0,0,0,0,0,0,92.36,0,184.72,0,0,0,0,CC,ng,23.852565,0.00198,3
2120_CC_1,2120,184.45,-13.02,94.02,-20.5,1.01,221.66,1,184.72,55.41,0,0,0,0,0,0,0,0,92.36,0,184.72,0,0,0,0,CC,ng,23.852565,0.00198,3
2123_WIND_1,2123,136.28,-26.16,38.7,-26.16,1.0,218.04,1,181.7,54.51,0,0,0,0,0,0,0,0,0.0,0,181.7,0,0,0,0,WIND,wind,0.0,0.0,3
2127_WIND_1,2127,216.45,61.47,61.47,-41.56,1.04,346.32,1,288.6,86.58,0,0,0,0,0,0,0,0,0.0,0,288.6,0,0,0,0,WIND,wind,0.0,0.0,3
3004_WIND_1,3004,28.13,-5.4,7.99,-5.4,1.0,45.0,1,37.5,11.25,0,0,0,0,0,0,0,0,0.0,0,37.5,0,0,0,0,WIND,wind,0.0,0.0,3
3017_WIND_1,3017,127.13,-3.11,36.1,-24.41,1.01,203.4,1,169.5,50.85,0,0,0,0,0,0,0,0,0.0,0,169.5,0,0,0,0,WIND,wind,0.0,0.0,3
3020_WIND_1,3020,112.5,-0.04,31.95,-21.6,1.03,180.0,1,150.0,45.0,0,0,0,0,0,0,0,0,0.0,0,150.0,0,0,0,0,WIND,wind,0.0,0.0,3
3028_WIND_1,3028,150.0,30.9,42.6,-28.8,1.04,240.0,1,200.0,60.0,0,0,0,0,0,0,0,0,0.0,0,200.0,0,0,0,0,WIND,wind,0.0,0.0,3
3034_WIND_1,3034,97.87,16.69,27.8,-18.79,1.03,156.6,1,130.5,39.15,0,0,0,0,0,0,0,0,0.0,0,130.5,0,0,0,0,WIND,wind,0.0,0.0,3
3039_WIND_1,3039,156.75,32.46,44.52,-30.1,1.04,250.8,1,209.0,62.7,0,0,0,0,0,0,0,0,0.0,0,209.0,0,0,0,0,WIND,wind,0.0,0.0,3
3043_CC_1,3043,0.0,0.0,0.66,-0.14,1.04,1.56,0,1.3,0.39,0,0,0,0,0,0,0,0,0.65,0,1.3,0,0,0,0,CC,ng,26.193571199999997,0.0022912,3
3044_CC_1,3044,0.0,0.0,45.5,-9.92,1.04,107.28,0,89.4,26.82,0,0,0,0,0,0,0,0,44.7,0,89.4,0,0,0,0,CC,ng,26.8694752,0.0022912,3
3045_CC_1,3045,0.0,0.0,227.52,-49.62,1.04,536.4,0,447.0,134.1,0,0,0,0,0,0,0,0,140.69,0,447.0,0,0,0,0,CC,ng,29.614332799999996,0.0022912,3
3048_WIND_1,3048,180.75,51.33,51.33,-34.7,1.04,289.2,1,241.0,72.3,0,0,0,0,0,0,0,0,0.0,0,241.0,0,0,0,0,WIND,wind,0.0,0.0,3
3055_WIND_1,3055,183.88,29.03,52.22,-35.3,1.04,294.2,1,245.17,73.55,0,0,0,0,0,0,0,0,0.0,0,245.17,0,0,0,0,WIND,wind,0.0,0.0,3
3056_WIND_1,3056,183.88,20.55,52.22,-35.3,1.04,294.2,1,245.17,73.55,0,0,0,0,0,0,0,0,0.0,0,245.17,0,0,0,0,WIND,wind,0.0,0.0,3
3057_WIND_1,3057,183.88,18.83,52.22,-35.3,1.04,294.2,1,245.17,73.55,0,0,0,0,0,0,0,0,0.0,0,245.17,0,0,0,0,WIND,wind,0.0,0.0,3
3060_WIND_1,3060,124.22,10.79,35.28,-23.85,1.04,198.75,1,165.63,49.69,0,0,0,0,0,0,0,0,0.0,0,165.63,0,0,0,0,WIND,wind,0.0,0.0,3
3061_WIND_1,3061,124.22,10.59,35.28,-23.85,1.04,198.75,1,165.63,49.69,0,0,0,0,0,0,0,0,0.0,0,165.63,0,0,0,0,WIND,wind,0.0,0.0,3
3062_WIND_1,3062,124.22,12.87,35.28,-23.85,1.04,198.75,1,165.63,49.69,0,0,0,0,0,0,0,0,0.0,0,165.63,0,0,0,0,WIND,wind,0.0,0.0,3
3063_WIND_1,3063,124.22,10.23,35.28,-23.85,1.04,198.75,1,165.63,49.69,0,0,0,0,0,0,0,0,0.0,0,165.63,0,0,0,0,WIND,wind,0.0,0.0,3
3065_WIND_1,3065,60.37,-11.59,17.15,-11.59,1.0,96.6,1,80.5,24.15,0,0,0,0,0,0,0,0,0.0,0,80.5,0,0,0,0,WIND,wind,0.0,0.0,3
3068_WIND_1,3068,112.5,22.42,31.95,-21.6,1.04,180.0,1,150.0,45.0,0,0,0,0,0,0,0,0,0.0,0,150.0,0,0,0,0,WIND,wind,0.0,0.0,3
3071_WIND_1,3071,127.65,-24.51,36.25,-24.51,1.0,204.24,1,170.2,51.06,0,0,0,0,0,0,0,0,0.0,0,170.2,0,0,0,0,WIND,wind,0.0,0.0,3
3074_WIND_1,3074,74.85,-7.15,21.26,-14.37,1.0,119.76,1,99.8,29.94,0,0,0,0,0,0,0,0,0.0,0,99.8,0,0,0,0,WIND,wind,0.0,0.0,3
3081_WIND_1,3081,186.75,25.43,53.04,-35.86,1.04,298.8,1,249.0,74.7,0,0,0,0,0,0,0,0,0.0,0,249.0,0,0,0,0,WIND,wind,0.0,0.0,3
3084_WIND_1,3084,174.37,-14.09,49.52,-33.48,1.0,279.0,1,232.5,69.75,0,0,0,0,0,0,0,0,0.0,0,232.5,0,0,0,0,WIND,wind,0.0,0.0,3
3086_WIND_1,3086,56.25,-2.4,15.97,-10.8,1.0,90.0,1,75.0,22.5,0,0,0,0,0,0,0,0,0.0,0,75.0,0,0,0,0,WIND,wind,0.0,0.0,3
3087_WIND_1,3087,0.0,0.0,15.97,-10.8,1.0,90.0,0,75.0,22.5,0,0,0,0,0,0,0,0,0.0,0,75.0,0,0,0,0,WIND,wind,0.0,0.0,3
3092_WIND_1,3092,150.0,18.47,42.6,-28.8,1.04,240.0,1,200.0,60.0,0,0,0,0,0,0,0,0,0.0,0,200.0,0,0,0,0,WIND,wind,0.0,0.0,3
3095_WIND_1,3095,90.45,17.28,25.69,-17.37,1.04,144.72,1,120.6,36.18,0,0,0,0,0,0,0,0,0.0,0,120.6,0,0,0,0,WIND,wind,0.0,0.0,3
3098_WIND_1,3098,120.0,16.96,34.08,-23.04,1.04,192.0,1,160.0,48.0,0,0,0,0,0,0,0,0,0.0,0,160.0,0,0,0,0,WIND,wind,0.0,0.0,3
3105_HYDRO_1,3105,44.5,-0.74,17.07,-0.74,1.0,18.0,1,44.5,0.0,0,0,0,0,0,0,0,0,0.0,0,15.0,0,0,0,0,HYDRO,hydro,0.0,0.0,3
3106_HYDRO_1,3106,53.02,-2.69,62.48,-2.69,1.0,65.88,1,18.5,0.0,0,0,0,0,0,0,0,0,0.0,0,54.9,0,0,0,0,HYDRO,hydro,0.0,0.0,3
3110_WIND_1,3110,63.0,11.52,17.89,-12.1,1.04,100.8,1,84.0,25.2,0,0,0,0,0,0,0,0,0.0,0,84.0,0,0,0,0,WIND,wind,0.0,0.0,3
3112_WIND_1,3112,56.1,-4.0,15.93,-10.77,1.0,89.76,1,74.8,22.44,0,0,0,0,0,0,0,0,0.0,0,74.8,0,0,0,0,WIND,wind,0.0,0.0,3
3113_WIND_1,3113,56.1,-3.31,15.93,-10.77,1.0,89.76,1,74.8,22.44,0,0,0,0,0,0,0,0,0.0,0,74.8,0,0,0,0,WIND,wind,0.0,0.0,3
3117_WIND_1,3117,47.25,-5.59,13.42,-9.07,1.0,75.6,1,63.0,18.9,0,0,0,0,0,0,0,0,0.0,0,63.0,0,0,0,0,WIND,wind,0.0,0.0,3
3118_WIND_1,3118,90.0,-9.26,25.56,-17.28,1.0,144.0,1,120.0,36.0,0,0,0,0,0,0,0,0,0.0,0,120.0,0,0,0,0,WIND,wind,0.0,0.0,3
3120_PV_1,3120,29.7,0.0,0.0,0.0,1.0,47.52,1,39.6,11.88,0,0,0,0,0,0,0,0,0.0,0,39.6,0,0,0,0,PV,solar,0.0,0.0,3
3122_WIND_1,3122,147.75,-14.42,41.96,-28.37,1.0,236.4,1,197.0,59.1,0,0,0,0,0,0,0,0,0.0,0,197.0,0,0,0,0,WIND,wind,0.0,0.0,3
3127_WIND_1,3127,101.25,-19.44,28.76,-19.44,1.0,162.0,1,135.0,40.5,0,0,0,0,0,0,0,0,0.0,0,135.0,0,0,0,0,WIND,wind,0.0,0.0,3
3129_WIND_1,3129,94.88,-18.22,26.94,-18.22,1.0,151.8,1,126.5,37.95,0,0,0,0,0,0,0,0,0.0,0,126.5,0,0,0,0,WIND,wind,0.0,0.0,3
3131_WIND_1,3131,85.5,6.75,24.28,-16.42,1.02,136.8,1,114.0,34.2,0,0,0,0,0,0,0,0,0.0,0,114.0,0,0,0,0,WIND,wind,0.0,0.0,3
3133_CC_1,3133,0.0,0.0,26.11,-5.69,1.04,61.56,0,51.3,15.39,0,0,0,0,0,0,0,0,25.65,0,51.3,0,0,0,0,CC,ng,26.5773472,0.0022912,3
3133_CC_2,3133,0.0,0.0,26.11,-5.69,1.04,61.56,0,51.3,15.39,0,0,0,0,0,0,0,0,25.65,0,51.3,0,0,0,0,CC,ng,26.5773472,0.0022912,3
3133_CC_3,3133,0.0,0.0,26.11,-5.69,1.04,61.56,0,51.3,15.39,0,0,0,0,0,0,0,0,25.65,0,51.3,0,0,0,0,CC,ng,26.5773472,0.0022912,3
3137_WIND_1,3137,75.9,21.56,21.56,-14.57,1.03,121.44,1,101.2,30.36,0,0,0,0,0,0,0,0,0.0,0,101.2,0,0,0,0,WIND,wind,0.0,0.0,3
3141_WIND_1,3141,68.62,-13.18,19.49,-13.18,1.0,109.8,1,91.5,27.45,0,0,0,0,0,0,0,0,0.0,0,91.5,0,0,0,0,WIND,wind,0.0,0.0,3
4010_WIND_1,4010,151.2,9.12,42.94,-29.03,1.03,241.92,1,201.6,60.48,0,0,0,0,0,0,0,0,0.0,0,201.6,0,0,0,0,WIND,wind,0.0,0.0,3
4026_STEAM_1,4026,409.4,42.35,191.06,-50.02,1.03,492.0,1,410.0,123.0,0,0,0,0,0,0,0,0,146.06,0,410.0,0,0,0,0,STEAM,coal,20.266723199999998,0.0020224,3
4030_STEAM_1,4030,465.83,-41.42,290.04,-75.93,1.01,746.88,1,622.4,186.72,0,0,0,0,0,0,0,0,194.19,0,622.4,0,0,0,0,STEAM,coal,20.266723199999998,0.0020224,3
4045_HYDRO_1,4045,93.4,5.86,35.86,-1.54,1.02,37.8,1,36.0,0.0,0,0,0,0,0,0,0,0,0.0,0,31.5,0,0,0,0,HYDRO,hydro,0.0,0.0,3
4046_HYDRO_1,4046,28.5,0.91,10.94,-0.47,1.02,11.52,1,9.6,0.0,0,0,0,0,0,0,0,0,0.0,0,9.6,0,0,0,0,HYDRO,hydro,0.0,0.0,3
4047_CC_1,4047,27.48,0.6,75.1,-3.23,1.02,79.2,1,195.7,0.0,0,0,0,0,0,0,0,0,97.85,0,66.0,0,0,0,0,CC,ng,23.838534000000003,0.0010899840000000002,3
4050_WIND_1,4050,150.0,-28.8,42.6,-28.8,1.0,240.0,1,200.0,60.0,0,0,0,0,0,0,0,0,0.0,0,200.0,0,0,0,0,WIND,wind,0.0,0.0,3
4052_CC_1,4052,44.13,22.5,22.5,-4.91,1.04,53.04,1,44.2,13.26,0,0,0,0,0,0,0,0,22.1,0,44.2,0,0,0,0,CC,ng,22.827872,0.001972,3
4058_CC_1,4058,100.82,14.7,73.3,-15.98,1.03,172.8,1,144.0,43.2,0,0,0,0,0,0,0,0,72.0,0,144.0,0,0,0,0,CC,ng,23.487012999999997,0.001972,3
4059_CC_1,4059,85.3,15.12,73.3,-15.98,1.03,172.8,1,144.0,43.2,0,0,0,0,0,0,0,0,72.0,0,144.0,0,0,0,0,CC,ng,23.487012999999997,0.001972,3
4060_CC_1,4060,125.62,12.99,73.3,-15.98,1.03,172.8,1,144.0,43.2,0,0,0,0,0,0,0,0,72.0,0,144.0,0,0,0,0,CC,ng,23.487012999999997,0.001972,3
4061_CC_1,4061,150.33,16.74,87.72,-19.13,1.03,206.8,1,172.33,51.7,0,0,0,0,0,0,0,0,86.17,0,172.33,0,0,0,0,CC,ng,23.674353,0.001972,3
4062_CC_1,4062,172.08,14.76,87.72,-19.13,1.03,206.8,1,172.33,51.7,0,0,0,0,0,0,0,0,86.17,0,172.33,0,0,0,0,CC,ng,23.674353,0.001972,3
4063_CC_1,4063,126.2,16.97,87.72,-19.13,1.03,206.8,1,172.33,51.7,0,0,0,0,0,0,0,0,86.17,0,172.33,0,0,0,0,CC,ng,23.674353,0.001972,3
4065_CC_1,4065,46.93,9.84,23.92,-5.22,1.02,56.4,1,47.0,14.1,0,0,0,0,0,0,0,0,23.5,0,47.0,0,0,0,0,CC,ng,22.846113,0.001972,3
4075_CC_1,4075,0.0,0.0,89.75,-19.57,1.03,211.6,0,176.33,52.9,0,0,0,0,0,0,0,0,88.17,0,176.33,0,0,0,0,CC,ng,39.68508700000001,0.0033020000000000007,3
4076_CC_1,4076,176.07,22.29,89.75,-19.57,1.03,211.6,1,176.33,52.9,0,0,0,0,0,0,0,0,88.17,0,176.33,0,0,0,0,CC,ng,39.68508700000001,0.0033020000000000007,3
4077_CC_1,4077,98.55,16.9,89.75,-19.57,1.03,211.6,1,176.33,52.9,0,0,0,0,0,0,0,0,88.17,0,176.33,0,0,0,0,CC,ng,39.68508700000001,0.0033020000000000007,3
4082_CC_1,4082,243.04,26.69,123.89,-27.02,1.04,292.08,1,243.4,73.02,0,0,0,0,0,0,0,0,113.78,0,243.4,0,0,0,0,CC,ng,24.143689000000002,0.001972,3
4083_CC_1,4083,243.04,27.21,123.89,-27.02,1.04,292.08,1,243.4,73.02,0,0,0,0,0,0,0,0,113.78,0,243.4,0,0,0,0,CC,ng,24.143689000000002,0.001972,3
4084_CC_1,4084,243.04,40.3,123.89,-27.02,1.04,292.08,1,243.4,73.02,0,0,0,0,0,0,0,0,113.78,0,243.4,0,0,0,0,CC,ng,24.143689000000002,0.001972,3
4085_CC_1,4085,171.03,41.93,179.17,-39.07,1.04,422.4,1,352.0,105.6,0,0,0,0,0,0,0,0,135.87,0,352.0,0,0,0,0,CC,ng,24.861003999999998,0.001972,3
4090_STEAM_1,4090,0.0,0.0,0.65,-0.17,1.01,1.68,0,1.4,0.42,0,0,0,0,0,0,0,0,0.56,0,1.4,0,0,0,0,STEAM,coal,20.266723199999998,0.0020224,3
4091_STEAM_1,4091,23.47,-1.01,10.95,-2.87,1.01,28.2,1,23.5,7.05,0,0,0,0,0,0,0,0,9.4,0,23.5,0,0,0,0,STEAM,coal,20.266723199999998,0.0020224,3
4092_STEAM_1,4092,0.0,0.0,3.54,-0.93,1.01,9.12,0,7.6,2.28,0,0,0,0,0,0,0,0,3.04,0,7.6,0,0,0,0,STEAM,coal,20.266723199999998,0.0020224,3
4093_STEAM_1,4093,27.96,-1.55,13.05,-3.42,1.01,33.6,1,28.0,8.4,0,0,0,0,0,0,0,0,11.2,0,28.0,0,0,0,0,STEAM,coal,20.266723199999998,0.0020224,3
4094_STEAM_1,4094,27.96,-2.66,13.05,-3.42,1.01,33.6,1,28.0,8.4,0,0,0,0,0,0,0,0,11.2,0,28.0,0,0,0,0,STEAM,coal,20.266723199999998,0.0020224,3
4095_STEAM_1,4095,27.96,-1.57,13.05,-3.42,1.01,33.6,1,28.0,8.4,0,0,0,0,0,0,0,0,11.2,0,28.0,0,0,0,0,STEAM,coal,20.266723199999998,0.0020224,3
4096_STEAM_1,4096,0.0,0.0,13.05,-3.42,1.01,33.6,0,28.0,8.4,0,0,0,0,0,0,0,0,11.2,0,28.0,0,0,0,0,STEAM,coal,20.266723199999998,0.0020224,3
4097_STEAM_1,4097,27.96,-1.41,13.05,-3.42,1.01,33.6,1,28.0,8.4,0,0,0,0,0,0,0,0,11.2,0,28.0,0,0,0,0,STEAM,coal,20.266723199999998,0.0020224,3
4098_STEAM_1,4098,0.0,0.0,13.05,-3.42,1.01,33.6,0,28.0,8.4,0,0,0,0,0,0,0,0,11.2,0,28.0,0,0,0,0,STEAM,coal,20.266723199999998,0.0020224,3
4105_WIND_1,4105,135.0,13.1,38.34,-25.92,1.01,216.0,1,180.0,54.0,0,0,0,0,0,0,0,0,0.0,0,180.0,0,0,0,0,WIND,wind,0.0,0.0,3
4115_CC_1,4115,131.61,25.73,67.09,-14.63,1.04,158.16,1,131.8,39.54,0,0,0,0,0,0,0,0,65.9,0,131.8,0,0,0,0,CC,ng,39.1922635,0.0033020000000000007,3
4116_CC_1,4116,124.88,23.21,67.09,-14.63,1.04,158.16,1,131.8,39.54,0,0,0,0,0,0,0,0,65.9,0,131.8,0,0,0,0,CC,ng,39.1922635,0.0033020000000000007,3
4133_CC_1,4133,0.0,0.0,17.1,-3.73,1.0,40.32,0,33.6,10.08,0,0,0,0,0,0,0,0,16.8,0,33.6,0,0,0,0,CC,ng,38.106731,0.0033020000000000007,3
4134_CC_1,4134,10.49,-3.73,17.1,-3.73,1.0,40.32,1,33.6,10.08,0,0,0,0,0,0,0,0,16.8,0,33.6,0,0,0,0,CC,ng,38.106731,0.0033020000000000007,3
4135_CC_1,4135,10.49,-3.73,17.1,-3.73,1.0,40.32,1,33.6,10.08,0,0,0,0,0,0,0,0,16.8,0,33.6,0,0,0,0,CC,ng,38.106731,0.0033020000000000007,3
4136_CC_1,4136,10.49,-3.73,17.1,-3.73,1.0,40.32,1,33.6,10.08,0,0,0,0,0,0,0,0,16.8,0,33.6,0,0,0,0,CC,ng,38.106731,0.0033020000000000007,3
4137_CC_1,4137,0.0,0.0,34.2,-7.46,1.0,80.64,0,67.2,20.16,0,0,0,0,0,0,0,0,33.6,0,67.2,0,0,0,0,CC,ng,38.47820600000001,0.0033020000000000007,3
4138_CC_1,4138,0.0,0.0,33.59,-7.33,1.0,79.2,0,66.0,19.8,0,0,0,0,0,0,0,0,33.0,0,66.0,0,0,0,0,CC,ng,38.46499800000001,0.0033020000000000007,3
4142_WIND_1,4142,141.0,26.2,40.04,-27.07,1.04,225.6,1,188.0,56.4,0,0,0,0,0,0,0,0,0.0,0,188.0,0,0,0,0,WIND,wind,0.0,0.0,3
4153_WIND_1,4153,212.4,60.32,60.32,-40.78,1.04,339.84,1,283.2,84.96,0,0,0,0,0,0,0,0,0.0,0,283.2,0,0,0,0,WIND,wind,0.0,0.0,3
4160_CC_1,4160,197.48,55.67,100.66,-21.95,1.03,237.32,1,197.77,59.33,0,0,0,0,0,0,0,0,98.89,0,197.77,0,0,0,0,CC,ng,23.841973,0.001972,3
4161_CC_1,4161,89.46,23.49,100.66,-21.95,1.03,237.32,1,197.77,59.33,0,0,0,0,0,0,0,0,98.89,0,197.77,0,0,0,0,CC,ng,23.841973,0.001972,3
4162_CC_1,4162,114.14,22.39,100.66,-21.95,1.03,237.32,1,197.77,59.33,0,0,0,0,0,0,0,0,98.89,0,197.77,0,0,0,0,CC,ng,23.841973,0.001972,3
4163_CC_1,4163,0.0,0.0,4.58,-1.0,1.03,10.8,0,9.0,2.7,0,0,0,0,0,0,0,0,4.5,0,9.0,0,0,0,0,CC,ng,22.595176,0.001972,3
4166_WIND_1,4166,150.75,-28.94,42.81,-28.94,1.0,241.2,1,201.0,60.3,0,0,0,0,0,0,0,0,0.0,0,201.0,0,0,0,0,WIND,wind,0.0,0.0,3
4177_WIND_1,4177,112.5,-0.15,31.95,-21.6,1.04,180.0,1,150.0,45.0,0,0,0,0,0,0,0,0,0.0,0,150.0,0,0,0,0,WIND,wind,0.0,0.0,3
4181_WIND_1,4181,150.07,42.62,42.62,-28.81,1.04,240.12,1,200.1,60.03,0,0,0,0,0,0,0,0,0.0,0,200.1,0,0,0,0,WIND,wind,0.0,0.0,3
4183_WIND_1,4183,152.25,43.24,43.24,-29.23,1.03,243.6,1,203.0,60.9,0,0,0,0,0,0,0,0,0.0,0,203.0,0,0,0,0,WIND,wind,0.0,0.0,3
4192_CC_1,4192,74.89,12.56,38.17,-8.33,1.02,90.0,1,75.0,22.5,0,0,0,0,0,0,0,0,37.5,0,75.0,0,0,0,0,CC,ng,23.030987999999997,0.001972,3
4192_CC_2,4192,183.5,12.56,93.54,-20.4,1.02,220.52,1,183.77,55.13,0,0,0,0,0,0,0,0,91.89,0,183.77,0,0,0,0,CC,ng,23.749782,0.001972,3
4192_CC_3,4192,0.0,0.0,12.22,-2.66,1.02,28.8,0,24.0,7.2,0,0,0,0,0,0,0,0,12.0,0,24.0,0,0,0,0,CC,ng,22.694269,0.001972,3
4192_CC_4,4192,60.91,12.56,31.05,-6.77,1.02,73.2,1,61.0,18.3,0,0,0,0,0,0,0,0,30.5,0,61.0,0,0,0,0,CC,ng,22.938796999999997,0.001972,3
4192_CC_5,4192,10.38,5.29,5.29,-1.15,1.02,12.48,1,10.4,3.12,0,0,0,0,0,0,0,0,5.2,0,10.4,0,0,0,0,CC,ng,22.604542999999996,0.001972,3
4192_CC_6,4192,138.74,12.56,135.9,-29.64,1.02,320.4,1,267.0,80.1,0,0,0,0,0,0,0,0,120.08,0,267.0,0,0,0,0,CC,ng,24.299476999999996,0.001972,3
4192_CC_7,4192,158.16,12.56,135.9,-29.64,1.02,320.4,1,267.0,80.1,0,0,0,0,0,0,0,0,120.08,0,267.0,0,0,0,0,CC,ng,24.299476999999996,0.001972,3
4192_CC_8,4192,158.16,12.56,135.9,-29.64,1.02,320.4,1,267.0,80.1,0,0,0,0,0,0,0,0,120.08,0,267.0,0,0,0,0,CC,ng,24.299476999999996,0.001972,3
4192_CC_9,4192,183.5,12.56,93.54,-20.4,1.02,220.52,1,183.77,55.13,0,0,0,0,0,0,0,0,91.89,0,183.77,0,0,0,0,CC,ng,23.749782,0.001972,3
4192_CC_10,4192,183.5,12.56,93.54,-20.4,1.02,220.52,1,183.77,55.13,0,0,0,0,0,0,0,0,91.89,0,183.77,0,0,0,0,CC,ng,23.749782,0.001972,3
4194_WIND_1,4194,151.2,42.94,42.94,-29.03,1.02,241.92,1,201.6,60.48,0,0,0,0,0,0,0,0,0.0,0,201.6,0,0,0,0,WIND,wind,0.0,0.0,3
4195_WIND_1,4195,69.0,-13.25,19.6,-13.25,1.0,110.4,1,92.0,27.6,0,0,0,0,0,0,0,0,0.0,0,92.0,0,0,0,0,WIND,wind,0.0,0.0,3
5020_WIND_1,5020,90.0,-17.28,25.56,-17.28,1.0,144.0,1,120.0,36.0,0,0,0,0,0,0,0,0,0.0,0,120.0,0,0,0,0,WIND,wind,0.0,0.0,3
5023_CC_1,5023,0.0,0.0,2.44,-0.53,1.04,5.76,0,4.8,1.44,0,0,0,0,0,0,0,0,2.4,0,4.8,0,0,0,0,CC,ng,21.780220800000002,0.0019032,3
5035_CC_1,5035,0.0,0.0,2.14,-0.47,1.02,5.04,0,4.2,1.26,0,0,0,0,0,0,0,0,2.1,0,4.2,0,0,0,0,CC,ng,20.710020000000004,0.0018100000000000002,3
5036_CC_1,5036,0.0,0.0,3.26,-0.71,1.02,7.68,0,6.4,1.92,0,0,0,0,0,0,0,0,3.2,0,6.4,0,0,0,0,CC,ng,20.7231425,0.0018100000000000002,3
5037_CC_1,5037,96.35,16.88,157.01,-34.24,1.02,370.16,1,308.47,92.54,0,0,0,0,0,0,0,0,129.14,0,308.47,0,0,0,0,CC,ng,22.5548625,0.0018100000000000002,3
5038_CC_1,5038,96.35,16.55,157.01,-34.24,1.02,370.16,1,308.47,92.54,0,0,0,0,0,0,0,0,129.14,0,308.47,0,0,0,0,CC,ng,22.5548625,0.0018100000000000002,3
5039_CC_1,5039,96.35,37.47,157.01,-34.24,1.02,370.16,1,308.47,92.54,0,0,0,0,0,0,0,0,129.14,0,308.47,0,0,0,0,CC,ng,22.5548625,0.0018100000000000002,3
5040_CC_1,5040,96.35,11.89,157.01,-34.24,1.02,370.16,1,308.47,92.54,0,0,0,0,0,0,0,0,129.14,0,308.47,0,0,0,0,CC,ng,22.5548625,0.0018100000000000002,3
5041_CC_1,5041,96.35,17.4,157.01,-34.24,1.02,370.16,1,308.47,92.54,0,0,0,0,0,0,0,0,129.14,0,308.47,0,0,0,0,CC,ng,22.5548625,0.0018100000000000002,3
5042_CC_1,5042,96.35,15.52,157.01,-34.24,1.02,370.16,1,308.47,92.54,0,0,0,0,0,0,0,0,129.14,0,308.47,0,0,0,0,CC,ng,22.5548625,0.0018100000000000002,3
5051_CC_1,5051,84.58,35.75,43.11,-9.4,1.02,101.64,1,84.7,25.41,0,0,0,0,0,0,0,0,42.35,0,84.7,0,0,0,0,CC,ng,23.188769999999998,0.00198,3
5057_CC_1,5057,0.0,0.0,161.53,-35.23,1.0,380.82,0,317.35,95.2,0,0,0,0,0,0,0,0,130.74,0,317.35,0,0,0,0,CC,ng,23.79,0.0019032,3
5058_CC_1,5058,253.85,-35.23,161.53,-35.23,1.0,380.82,1,317.35,95.2,0,0,0,0,0,0,0,0,130.74,0,317.35,0,0,0,0,CC,ng,23.7728712,0.0019032,3
5065_CC_1,5065,10.58,5.4,5.4,-1.18,1.03,12.72,1,10.6,3.18,0,0,0,0,0,0,0,0,5.3,0,10.6,0,0,0,0,CC,ng,21.8168574,0.0019032,3
5066_CC_1,5066,0.0,0.0,0.92,-0.2,1.03,2.16,0,1.8,0.54,0,0,0,0,0,0,0,0,0.9,0,1.8,0,0,0,0,CC,ng,21.7611888,0.0019032,3
5067_CC_1,5067,437.62,106.81,223.08,-48.65,1.03,525.92,1,438.27,131.48,0,0,0,0,0,0,0,0,140.82,0,438.27,0,0,0,0,CC,ng,24.5436672,0.0019032,3
5068_CC_1,5068,437.62,100.32,223.08,-48.65,1.03,525.92,1,438.27,131.48,0,0,0,0,0,0,0,0,140.82,0,438.27,0,0,0,0,CC,ng,24.5436672,0.0019032,3
5069_CC_1,5069,437.62,94.11,223.08,-48.65,1.03,525.92,1,438.27,131.48,0,0,0,0,0,0,0,0,140.82,0,438.27,0,0,0,0,CC,ng,24.5436672,0.0019032,3
5089_CC_1,5089,0.0,0.0,47.57,-2.05,1.01,50.16,0,123.9,0.0,0,0,0,0,0,0,0,0,61.95,0,41.8,0,0,0,0,CC,ng,22.553910000000002,0.0010899840000000002,3
5106_STEAM_1,5106,0.0,0.0,5.03,-1.32,1.04,12.96,0,10.8,3.24,0,0,0,0,0,0,0,0,4.32,0,10.8,0,0,0,0,STEAM,coal,21.204700499999998,0.0021160000000000003,3
5107_STEAM_1,5107,0.0,0.0,2.66,-0.7,1.04,6.84,0,5.7,1.71,0,0,0,0,0,0,0,0,2.28,0,5.7,0,0,0,0,STEAM,coal,21.204700499999998,0.0021160000000000003,3
5166_CC_1,5166,126.31,64.39,64.39,-14.04,1.04,151.8,1,126.5,37.95,0,0,0,0,0,0,0,0,63.25,0,126.5,0,0,0,0,CC,ng,22.5557748,0.0019032,3
5167_CC_1,5167,1.6,0.81,0.81,-0.18,1.04,1.92,1,1.6,0.48,0,0,0,0,0,0,0,0,0.8,0,1.6,0,0,0,0,CC,ng,21.7597614,0.0019032,3
5170_WIND_1,5170,45.0,-8.64,12.78,-8.64,1.0,72.0,1,60.0,18.0,0,0,0,0,0,0,0,0,0.0,0,60.0,0,0,0,0,WIND,wind,0.0,0.0,3
5198_WIND_1,5198,112.5,-21.6,31.95,-21.6,1.0,180.0,1,150.0,45.0,0,0,0,0,0,0,0,0,0.0,0,150.0,0,0,0,0,WIND,wind,0.0,0.0,3
5206_CC_1,5206,209.21,9.89,126.57,-27.6,1.01,298.4,1,248.67,74.6,0,0,0,0,0,0,0,0,115.26,0,248.67,0,0,0,0,CC,ng,23.3346594,0.0019032,3
5207_CC_1,5207,182.11,15.95,126.57,-27.6,1.01,298.4,1,248.67,74.6,0,0,0,0,0,0,0,0,115.26,0,248.67,0,0,0,0,CC,ng,23.3346594,0.0019032,3
5208_CC_1,5208,182.11,13.07,126.57,-27.6,1.01,298.4,1,248.67,74.6,0,0,0,0,0,0,0,0,115.26,0,248.67,0,0,0,0,CC,ng,23.3346594,0.0019032,3
5238_WIND_1,5238,168.75,-32.4,47.93,-32.4,1.0,270.0,1,225.0,67.5,0,0,0,0,0,0,0,0,0.0,0,225.0,0,0,0,0,WIND,wind,0.0,0.0,3
5243_WIND_1,5243,112.5,-21.6,31.95,-21.6,1.0,180.0,1,150.0,45.0,0,0,0,0,0,0,0,0,0.0,0,150.0,0,0,0,0,WIND,wind,0.0,0.0,3
5262_NUCLEAR_1,5262,1213.21,-13.0,447.12,-99.63,1.01,1458.0,1,1215.0,364.5,0,0,0,0,0,0,0,0,0.0,0,1215.0,0,0,0,0,NUCLEAR,nuclear,6.9751,0.0002,3
5263_NUCLEAR_1,5263,1034.26,-45.3,447.12,-99.63,1.01,1458.0,1,1215.0,364.5,0,0,0,0,0,0,0,0,0.0,0,1215.0,0,0,0,0,NUCLEAR,nuclear,8.11,0.0002,3
5281_CC_1,5281,267.34,-29.72,136.28,-29.72,1.0,321.28,1,267.73,80.32,0,0,0,0,0,0,0,0,120.26,0,267.73,0,0,0,0,CC,ng,26.739777599999996,0.0021696,3
5282_CC_1,5282,267.34,-29.72,136.28,-29.72,1.0,321.28,1,267.73,80.32,0,0,0,0,0,0,0,0,120.26,0,267.73,0,0,0,0,CC,ng,26.739777599999996,0.0021696,3
5283_CC_1,5283,0.0,0.0,136.28,-29.72,1.0,321.28,0,267.73,80.32,0,0,0,0,0,0,0,0,120.26,0,267.73,0,0,0,0,CC,ng,26.739777599999996,0.0021696,3
5297_CC_1,5297,0.0,0.0,1.63,-0.36,1.04,3.84,0,3.2,0.96,0,0,0,0,0,0,0,0,1.6,0,3.2,0,0,0,0,CC,ng,22.64823,0.00198,3
5298_CC_1,5298,114.83,58.53,58.53,-12.76,1.04,138.0,1,115.0,34.5,0,0,0,0,0,0,0,0,57.5,0,115.0,0,0,0,0,CC,ng,23.38974,0.00198,3
5299_CC_1,5299,114.83,58.53,58.53,-12.76,1.04,138.0,1,115.0,34.5,0,0,0,0,0,0,0,0,57.5,0,115.0,0,0,0,0,CC,ng,23.38974,0.00198,3
5300_CC_1,5300,114.83,58.53,58.53,-12.76,1.04,138.0,1,115.0,34.5,0,0,0,0,0,0,0,0,57.5,0,115.0,0,0,0,0,CC,ng,23.38974,0.00198,3
5301_CC_1,5301,82.58,42.09,42.09,-9.18,1.04,99.24,1,82.7,24.81,0,0,0,0,0,0,0,0,41.35,0,82.7,0,0,0,0,CC,ng,23.1759,0.00198,3
5302_CC_1,5302,463.07,116.59,236.05,-51.48,1.04,556.5,1,463.75,139.13,0,0,0,0,0,0,0,0,140.14,0,463.75,0,0,0,0,CC,ng,25.708067500000002,0.0019804,3
5303_CC_1,5303,463.07,150.38,236.05,-51.48,1.04,556.5,1,463.75,139.13,0,0,0,0,0,0,0,0,140.14,0,463.75,0,0,0,0,CC,ng,25.708067500000002,0.0019804,3
5319_CC_1,5319,82.08,-18.34,133.77,-29.17,1.01,315.36,1,262.8,78.84,0,0,0,0,0,0,0,0,119.02,0,262.8,0,0,0,0,CC,ng,26.7039792,0.0021696,3
5320_CC_1,5320,0.0,0.0,133.77,-29.17,1.01,315.36,0,262.8,78.84,0,0,0,0,0,0,0,0,119.02,0,262.8,0,0,0,0,CC,ng,26.7039792,0.0021696,3
5321_CC_1,5321,82.08,-19.32,133.77,-29.17,1.01,315.36,1,262.8,78.84,0,0,0,0,0,0,0,0,119.02,0,262.8,0,0,0,0,CC,ng,26.7039792,0.0021696,3
5324_CC_1,5324,283.65,98.39,144.59,-31.53,1.04,340.88,1,284.07,85.22,0,0,0,0,0,0,0,0,124.12,0,284.07,0,0,0,0,CC,ng,22.406895000000002,0.0018100000000000002,3
5325_CC_1,5325,283.65,100.45,144.59,-31.53,1.04,340.88,1,284.07,85.22,0,0,0,0,0,0,0,0,124.12,0,284.07,0,0,0,0,CC,ng,22.406895000000002,0.0018100000000000002,3
5326_CC_1,5326,283.65,144.59,144.59,-31.53,1.04,340.88,1,284.07,85.22,0,0,0,0,0,0,0,0,124.12,0,284.07,0,0,0,0,CC,ng,22.406895000000002,0.0018100000000000002,3
5342_HYDRO_1,5342,8.4,3.2,3.2,-0.14,1.04,3.36,1,3.6,0.0,0,0,0,0,0,0,0,0,0.0,0,2.8,0,0,0,0,HYDRO,hydro,0.0,0.0,3
5343_CC_1,5343,207.5,44.35,79.67,-3.43,1.04,84.0,1,207.5,0.0,0,0,0,0,0,0,0,0,102.58,0,70.0,0,0,0,0,CC,ng,21.950526000000004,0.0010899840000000002,3
5360_STEAM_1,5360,1006.51,-64.49,469.73,-122.98,1.01,1209.6,1,1008.0,302.4,0,0,0,0,0,0,0,0,233.52,0,1008.0,0,0,0,0,STEAM,coal,22.030441200000002,0.0021984,3
5363_CC_1,5363,10.38,-1.15,5.29,-1.15,1.0,12.48,1,10.4,3.12,0,0,0,0,0,0,0,0,5.2,0,10.4,0,0,0,0,CC,ng,21.8159058,0.0019032,3
5364_CC_1,5364,213.02,-23.68,108.59,-23.68,1.0,256.0,1,213.33,64.0,0,0,0,0,0,0,0,0,104.53,0,213.33,0,0,0,0,CC,ng,23.109606,0.0019032,3
5365_CC_1,5365,213.02,-23.68,108.59,-23.68,1.0,256.0,1,213.33,64.0,0,0,0,0,0,0,0,0,104.53,0,213.33,0,0,0,0,CC,ng,23.109606,0.0019032,3
5366_CC_1,5366,213.02,-23.68,108.59,-23.68,1.0,256.0,1,213.33,64.0,0,0,0,0,0,0,0,0,104.53,0,213.33,0,0,0,0,CC,ng,23.109606,0.0019032,3
5367_CC_1,5367,213.02,-23.68,108.59,-23.68,1.0,256.0,1,213.33,64.0,0,0,0,0,0,0,0,0,104.53,0,213.33,0,0,0,0,CC,ng,23.109606,0.0019032,3
5368_CC_1,5368,213.02,-23.68,108.59,-23.68,1.0,256.0,1,213.33,64.0,0,0,0,0,0,0,0,0,104.53,0,213.33,0,0,0,0,CC,ng,23.109606,0.0019032,3
5369_CC_1,5369,213.02,-23.68,108.59,-23.68,1.0,256.0,1,213.33,64.0,0,0,0,0,0,0,0,0,104.53,0,213.33,0,0,0,0,CC,ng,23.109606,0.0019032,3
5382_CC_1,5382,65.28,106.38,106.38,-23.2,1.04,250.8,1,209.0,62.7,0,0,0,0,0,0,0,0,103.09,0,209.0,0,0,0,0,CC,ng,21.951680000000003,0.0018100000000000002,3
5383_CC_1,5383,65.28,106.38,106.38,-23.2,1.04,250.8,1,209.0,62.7,0,0,0,0,0,0,0,0,103.09,0,209.0,0,0,0,0,CC,ng,21.951680000000003,0.0018100000000000002,3
5399_WIND_1,5399,124.2,35.27,35.27,-23.85,1.04,198.72,1,165.6,49.68,0,0,0,0,0,0,0,0,0.0,0,165.6,0,0,0,0,WIND,wind,0.0,0.0,3
5403_CC_1,5403,89.27,45.5,45.5,-9.92,1.03,107.28,1,89.4,26.82,0,0,0,0,0,0,0,0,44.7,0,89.4,0,0,0,0,CC,ng,22.3193022,0.0019032,3
5404_CC_1,5404,77.99,45.5,45.5,-9.92,1.03,107.28,1,89.4,26.82,0,0,0,0,0,0,0,0,44.7,0,89.4,0,0,0,0,CC,ng,22.3193022,0.0019032,3
5405_CC_1,5405,85.53,45.5,45.5,-9.92,1.03,107.28,1,89.4,26.82,0,0,0,0,0,0,0,0,44.7,0,89.4,0,0,0,0,CC,ng,22.3193022,0.0019032,3
5406_CC_1,5406,89.27,45.5,45.5,-9.92,1.03,107.28,1,89.4,26.82,0,0,0,0,0,0,0,0,44.7,0,89.4,0,0,0,0,CC,ng,22.3193022,0.0019032,3
5415_CC_1,5415,121.82,-13.54,62.1,-13.54,1.0,146.4,1,122.0,36.6,0,0,0,0,0,0,0,0,61.0,0,122.0,0,0,0,0,CC,ng,22.5272268,0.0019032,3
5416_CC_1,5416,121.82,-13.54,62.1,-13.54,1.0,146.4,1,122.0,36.6,0,0,0,0,0,0,0,0,61.0,0,122.0,0,0,0,0,CC,ng,22.5272268,0.0019032,3
5417_CC_1,5417,121.82,-13.54,62.1,-13.54,1.0,146.4,1,122.0,36.6,0,0,0,0,0,0,0,0,61.0,0,122.0,0,0,0,0,CC,ng,22.5272268,0.0019032,3
5418_CC_1,5418,118.62,-13.19,60.47,-13.19,1.0,142.56,1,118.8,35.64,0,0,0,0,0,0,0,0,59.4,0,118.8,0,0,0,0,CC,ng,22.506767399999998,0.0019032,3
5419_CC_1,5419,118.62,-13.19,60.47,-13.19,1.0,142.56,1,118.8,35.64,0,0,0,0,0,0,0,0,59.4,0,118.8,0,0,0,0,CC,ng,22.506767399999998,0.0019032,3
5423_CC_1,5423,12.38,-1.38,6.31,-1.38,1.0,14.88,1,12.4,3.72,0,0,0,0,0,0,0,0,6.2,0,12.4,0,0,0,0,CC,ng,21.8287524,0.0019032,3
5424_CC_1,5424,0.0,0.0,1.63,-0.36,1.0,3.84,0,3.2,0.96,0,0,0,0,0,0,0,0,1.6,0,3.2,0,0,0,0,CC,ng,21.7697532,0.0019032,3
5444_CC_1,5444,0.0,0.0,147.1,-32.08,1.01,346.8,0,289.0,86.7,0,0,0,0,0,0,0,0,125.21,0,289.0,0,0,0,0,CC,ng,26.8943616,0.0021696,3
5444_CC_2,5444,0.0,0.0,147.1,-32.08,1.01,346.8,0,289.0,86.7,0,0,0,0,0,0,0,0,125.21,0,289.0,0,0,0,0,CC,ng,26.8943616,0.0021696,3
5444_CC_3,5444,0.0,0.0,147.1,-32.08,1.01,346.8,0,289.0,86.7,0,0,0,0,0,0,0,0,125.21,0,289.0,0,0,0,0,CC,ng,26.8943616,0.0021696,3
5444_CC_4,5444,288.57,-32.08,147.1,-32.08,1.01,346.8,1,289.0,86.7,0,0,0,0,0,0,0,0,125.21,0,289.0,0,0,0,0,CC,ng,26.8943616,0.0021696,3
5444_CC_5,5444,288.57,-32.08,147.1,-32.08,1.01,346.8,1,289.0,86.7,0,0,0,0,0,0,0,0,125.21,0,289.0,0,0,0,0,CC,ng,26.8943616,0.0021696,3
5444_CC_6,5444,0.0,0.0,147.1,-32.08,1.01,346.8,0,289.0,86.7,0,0,0,0,0,0,0,0,125.21,0,289.0,0,0,0,0,CC,ng,26.8943616,0.0021696,3
5444_CC_7,5444,141.09,-15.68,71.92,-15.68,1.01,169.56,1,141.3,42.39,0,0,0,0,0,0,0,0,70.65,0,141.3,0,0,0,0,CC,ng,25.820952,0.0021696,3
5444_CC_8,5444,141.09,-15.68,71.92,-15.68,1.01,169.56,1,141.3,42.39,0,0,0,0,0,0,0,0,70.65,0,141.3,0,0,0,0,CC,ng,25.820952,0.0021696,3
6006_CC_1,6006,212.69,53.6,108.42,-23.64,1.04,255.6,1,213.0,63.9,0,0,0,0,0,0,0,0,104.42,0,213.0,0,0,0,0,CC,ng,24.010536,0.0019776,3
6007_CC_1,6007,0.0,0.0,216.83,-47.29,1.04,511.2,0,426.0,127.8,0,0,0,0,0,0,0,0,140.79,0,426.0,0,0,0,0,CC,ng,25.416906000000004,0.0019772,3
6008_CC_1,6008,198.04,47.36,100.95,-22.01,1.04,238.0,1,198.33,59.5,0,0,0,0,0,0,0,0,99.17,0,198.33,0,0,0,0,CC,ng,23.9136336,0.0019776,3
6009_CC_1,6009,198.04,29.99,100.95,-22.01,1.04,238.0,1,198.33,59.5,0,0,0,0,0,0,0,0,99.17,0,198.33,0,0,0,0,CC,ng,23.9136336,0.0019776,3
6010_CC_1,6010,198.04,39.7,100.95,-22.01,1.04,238.0,1,198.33,59.5,0,0,0,0,0,0,0,0,99.17,0,198.33,0,0,0,0,CC,ng,23.9136336,0.0019776,3
6041_HYDRO_1,6041,0.0,20.48,20.48,-0.88,1.04,21.6,1,17.0,0.0,0,0,0,0,0,0,0,0,0.0,0,18.0,0,0,0,0,HYDRO,hydro,0.0,0.0,3
6042_CC_1,6042,0.0,34.46,122.91,-5.29,1.04,129.6,1,320.2,0.0,0,0,0,0,0,0,0,0,131.23,0,108.0,0,0,0,0,CC,ng,22.806942000000003,0.0010899840000000002,3
6048_CC_1,6048,0.0,0.0,1.73,-0.38,1.04,4.08,0,3.4,1.02,0,0,0,0,0,0,0,0,1.7,0,3.4,0,0,0,0,CC,ng,20.9978873,0.0018356,3
6049_CC_1,6049,0.0,0.0,4.89,-1.07,1.04,11.52,0,9.6,2.88,0,0,0,0,0,0,0,0,4.8,0,9.6,0,0,0,0,CC,ng,21.035975999999994,0.0018356,3
6050_CC_1,6050,0.0,0.0,2.24,-0.49,1.04,5.28,0,4.4,1.32,0,0,0,0,0,0,0,0,2.2,0,4.4,0,0,0,0,CC,ng,21.003852999999996,0.0018356,3
6051_CC_1,6051,57.32,29.22,29.22,-6.37,1.04,68.88,1,57.4,17.22,0,0,0,0,0,0,0,0,28.7,0,57.4,0,0,0,0,CC,ng,21.3301309,0.0018356,3
6052_CC_1,6052,0.0,0.0,29.22,-6.37,1.04,68.88,0,57.4,17.22,0,0,0,0,0,0,0,0,28.7,0,57.4,0,0,0,0,CC,ng,21.3301309,0.0018356,3
6053_CC_1,6053,57.32,29.22,29.22,-6.37,1.04,68.88,1,57.4,17.22,0,0,0,0,0,0,0,0,28.7,0,57.4,0,0,0,0,CC,ng,21.3301309,0.0018356,3
6054_CC_1,6054,57.32,24.27,29.22,-6.37,1.04,68.88,1,57.4,17.22,0,0,0,0,0,0,0,0,28.7,0,57.4,0,0,0,0,CC,ng,21.3301309,0.0018356,3
6069_CC_1,6069,125.35,23.91,92.32,-20.13,1.03,217.64,1,181.37,54.41,0,0,0,0,0,0,0,0,90.69,0,181.37,0,0,0,0,CC,ng,23.801404799999997,0.0019776,3
6070_CC_1,6070,132.82,10.94,92.32,-20.13,1.03,217.64,1,181.37,54.41,0,0,0,0,0,0,0,0,90.69,0,181.37,0,0,0,0,CC,ng,23.801404799999997,0.0019776,3
6071_CC_1,6071,107.43,31.06,92.32,-20.13,1.03,217.64,1,181.37,54.41,0,0,0,0,0,0,0,0,90.69,0,181.37,0,0,0,0,CC,ng,23.801404799999997,0.0019776,3
6072_CC_1,6072,0.0,0.0,92.32,-20.13,1.03,217.64,0,181.37,54.41,0,0,0,0,0,0,0,0,90.69,0,181.37,0,0,0,0,CC,ng,23.801404799999997,0.0019776,3
6073_CC_1,6073,132.82,18.29,92.32,-20.13,1.03,217.64,1,181.37,54.41,0,0,0,0,0,0,0,0,90.69,0,181.37,0,0,0,0,CC,ng,23.801404799999997,0.0019776,3
6074_CC_1,6074,132.82,17.59,92.32,-20.13,1.03,217.64,1,181.37,54.41,0,0,0,0,0,0,0,0,90.69,0,181.37,0,0,0,0,CC,ng,23.801404799999997,0.0019776,3
6078_STEAM_1,6078,482.07,-68.73,262.51,-68.73,1.0,676.0,1,563.33,169.0,0,0,0,0,0,0,0,0,182.69,0,563.33,0,0,0,0,STEAM,coal,20.763771,0.002072,3
6079_STEAM_1,6079,333.68,-68.73,262.51,-68.73,1.0,676.0,1,563.33,169.0,0,0,0,0,0,0,0,0,182.69,0,563.33,0,0,0,0,STEAM,coal,20.763771,0.002072,3
6080_STEAM_1,6080,333.68,-68.73,262.51,-68.73,1.0,676.0,1,563.33,169.0,0,0,0,0,0,0,0,0,182.69,0,563.33,0,0,0,0,STEAM,coal,20.763771,0.002072,3
6082_HYDRO_1,6082,41.37,12.07,25.04,-1.08,1.04,26.4,1,65.3,0.0,0,0,0,0,0,0,0,0,0.0,0,22.0,0,0,0,0,HYDRO,hydro,0.0,0.0,3
6083_HYDRO_1,6083,65.3,9.55,25.04,-1.08,1.04,26.4,1,65.3,0.0,0,0,0,0,0,0,0,0,0.0,0,22.0,0,0,0,0,HYDRO,hydro,0.0,0.0,3
6085_PV_1,6085,1.05,0.0,0.0,0.0,1.04,1.68,1,1.4,0.42,0,0,0,0,0,0,0,0,0.0,0,1.4,0,0,0,0,PV,solar,0.0,0.0,3
6086_PV_1,6086,22.5,0.0,0.0,0.0,1.04,36.0,1,30.0,9.0,0,0,0,0,0,0,0,0,0.0,0,30.0,0,0,0,0,PV,solar,0.0,0.0,3
6087_PV_1,6087,0.0,0.0,0.0,0.0,1.04,6.6,0,5.5,1.65,0,0,0,0,0,0,0,0,0.0,0,5.5,0,0,0,0,PV,solar,0.0,0.0,3
6088_PV_1,6088,7.95,0.0,0.0,0.0,1.04,12.72,1,10.6,3.18,0,0,0,0,0,0,0,0,0.0,0,10.6,0,0,0,0,PV,solar,0.0,0.0,3
6089_PV_1,6089,10.42,0.0,0.0,0.0,1.04,16.68,1,13.9,4.17,0,0,0,0,0,0,0,0,0.0,0,13.9,0,0,0,0,PV,solar,0.0,0.0,3
6090_PV_1,6090,30.52,0.0,0.0,0.0,1.04,48.84,1,40.7,12.21,0,0,0,0,0,0,0,0,0.0,0,40.7,0,0,0,0,PV,solar,0.0,0.0,3
6104_CC_1,6104,60.41,30.79,30.79,-6.72,1.04,72.6,1,60.5,18.15,0,0,0,0,0,0,0,0,30.25,0,60.5,0,0,0,0,CC,ng,22.995824600000002,0.0019772,3
6105_CC_1,6105,60.41,30.79,30.79,-6.72,1.04,72.6,1,60.5,18.15,0,0,0,0,0,0,0,0,30.25,0,60.5,0,0,0,0,CC,ng,22.995824600000002,0.0019772,3
6106_CC_1,6106,120.82,61.59,61.59,-13.43,1.04,145.2,1,121.0,36.3,0,0,0,0,0,0,0,0,60.5,0,121.0,0,0,0,0,CC,ng,23.3967019,0.0019772,3
6110_STEAM_1,6110,306.17,64.21,275.22,-72.05,1.04,708.72,1,590.6,177.18,0,0,0,0,0,0,0,0,188.18,0,590.6,0,0,0,0,STEAM,coal,20.763771,0.002072,3
6111_STEAM_1,6111,299.22,64.9,308.26,-80.7,1.04,793.8,1,661.5,198.45,0,0,0,0,0,0,0,0,201.0,0,661.5,0,0,0,0,STEAM,coal,20.763771,0.002072,3
6144_CC_1,6144,0.0,0.0,4.28,-0.93,1.03,10.08,0,8.4,2.52,0,0,0,0,0,0,0,0,4.2,0,8.4,0,0,0,0,CC,ng,21.028633599999996,0.0018356,3
6145_CC_1,6145,326.62,22.12,227.01,-49.51,1.03,535.2,1,446.0,133.8,0,0,0,0,0,0,0,0,140.71,0,446.0,0,0,0,0,CC,ng,23.719623199999997,0.0018356,3
6146_CC_1,6146,326.62,22.86,227.01,-49.51,1.03,535.2,1,446.0,133.8,0,0,0,0,0,0,0,0,140.71,0,446.0,0,0,0,0,CC,ng,23.719623199999997,0.0018356,3
6147_CC_1,6147,291.1,23.68,474.39,-103.45,1.03,1118.4,1,932.0,279.6,0,0,0,0,0,0,0,0,186.4,0,932.0,0,0,0,0,CC,ng,26.702160000000003,0.0018352000000000002,3
6148_CC_1,6148,0.0,0.0,367.5,-80.14,1.03,866.4,0,722.0,216.6,0,0,0,0,0,0,0,0,144.4,0,722.0,0,0,0,0,CC,ng,25.416635399999997,0.0018356,3
6149_CC_1,6149,225.51,67.31,367.5,-80.14,1.03,866.4,1,722.0,216.6,0,0,0,0,0,0,0,0,144.4,0,722.0,0,0,0,0,CC,ng,25.416635399999997,0.0018356,3
6164_CC_1,6164,73.42,23.32,119.64,-26.09,1.03,282.06,1,235.05,70.52,0,0,0,0,0,0,0,0,111.35,0,235.05,0,0,0,0,CC,ng,24.151992300000003,0.0019772,3
6165_CC_1,6165,73.42,20.54,119.64,-26.09,1.03,282.06,1,235.05,70.52,0,0,0,0,0,0,0,0,111.35,0,235.05,0,0,0,0,CC,ng,24.151992300000003,0.0019772,3
6166_CC_1,6166,73.42,50.05,119.64,-26.09,1.03,282.06,1,235.05,70.52,0,0,0,0,0,0,0,0,111.35,0,235.05,0,0,0,0,CC,ng,24.151992300000003,0.0019772,3
6167_CC_1,6167,73.42,26.61,119.64,-26.09,1.03,282.06,1,235.05,70.52,0,0,0,0,0,0,0,0,111.35,0,235.05,0,0,0,0,CC,ng,24.151992300000003,0.0019772,3
6213_HYDRO_1,6213,177.9,11.11,68.29,-2.94,1.04,72.0,1,69.4,0.0,0,0,0,0,0,0,0,0,0.0,0,60.0,0,0,0,0,HYDRO,hydro,0.0,0.0,3
6214_CC_1,6214,552.3,41.91,212.06,-9.13,1.04,223.6,1,552.3,0.0,0,0,0,0,0,0,0,0,130.22,0,186.33,0,0,0,0,CC,ng,23.716884,0.0010899840000000002,3
6215_CC_1,6215,552.3,47.41,212.06,-9.13,1.04,223.6,1,552.3,0.0,0,0,0,0,0,0,0,0,130.22,0,186.33,0,0,0,0,CC,ng,23.716884,0.0010899840000000002,3
6216_CC_1,6216,552.3,35.4,212.06,-9.13,1.04,223.6,1,552.3,0.0,0,0,0,0,0,0,0,0,130.22,0,186.33,0,0,0,0,CC,ng,23.716884,0.0010899840000000002,3
6242_CC_1,6242,60.91,14.87,31.05,-6.77,1.04,73.2,1,61.0,18.3,0,0,0,0,0,0,0,0,30.5,0,61.0,0,0,0,0,CC,ng,21.352158099999997,0.0018356,3
6243_CC_1,6243,182.73,36.25,93.15,-20.31,1.04,219.6,1,183.0,54.9,0,0,0,0,0,0,0,0,91.5,0,183.0,0,0,0,0,CC,ng,22.0976432,0.0018352000000000002,3
6244_CC_1,6244,297.56,44.33,151.68,-33.08,1.04,357.6,1,298.0,89.4,0,0,0,0,0,0,0,0,127.1,0,298.0,0,0,0,0,CC,ng,22.809165599999996,0.0018356,3
6245_CC_1,6245,297.56,50.83,151.68,-33.08,1.04,357.6,1,298.0,89.4,0,0,0,0,0,0,0,0,127.1,0,298.0,0,0,0,0,CC,ng,22.809165599999996,0.0018356,3
6246_CC_1,6246,297.56,94.93,151.68,-33.08,1.04,357.6,1,298.0,89.4,0,0,0,0,0,0,0,0,127.1,0,298.0,0,0,0,0,CC,ng,22.809165599999996,0.0018356,3
6247_CC_1,6247,183.06,77.62,93.32,-20.35,1.04,220.0,1,183.33,55.0,0,0,0,0,0,0,0,0,91.67,0,183.33,0,0,0,0,CC,ng,22.104295199999996,0.0018356,3
6248_CC_1,6248,183.06,40.11,93.32,-20.35,1.04,220.0,1,183.33,55.0,0,0,0,0,0,0,0,0,91.67,0,183.33,0,0,0,0,CC,ng,22.104295199999996,0.0018356,3
6249_CC_1,6249,183.06,27.74,93.32,-20.35,1.04,220.0,1,183.33,55.0,0,0,0,0,0,0,0,0,91.67,0,183.33,0,0,0,0,CC,ng,22.104295199999996,0.0018356,3
6257_CC_1,6257,60.59,-21.53,98.75,-21.53,1.02,232.8,1,194.0,58.2,0,0,0,0,0,0,0,0,97.0,0,194.0,0,0,0,0,CC,ng,23.8801273,0.0019772,3
6258_CC_1,6258,108.6,-21.53,98.75,-21.53,1.02,232.8,1,194.0,58.2,0,0,0,0,0,0,0,0,97.0,0,194.0,0,0,0,0,CC,ng,23.8801273,0.0019772,3
6259_CC_1,6259,0.0,0.0,26.16,-5.71,1.02,61.68,0,51.4,15.42,0,0,0,0,0,0,0,0,25.7,0,51.4,0,0,0,0,CC,ng,22.94016,0.0019776,3
6260_CC_1,6260,80.27,-28.53,130.81,-28.53,1.02,308.4,1,257.0,77.1,0,0,0,0,0,0,0,0,117.51,0,257.0,0,0,0,0,CC,ng,24.2973165,0.0019772,3
6266_HYDRO_1,6266,4.5,1.72,1.72,-0.07,1.04,1.8,1,0.0,0.0,0,0,0,0,0,0,0,0,0.0,0,1.5,0,0,0,0,HYDRO,hydro,0.0,0.0,3
6267_HYDRO_1,6267,7.2,2.73,2.73,-0.12,1.04,2.88,1,0.0,0.0,0,0,0,0,0,0,0,0,0.0,0,2.4,0,0,0,0,HYDRO,hydro,0.0,0.0,3
6268_HYDRO_1,6268,4.5,1.72,1.72,-0.07,1.04,1.8,1,0.0,0.0,0,0,0,0,0,0,0,0,0.0,0,1.5,0,0,0,0,HYDRO,hydro,0.0,0.0,3
6269_HYDRO_1,6269,7.2,2.73,2.73,-0.12,1.04,2.88,1,0.0,0.0,0,0,0,0,0,0,0,0,0.0,0,2.4,0,0,0,0,HYDRO,hydro,0.0,0.0,3
6270_HYDRO_1,6270,0.0,0.0,6.82,-0.29,1.04,7.2,0,0.0,0.0,0,0,0,0,0,0,0,0,0.0,0,6.0,0,0,0,0,HYDRO,hydro,0.0,0.0,3
6271_HYDRO_1,6271,0.0,0.0,4.09,-0.18,1.04,4.32,0,0.0,0.0,0,0,0,0,0,0,0,0,0.0,0,3.6,0,0,0,0,HYDRO,hydro,0.0,0.0,3
6272_HYDRO_1,6272,0.0,0.0,2.73,-0.12,1.04,2.88,0,0.0,0.0,0,0,0,0,0,0,0,0,0.0,0,2.4,0,0,0,0,HYDRO,hydro,0.0,0.0,3
6273_HYDRO_1,6273,0.0,0.0,2.73,-0.12,1.04,2.88,0,0.0,0.0,0,0,0,0,0,0,0,0,0.0,0,2.4,0,0,0,0,HYDRO,hydro,0.0,0.0,3
6274_HYDRO_1,6274,8.4,3.2,3.2,-0.14,1.04,3.36,1,0.0,0.0,0,0,0,0,0,0,0,0,0.0,0,2.8,0,0,0,0,HYDRO,hydro,0.0,0.0,3
6295_CC_1,6295,64.42,-22.89,104.97,-22.89,1.02,247.48,1,206.23,61.87,0,0,0,0,0,0,0,0,102.15,0,206.23,0,0,0,0,CC,ng,23.961192500000003,0.0019772,3
6296_CC_1,6296,64.42,-22.89,104.97,-22.89,1.02,247.48,1,206.23,61.87,0,0,0,0,0,0,0,0,102.15,0,206.23,0,0,0,0,CC,ng,23.961192500000003,0.0019772,3
6297_CC_1,6297,64.45,-22.89,104.97,-22.89,1.02,247.48,1,206.23,61.9,0,0,0,0,0,0,0,0,102.15,0,206.23,0,0,0,0,CC,ng,23.961192500000003,0.0019772,3
6301_CC_1,6301,0.0,0.0,1.63,-0.36,1.0,3.84,0,3.2,0.96,0,0,0,0,0,0,0,0,1.6,0,3.2,0,0,0,0,CC,ng,22.6207776,0.0019776,3
6302_CC_1,6302,246.89,-27.44,125.85,-27.44,1.0,296.7,1,247.25,74.18,0,0,0,0,0,0,0,0,114.86,0,247.25,0,0,0,0,CC,ng,24.2374656,0.0019776,3
6303_CC_1,6303,215.92,-27.44,125.85,-27.44,1.0,296.7,1,247.25,74.18,0,0,0,0,0,0,0,0,114.86,0,247.25,0,0,0,0,CC,ng,24.2374656,0.0019776,3
6304_CC_1,6304,246.89,-27.44,125.85,-27.44,1.0,296.7,1,247.25,74.18,0,0,0,0,0,0,0,0,114.86,0,247.25,0,0,0,0,CC,ng,24.2374656,0.0019776,3
6305_CC_1,6305,246.89,-27.44,125.85,-27.44,1.0,296.7,1,247.25,74.18,0,0,0,0,0,0,0,0,114.86,0,247.25,0,0,0,0,CC,ng,24.2374656,0.0019776,3
6349_CC_1,6349,0.0,0.0,6.11,-1.33,1.04,14.4,0,12.0,3.6,0,0,0,0,0,0,0,0,6.0,0,12.0,0,0,0,0,CC,ng,22.6791168,0.0019776,3
6349_CC_2,6349,0.0,0.0,26.21,-5.72,1.04,61.8,0,51.5,15.45,0,0,0,0,0,0,0,0,25.75,0,51.5,0,0,0,0,CC,ng,22.936508600000003,0.0019772,3
6349_CC_3,6349,32.17,52.43,52.43,-11.43,1.04,123.6,1,103.0,30.9,0,0,0,0,0,0,0,0,51.5,0,103.0,0,0,0,0,CC,ng,23.277575600000002,0.0019772,3
6349_CC_4,6349,0.0,0.0,1.17,-0.26,1.04,2.76,0,2.3,0.69,0,0,0,0,0,0,0,0,1.15,0,2.3,0,0,0,0,CC,ng,22.610270600000003,0.0019772,3
6349_CC_5,6349,0.0,0.0,2.34,-0.51,1.04,5.52,0,4.6,1.38,0,0,0,0,0,0,0,0,2.3,0,4.6,0,0,0,0,CC,ng,22.6301712,0.0019776,3
6349_CC_6,6349,0.0,0.0,0.76,-0.17,1.04,1.8,0,1.5,0.45,0,0,0,0,0,0,0,0,0.75,0,1.5,0,0,0,0,CC,ng,22.6099008,0.0019776,3
6349_CC_7,6349,0.0,0.0,2.04,-0.44,1.04,4.8,0,4.0,1.2,0,0,0,0,0,0,0,0,2.0,0,4.0,0,0,0,0,CC,ng,22.626216,0.0019776,3
6349_CC_8,6349,0.0,0.0,3.26,-0.71,1.04,7.68,0,6.4,1.92,0,0,0,0,0,0,0,0,3.2,0,6.4,0,0,0,0,CC,ng,22.637457100000002,0.0019772,3
6349_CC_9,6349,113.38,184.77,184.77,-40.29,1.04,435.6,1,363.0,108.9,0,0,0,0,0,0,0,0,137.12,0,363.0,0,0,0,0,CC,ng,24.999222500000002,0.0019772,3
6349_CC_10,6349,113.38,184.77,184.77,-40.29,1.04,435.6,1,363.0,108.9,0,0,0,0,0,0,0,0,137.12,0,363.0,0,0,0,0,CC,ng,24.999222500000002,0.0019772,3
6349_CC_11,6349,0.0,0.0,26.21,-5.72,1.04,61.8,0,51.5,15.45,0,0,0,0,0,0,0,0,25.75,0,51.5,0,0,0,0,CC,ng,22.936508600000003,0.0019772,3
7005_CC_1,7005,162.76,31.99,82.97,-18.09,1.04,195.6,1,163.0,48.9,0,0,0,0,0,0,0,0,81.5,0,163.0,0,0,0,0,CC,ng,21.3951432,0.0017867999999999998,3
7006_CC_1,7006,162.76,55.98,82.97,-18.09,1.04,195.6,1,163.0,48.9,0,0,0,0,0,0,0,0,81.5,0,163.0,0,0,0,0,CC,ng,21.3951432,0.0017867999999999998,3
7007_CC_1,7007,162.76,36.94,82.97,-18.09,1.04,195.6,1,163.0,48.9,0,0,0,0,0,0,0,0,81.5,0,163.0,0,0,0,0,CC,ng,21.3951432,0.0017867999999999998,3
7008_CC_1,7008,162.76,34.59,82.97,-18.09,1.04,195.6,1,163.0,48.9,0,0,0,0,0,0,0,0,81.5,0,163.0,0,0,0,0,CC,ng,21.3951432,0.0017867999999999998,3
7009_CC_1,7009,162.76,31.41,82.97,-18.09,1.04,195.6,1,163.0,48.9,0,0,0,0,0,0,0,0,81.5,0,163.0,0,0,0,0,CC,ng,21.3951432,0.0017867999999999998,3
7015_CC_1,7015,0.0,0.0,2.04,-0.44,1.04,4.8,0,4.0,1.2,0,0,0,0,0,0,0,0,2.0,0,4.0,0,0,0,0,CC,ng,20.4432255,0.0017867999999999998,3
7021_CC_1,7021,22.37,11.4,11.4,-2.49,1.04,26.88,1,22.4,6.72,0,0,0,0,0,0,0,0,11.2,0,22.4,0,0,0,0,CC,ng,22.683916,0.001972,3
7022_CC_1,7022,47.33,24.13,24.13,-5.26,1.04,56.88,1,47.4,14.22,0,0,0,0,0,0,0,0,23.7,0,47.4,0,0,0,0,CC,ng,22.849070999999995,0.001972,3
7023_CC_1,7023,47.33,24.13,24.13,-5.26,1.04,56.88,1,47.4,14.22,0,0,0,0,0,0,0,0,23.7,0,47.4,0,0,0,0,CC,ng,22.849070999999995,0.001972,3
7024_CC_1,7024,94.66,48.25,48.25,-10.52,1.04,113.76,1,94.8,28.44,0,0,0,0,0,0,0,0,47.4,0,94.8,0,0,0,0,CC,ng,23.162125999999997,0.001972,3
7025_CC_1,7025,0.0,0.0,1.63,-0.36,1.04,3.84,0,3.2,0.96,0,0,0,0,0,0,0,0,1.6,0,3.2,0,0,0,0,CC,ng,22.556722,0.001972,3
7031_PV_1,7031,29.1,0.0,0.0,0.0,1.04,46.56,1,38.8,11.64,0,0,0,0,0,0,0,0,0.0,0,38.8,0,0,0,0,PV,solar,0.0,0.0,3
7032_PV_1,7032,7.5,0.0,0.0,0.0,1.04,12.0,1,10.0,3.0,0,0,0,0,0,0,0,0,0.0,0,10.0,0,0,0,0,PV,solar,0.0,0.0,3
7033_PV_1,7033,7.5,0.0,0.0,0.0,1.04,12.0,1,10.0,3.0,0,0,0,0,0,0,0,0,0.0,0,10.0,0,0,0,0,PV,solar,0.0,0.0,3
7034_PV_1,7034,0.0,0.0,0.0,0.0,1.04,5.28,0,4.4,1.32,0,0,0,0,0,0,0,0,0.0,0,4.4,0,0,0,0,PV,solar,0.0,0.0,3
7045_CC_1,7045,188.17,25.83,95.92,-20.92,1.03,226.14,1,188.45,56.53,0,0,0,0,0,0,0,0,94.22,0,188.45,0,0,0,0,CC,ng,23.780840999999995,0.001972,3
7046_CC_1,7046,188.17,53.77,95.92,-20.92,1.03,226.14,1,188.45,56.53,0,0,0,0,0,0,0,0,94.22,0,188.45,0,0,0,0,CC,ng,23.780840999999995,0.001972,3
7061_CC_1,7061,68.06,-12.75,58.48,-12.75,1.0,137.88,1,114.9,34.47,0,0,0,0,0,0,0,0,57.45,0,114.9,0,0,0,0,CC,ng,23.294743,0.001972,3
7062_CC_1,7062,68.06,-12.75,58.48,-12.75,1.0,137.88,1,114.9,34.47,0,0,0,0,0,0,0,0,57.45,0,114.9,0,0,0,0,CC,ng,23.294743,0.001972,3
7063_CC_1,7063,68.06,-12.75,58.48,-12.75,1.0,137.88,1,114.9,34.47,0,0,0,0,0,0,0,0,57.45,0,114.9,0,0,0,0,CC,ng,23.294743,0.001972,3
7064_CC_1,7064,84.15,-12.75,58.48,-12.75,1.0,137.88,1,114.9,34.47,0,0,0,0,0,0,0,0,57.45,0,114.9,0,0,0,0,CC,ng,23.294743,0.001972,3
7065_CC_1,7065,84.15,-12.75,58.48,-12.75,1.0,137.88,1,114.9,34.47,0,0,0,0,0,0,0,0,57.45,0,114.9,0,0,0,0,CC,ng,23.294743,0.001972,3
7066_CC_1,7066,69.08,-12.75,58.48,-12.75,1.0,137.88,1,114.9,34.47,0,0,0,0,0,0,0,0,57.45,0,114.9,0,0,0,0,CC,ng,23.294743,0.001972,3
7079_CC_1,7079,161.82,35.84,116.38,-25.38,1.04,274.38,1,228.65,68.59,0,0,0,0,0,0,0,0,109.41,0,228.65,0,0,0,0,CC,ng,21.7877925,0.0017867999999999998,3
7080_CC_1,7080,167.45,28.09,116.38,-25.38,1.04,274.38,1,228.65,68.59,0,0,0,0,0,0,0,0,109.41,0,228.65,0,0,0,0,CC,ng,21.7877925,0.0017867999999999998,3
7081_CC_1,7081,167.45,28.43,116.38,-25.38,1.04,274.38,1,228.65,68.59,0,0,0,0,0,0,0,0,109.41,0,228.65,0,0,0,0,CC,ng,21.7877925,0.0017867999999999998,3
7082_CC_1,7082,167.45,34.7,116.38,-25.38,1.04,274.38,1,228.65,68.59,0,0,0,0,0,0,0,0,109.41,0,228.65,0,0,0,0,CC,ng,21.7877925,0.0017867999999999998,3
7098_NUCLEAR_1,7098,1236.22,189.29,498.38,-111.05,1.0,1625.16,1,1354.3,406.29,0,0,0,0,0,0,0,0,0.0,0,1354.3,0,0,0,0,NUCLEAR,nuclear,7.0627,0.0002,3
7099_NUCLEAR_1,7099,1352.3,-14.48,498.38,-111.05,1.0,1625.16,1,1354.3,406.29,0,0,0,0,0,0,0,0,0.0,0,1354.3,0,0,0,0,NUCLEAR,nuclear,7.4446,0.0002,3
7107_CC_1,7107,149.78,75.03,76.35,-16.65,1.04,180.0,1,150.0,45.0,0,0,0,0,0,0,0,0,75.0,0,150.0,0,0,0,0,CC,ng,21.3169707,0.0017867999999999998,3
7108_CC_1,7108,50.92,16.82,25.96,-5.66,1.04,61.2,1,51.0,15.3,0,0,0,0,0,0,0,0,25.5,0,51.0,0,0,0,0,CC,ng,20.7246465,0.0017867999999999998,3
7109_CC_1,7109,50.92,20.45,25.96,-5.66,1.04,61.2,1,51.0,15.3,0,0,0,0,0,0,0,0,25.5,0,51.0,0,0,0,0,CC,ng,20.7246465,0.0017867999999999998,3
7110_CC_1,7110,195.71,42.29,99.76,-21.76,1.04,235.2,1,196.0,58.8,0,0,0,0,0,0,0,0,98.0,0,196.0,0,0,0,0,CC,ng,21.5925846,0.0017867999999999998,3
7111_CC_1,7111,195.71,41.23,99.76,-21.76,1.04,235.2,1,196.0,58.8,0,0,0,0,0,0,0,0,98.0,0,196.0,0,0,0,0,CC,ng,21.5925846,0.0017867999999999998,3
7112_CC_1,7112,195.71,65.18,99.76,-21.76,1.04,235.2,1,196.0,58.8,0,0,0,0,0,0,0,0,98.0,0,196.0,0,0,0,0,CC,ng,21.5925846,0.0017867999999999998,3
7113_CC_1,7113,195.71,35.4,99.76,-21.76,1.04,235.2,1,196.0,58.8,0,0,0,0,0,0,0,0,98.0,0,196.0,0,0,0,0,CC,ng,21.5925846,0.0017867999999999998,3
7114_CC_1,7114,195.71,69.11,99.76,-21.76,1.04,235.2,1,196.0,58.8,0,0,0,0,0,0,0,0,98.0,0,196.0,0,0,0,0,CC,ng,21.5925846,0.0017867999999999998,3
7115_CC_1,7115,195.71,69.47,99.76,-21.76,1.04,235.2,1,196.0,58.8,0,0,0,0,0,0,0,0,98.0,0,196.0,0,0,0,0,CC,ng,21.5925846,0.0017867999999999998,3
7121_CC_1,7121,0.0,0.0,1.88,-0.41,1.04,4.44,0,3.7,1.11,0,0,0,0,0,0,0,0,1.85,0,3.7,0,0,0,0,CC,ng,20.4414387,0.0017867999999999998,3
7122_CC_1,7122,0.0,0.0,2.19,-0.48,1.04,5.16,0,4.3,1.29,0,0,0,0,0,0,0,0,2.15,0,4.3,0,0,0,0,CC,ng,20.4450123,0.0017867999999999998,3
7133_CC_1,7133,16.28,-1.81,8.3,-1.81,1.0,19.56,1,16.3,4.89,0,0,0,0,0,0,0,0,8.15,0,16.3,0,0,0,0,CC,ng,20.516931,0.0017867999999999998,3
7134_CC_1,7134,206.25,-22.93,105.13,-22.93,1.0,247.86,1,206.55,61.97,0,0,0,0,0,0,0,0,102.26,0,206.55,0,0,0,0,CC,ng,21.6555693,0.0017867999999999998,3
7135_CC_1,7135,206.25,-22.93,105.13,-22.93,1.0,247.86,1,206.55,61.97,0,0,0,0,0,0,0,0,102.26,0,206.55,0,0,0,0,CC,ng,21.6555693,0.0017867999999999998,3
7136_CC_1,7136,206.25,-22.93,105.13,-22.93,1.0,247.86,1,206.55,61.97,0,0,0,0,0,0,0,0,102.26,0,206.55,0,0,0,0,CC,ng,21.6555693,0.0017867999999999998,3
7137_CC_1,7137,206.25,-22.93,105.13,-22.93,1.0,247.86,1,206.55,61.97,0,0,0,0,0,0,0,0,102.26,0,206.55,0,0,0,0,CC,ng,21.6555693,0.0017867999999999998,3
7138_CC_1,7138,380.14,-42.26,193.78,-42.26,1.0,456.84,1,380.7,114.21,0,0,0,0,0,0,0,0,138.76,0,380.7,0,0,0,0,CC,ng,22.698167099999996,0.0017867999999999998,3
7139_CC_1,7139,58.91,-6.55,30.03,-6.55,1.0,70.8,1,59.0,17.7,0,0,0,0,0,0,0,0,29.5,0,59.0,0,0,0,0,CC,ng,20.772443399999997,0.0017867999999999998,3
7140_CC_1,7140,58.91,-6.55,30.03,-6.55,1.0,70.8,1,59.0,17.7,0,0,0,0,0,0,0,0,29.5,0,59.0,0,0,0,0,CC,ng,20.772443399999997,0.0017867999999999998,3
7141_CC_1,7141,58.91,-6.55,30.03,-6.55,1.0,70.8,1,59.0,17.7,0,0,0,0,0,0,0,0,29.5,0,59.0,0,0,0,0,CC,ng,20.772443399999997,0.0017867999999999998,3
7142_CC_1,7142,58.91,-6.55,30.03,-6.55,1.0,70.8,1,59.0,17.7,0,0,0,0,0,0,0,0,29.5,0,59.0,0,0,0,0,CC,ng,20.772443399999997,0.0017867999999999998,3
7146_CC_1,7146,10.18,-1.13,5.19,-1.13,1.01,12.24,1,10.2,3.06,0,0,0,0,0,0,0,0,5.1,0,10.2,0,0,0,0,CC,ng,20.4803016,0.0017867999999999998,3
7162_CC_1,7162,110.44,56.3,56.3,-12.28,1.04,132.72,1,110.6,33.18,0,0,0,0,0,0,0,0,55.3,0,110.6,0,0,0,0,CC,ng,21.081113099999996,0.0017867999999999998,3
7163_CC_1,7163,110.44,49.51,56.3,-12.28,1.04,132.72,1,110.6,33.18,0,0,0,0,0,0,0,0,55.3,0,110.6,0,0,0,0,CC,ng,21.081113099999996,0.0017867999999999998,3
7164_CC_1,7164,110.44,56.3,56.3,-12.28,1.04,132.72,1,110.6,33.18,0,0,0,0,0,0,0,0,55.3,0,110.6,0,0,0,0,CC,ng,21.081113099999996,0.0017867999999999998,3
7165_CC_1,7165,110.44,56.3,56.3,-12.28,1.04,132.72,1,110.6,33.18,0,0,0,0,0,0,0,0,55.3,0,110.6,0,0,0,0,CC,ng,21.081113099999996,0.0017867999999999998,3
7166_CC_1,7166,110.44,42.45,56.3,-12.28,1.04,132.72,1,110.6,33.18,0,0,0,0,0,0,0,0,55.3,0,110.6,0,0,0,0,CC,ng,21.081113099999996,0.0017867999999999998,3
7167_CC_1,7167,110.44,35.37,56.3,-12.28,1.04,132.72,1,110.6,33.2,0,0,0,0,0,0,0,0,55.3,0,110.6,0,0,0,0,CC,ng,21.081113099999996,0.0017867999999999998,3
7168_CC_1,7168,87.59,44.65,44.65,-9.74,1.04,105.26,1,87.72,26.32,0,0,0,0,0,0,0,0,43.86,0,87.72,0,0,0,0,CC,ng,20.9444229,0.0017867999999999998,3
7169_CC_1,7169,87.59,44.65,44.65,-9.74,1.04,105.26,1,87.72,26.3,0,0,0,0,0,0,0,0,43.86,0,87.72,0,0,0,0,CC,ng,20.9444229,0.0017867999999999998,3
7170_CC_1,7170,336.73,101.63,178.59,-38.95,1.04,421.04,1,350.87,105.26,0,0,0,0,0,0,0,0,135.73,0,350.87,0,0,0,0,CC,ng,22.519487099999996,0.0017867999999999998,3
7189_CC_1,7189,6.89,3.51,3.51,-0.77,1.03,8.28,1,6.9,2.07,0,0,0,0,0,0,0,0,3.45,0,6.9,0,0,0,0,CC,ng,20.4606468,0.0017867999999999998,3
7190_CC_1,7190,47.93,9.97,24.43,-5.33,1.03,57.6,1,48.0,14.4,0,0,0,0,0,0,0,0,24.0,0,48.0,0,0,0,0,CC,ng,20.7067785,0.0017867999999999998,3
7191_CC_1,7191,0.0,0.0,2.55,-0.55,1.03,6.0,0,5.0,1.5,0,0,0,0,0,0,0,0,2.5,0,5.0,0,0,0,0,CC,ng,20.4490326,0.0017867999999999998,3
7192_CC_1,7192,34.95,14.05,17.81,-3.88,1.03,42.0,1,35.0,10.5,0,0,0,0,0,0,0,0,17.5,0,35.0,0,0,0,0,CC,ng,20.628606,0.0017867999999999998,3
7193_CC_1,7193,7.49,3.82,3.82,-0.83,1.03,9.0,1,7.5,2.25,0,0,0,0,0,0,0,0,3.75,0,7.5,0,0,0,0,CC,ng,20.4642204,0.0017867999999999998,3
7194_CC_1,7194,230.61,35.47,117.55,-25.64,1.03,277.14,1,230.95,69.28,0,0,0,0,0,0,0,0,110.11,0,230.95,0,0,0,0,CC,ng,21.801640199999998,0.0017867999999999998,3
7195_CC_1,7195,230.61,30.53,117.55,-25.64,1.03,277.14,1,230.95,69.28,0,0,0,0,0,0,0,0,110.11,0,230.95,0,0,0,0,CC,ng,21.801640199999998,0.0017867999999999998,3
7196_CC_1,7196,230.61,54.9,117.55,-25.64,1.03,277.14,1,230.95,69.28,0,0,0,0,0,0,0,0,110.11,0,230.95,0,0,0,0,CC,ng,21.801640199999998,0.0017867999999999998,3
7197_CC_1,7197,230.61,85.19,117.55,-25.64,1.03,277.14,1,230.95,69.28,0,0,0,0,0,0,0,0,110.11,0,230.95,0,0,0,0,CC,ng,21.801640199999998,0.0017867999999999998,3
7207_CC_1,7207,0.0,0.0,2.04,-0.44,1.04,4.8,0,4.0,1.2,0,0,0,0,0,0,0,0,2.0,0,4.0,0,0,0,0,CC,ng,20.4432255,0.0017867999999999998,3
7208_CC_1,7208,763.87,76.51,389.39,-84.92,1.04,918.0,1,765.0,229.5,0,0,0,0,0,0,0,0,153.0,0,765.0,0,0,0,0,CC,ng,24.998225399999995,0.0017867999999999998,3
7209_CC_1,7209,763.87,98.88,389.39,-84.92,1.04,918.0,1,765.0,229.5,0,0,0,0,0,0,0,0,153.0,0,765.0,0,0,0,0,CC,ng,24.998225399999995,0.0017867999999999998,3
7210_CC_1,7210,178.24,25.66,90.86,-19.81,1.04,214.2,1,178.5,53.55,0,0,0,0,0,0,0,0,89.25,0,178.5,0,0,0,0,CC,ng,21.487610099999998,0.0017867999999999998,3
7211_CC_1,7211,178.24,36.02,90.86,-19.81,1.04,214.2,1,178.5,53.55,0,0,0,0,0,0,0,0,89.25,0,178.5,0,0,0,0,CC,ng,21.487610099999998,0.0017867999999999998,3
7212_CC_1,7212,178.24,23.52,90.86,-19.81,1.04,214.2,1,178.5,53.55,0,0,0,0,0,0,0,0,89.25,0,178.5,0,0,0,0,CC,ng,21.487610099999998,0.0017867999999999998,3
7266_CC_1,7266,304.15,-33.81,155.04,-33.81,1.01,365.52,1,304.6,91.38,0,0,0,0,0,0,0,0,128.4,0,304.6,0,0,0,0,CC,ng,22.2425331,0.0017867999999999998,3
7267_CC_1,7267,90.51,-10.06,46.14,-10.06,1.01,108.77,1,90.64,27.19,0,0,0,0,0,0,0,0,45.32,0,90.64,0,0,0,0,CC,ng,20.961844199999998,0.0017867999999999998,3
7268_CC_1,7268,90.51,-10.06,46.14,-10.06,1.01,108.77,1,90.64,27.19,0,0,0,0,0,0,0,0,45.32,0,90.64,0,0,0,0,CC,ng,20.961844199999998,0.0017867999999999998,3
7269_CC_1,7269,90.51,-10.06,46.14,-10.06,1.01,108.77,1,90.64,27.19,0,0,0,0,0,0,0,0,45.32,0,90.64,0,0,0,0,CC,ng,20.961844199999998,0.0017867999999999998,3
7270_CC_1,7270,181.01,-20.12,92.27,-20.12,1.01,217.54,1,181.28,54.38,0,0,0,0,0,0,0,0,90.64,0,181.28,0,0,0,0,CC,ng,21.504137999999998,0.0017867999999999998,3
7280_CC_1,7280,0.0,0.0,13.08,-2.85,1.04,30.84,0,25.7,7.71,0,0,0,0,0,0,0,0,12.85,0,25.7,0,0,0,0,CC,ng,20.573215199999996,0.0017867999999999998,3
7281_CC_1,7281,0.0,0.0,7.64,-1.67,1.04,18.0,0,15.0,4.5,0,0,0,0,0,0,0,0,7.5,0,15.0,0,0,0,0,CC,ng,20.5088904,0.0017867999999999998,3
7284_PV_1,7284,0.0,0.0,0.0,0.0,1.04,9.0,0,7.5,2.25,0,0,0,0,0,0,0,0,0.0,0,7.5,0,0,0,0,PV,solar,0.0,0.0,3
7285_PV_1,7285,21.22,0.0,0.0,0.0,1.04,33.96,1,28.3,8.49,0,0,0,0,0,0,0,0,0.0,0,28.3,0,0,0,0,PV,solar,0.0,0.0,3
7286_PV_1,7286,21.22,0.0,0.0,0.0,1.04,33.96,1,28.3,8.49,0,0,0,0,0,0,0,0,0.0,0,28.3,0,0,0,0,PV,solar,0.0,0.0,3
7287_PV_1,7287,21.22,0.0,0.0,0.0,1.04,33.96,1,28.3,8.49,0,0,0,0,0,0,0,0,0.0,0,28.3,0,0,0,0,PV,solar,0.0,0.0,3
7288_PV_1,7288,21.22,0.0,0.0,0.0,1.04,33.96,1,28.3,8.49,0,0,0,0,0,0,0,0,0.0,0,28.3,0,0,0,0,PV,solar,0.0,0.0,3
7289_PV_1,7289,42.45,0.0,0.0,0.0,1.04,67.92,1,56.6,16.98,0,0,0,0,0,0,0,0,0.0,0,56.6,0,0,0,0,PV,solar,0.0,0.0,3
7307_CC_1,7307,96.54,49.21,49.21,-10.73,1.04,116.02,1,96.68,29.0,0,0,0,0,0,0,0,0,48.34,0,96.68,0,0,0,0,CC,ng,23.174451,0.001972,3
7308_CC_1,7308,96.54,49.21,49.21,-10.73,1.04,116.02,1,96.68,29.0,0,0,0,0,0,0,0,0,48.34,0,96.68,0,0,0,0,CC,ng,23.174451,0.001972,3
7309_CC_1,7309,0.0,0.0,49.21,-10.73,1.04,116.02,0,96.68,29.0,0,0,0,0,0,0,0,0,48.34,0,96.68,0,0,0,0,CC,ng,23.174451,0.001972,3
7310_CC_1,7310,96.54,44.3,49.21,-10.73,1.04,116.02,1,96.68,29.0,0,0,0,0,0,0,0,0,48.34,0,96.68,0,0,0,0,CC,ng,23.174451,0.001972,3
7311_CC_1,7311,193.08,98.42,98.42,-21.46,1.04,232.04,1,193.37,58.01,0,0,0,0,0,0,0,0,96.69,0,193.37,0,0,0,0,CC,ng,23.812885999999995,0.001972,3
7323_CC_1,7323,38.88,-13.82,63.36,-13.82,1.02,149.37,1,124.48,37.34,0,0,0,0,0,0,0,0,62.24,0,124.47,0,0,0,0,CC,ng,21.164199299999996,0.0017867999999999998,3
7324_CC_1,7324,38.88,-13.82,63.36,-13.82,1.02,149.37,1,124.48,37.34,0,0,0,0,0,0,0,0,62.24,0,124.47,0,0,0,0,CC,ng,21.164199299999996,0.0017867999999999998,3
7325_CC_1,7325,38.88,-13.82,63.36,-13.82,1.02,149.37,1,124.48,37.34,0,0,0,0,0,0,0,0,62.24,0,124.47,0,0,0,0,CC,ng,21.164199299999996,0.0017867999999999998,3
7326_CC_1,7326,38.88,-13.82,63.36,-13.82,1.02,149.37,1,124.48,37.34,0,0,0,0,0,0,0,0,62.24,0,124.47,0,0,0,0,CC,ng,21.164199299999996,0.0017867999999999998,3
7329_CC_1,7329,31.83,34.79,51.87,-11.31,1.04,122.28,1,101.9,30.57,0,0,0,0,0,0,0,0,50.95,0,101.9,0,0,0,0,CC,ng,23.208961,0.001972,3
7334_STEAM_1,7334,0.0,0.0,2.19,-0.57,1.04,5.64,0,4.7,1.41,0,0,0,0,0,0,0,0,1.88,0,4.7,0,0,0,0,STEAM,coal,22.030441200000002,0.0021984,3
7335_STEAM_1,7335,141.65,128.35,211.33,-55.33,1.04,544.2,1,453.5,136.05,0,0,0,0,0,0,0,0,157.45,0,453.5,0,0,0,0,STEAM,coal,22.030441200000002,0.0021984,3
7349_CC_1,7349,313.37,119.0,159.74,-34.83,1.04,376.59,1,313.83,94.15,0,0,0,0,0,0,0,0,130.12,0,313.83,0,0,0,0,CC,ng,22.297923899999997,0.0017867999999999998,3
7350_CC_1,7350,313.37,51.57,159.74,-34.83,1.04,376.59,1,313.83,94.15,0,0,0,0,0,0,0,0,130.12,0,313.83,0,0,0,0,CC,ng,22.297923899999997,0.0017867999999999998,3
7351_CC_1,7351,313.37,40.83,159.74,-34.83,1.04,376.59,1,313.83,94.15,0,0,0,0,0,0,0,0,130.12,0,313.83,0,0,0,0,CC,ng,22.297923899999997,0.0017867999999999998,3
7352_CC_1,7352,313.37,42.21,159.74,-34.83,1.04,376.59,1,313.83,94.15,0,0,0,0,0,0,0,0,130.12,0,313.83,0,0,0,0,CC,ng,22.297923899999997,0.0017867999999999998,3
7353_CC_1,7353,600.63,67.24,348.26,-75.95,1.04,821.04,1,684.2,205.26,0,0,0,0,0,0,0,0,136.84,0,684.2,0,0,0,0,CC,ng,24.514449299999995,0.0017867999999999998,3
7354_CC_1,7354,596.86,107.2,348.26,-75.95,1.04,821.04,1,684.2,205.26,0,0,0,0,0,0,0,0,136.84,0,684.2,0,0,0,0,CC,ng,24.514449299999995,0.0017867999999999998,3
7355_CC_1,7355,596.86,106.44,348.26,-75.95,1.04,821.04,1,684.2,205.26,0,0,0,0,0,0,0,0,136.84,0,684.2,0,0,0,0,CC,ng,24.514449299999995,0.0017867999999999998,3
7356_CC_1,7356,596.8,110.03,348.26,-75.95,1.04,821.04,1,684.2,205.0,0,0,0,0,0,0,0,0,136.84,0,684.2,0,0,0,0,CC,ng,24.514449299999995,0.0017867999999999998,3
7357_CC_1,7357,16.28,8.3,8.3,-1.81,1.04,19.56,1,16.3,4.89,0,0,0,0,0,0,0,0,8.15,0,16.3,0,0,0,0,CC,ng,20.516931,0.0017867999999999998,3
7358_CC_1,7358,224.87,33.79,114.63,-25.0,1.04,270.24,1,225.2,67.56,0,0,0,0,0,0,0,0,108.34,0,225.2,0,0,0,0,CC,ng,21.767244299999998,0.0017867999999999998,3
7359_CC_1,7359,224.87,74.02,114.63,-25.0,1.04,270.24,1,225.2,67.56,0,0,0,0,0,0,0,0,108.34,0,225.2,0,0,0,0,CC,ng,21.767244299999998,0.0017867999999999998,3
7360_CC_1,7360,224.87,45.38,114.63,-25.0,1.04,270.24,1,225.2,67.56,0,0,0,0,0,0,0,0,108.34,0,225.2,0,0,0,0,CC,ng,21.767244299999998,0.0017867999999999998,3
7361_CC_1,7361,102.55,27.74,52.27,-11.4,1.04,123.24,1,102.7,30.81,0,0,0,0,0,0,0,0,51.35,0,102.7,0,0,0,0,CC,ng,21.034209599999997,0.0017867999999999998,3
7369_CC_1,7369,107.11,27.68,54.6,-11.91,1.04,128.72,1,107.27,32.18,0,0,0,0,0,0,0,0,53.63,0,107.27,0,0,0,0,CC,ng,21.061458299999998,0.0017867999999999998,3
7370_CC_1,7370,107.11,22.32,54.6,-11.91,1.04,128.72,1,107.27,32.18,0,0,0,0,0,0,0,0,53.63,0,107.27,0,0,0,0,CC,ng,21.061458299999998,0.0017867999999999998,3
7371_CC_1,7371,107.11,26.67,54.6,-11.91,1.04,128.72,1,107.27,32.18,0,0,0,0,0,0,0,0,53.63,0,107.27,0,0,0,0,CC,ng,21.061458299999998,0.0017867999999999998,3
7372_CC_1,7372,107.11,28.44,54.6,-11.91,1.04,128.72,1,107.27,32.18,0,0,0,0,0,0,0,0,53.63,0,107.27,0,0,0,0,CC,ng,21.061458299999998,0.0017867999999999998,3
7373_CC_1,7373,107.11,54.6,54.6,-11.91,1.04,128.72,1,107.27,32.18,0,0,0,0,0,0,0,0,53.63,0,107.27,0,0,0,0,CC,ng,21.061458299999998,0.0017867999999999998,3
7374_CC_1,7374,107.11,34.91,54.6,-11.91,1.04,128.72,1,107.27,32.18,0,0,0,0,0,0,0,0,53.63,0,107.27,0,0,0,0,CC,ng,21.061458299999998,0.0017867999999999998,3
7375_CC_1,7375,183.39,34.36,93.48,-20.39,1.04,220.39,1,183.66,55.1,0,0,0,0,0,0,0,0,91.83,0,183.66,0,0,0,0,CC,ng,21.5184324,0.0017867999999999998,3
7376_CC_1,7376,183.39,37.3,93.48,-20.39,1.04,220.39,1,183.66,55.1,0,0,0,0,0,0,0,0,91.83,0,183.66,0,0,0,0,CC,ng,21.5184324,0.0017867999999999998,3
7377_CC_1,7377,183.39,47.31,93.48,-20.39,1.04,220.39,1,183.66,55.1,0,0,0,0,0,0,0,0,91.83,0,183.66,0,0,0,0,CC,ng,21.5184324,0.0017867999999999998,3
7378_CC_1,7378,183.39,38.64,93.48,-20.39,1.04,220.39,1,183.66,55.1,0,0,0,0,0,0,0,0,91.83,0,183.66,0,0,0,0,CC,ng,21.5184324,0.0017867999999999998,3
7379_CC_1,7379,183.39,41.66,93.48,-20.39,1.04,220.39,1,183.66,55.1,0,0,0,0,0,0,0,0,91.83,0,183.66,0,0,0,0,CC,ng,21.5184324,0.0017867999999999998,3
7389_CC_1,7389,542.0,276.29,276.29,-60.25,1.04,651.36,1,542.8,162.84,0,0,0,0,0,0,0,0,131.85,0,542.8,0,0,0,0,CC,ng,23.668399499999996,0.0017867999999999998,3
7400_CC_1,7400,71.89,-7.99,36.65,-7.99,1.0,86.4,1,72.0,21.6,0,0,0,0,0,0,0,0,36.0,0,72.0,0,0,0,0,CC,ng,20.8501692,0.0017867999999999998,3
7400_CC_2,7400,71.89,-7.99,36.65,-7.99,1.0,86.4,1,72.0,21.6,0,0,0,0,0,0,0,0,36.0,0,72.0,0,0,0,0,CC,ng,20.8501692,0.0017867999999999998,3
7400_CC_3,7400,71.89,-7.99,36.65,-7.99,1.0,86.4,1,72.0,21.6,0,0,0,0,0,0,0,0,36.0,0,72.0,0,0,0,0,CC,ng,20.8501692,0.0017867999999999998,3
7400_CC_4,7400,71.89,-7.99,36.65,-7.99,1.0,86.4,1,72.0,21.6,0,0,0,0,0,0,0,0,36.0,0,72.0,0,0,0,0,CC,ng,20.8501692,0.0017867999999999998,3
7400_CC_5,7400,143.79,-15.98,73.3,-15.98,1.0,172.8,1,144.0,43.2,0,0,0,0,0,0,0,0,72.0,0,144.0,0,0,0,0,CC,ng,21.2812347,0.0017867999999999998,3
7400_CC_6,7400,445.74,-49.55,227.22,-49.55,1.0,535.68,1,446.4,133.92,0,0,0,0,0,0,0,0,140.71,0,446.4,0,0,0,0,CC,ng,23.091263099999995,0.0017867999999999998,3
7406_CC_1,7406,63.01,32.12,32.12,-7.0,1.04,75.72,1,63.1,18.93,0,0,0,0,0,0,0,0,31.55,0,63.1,0,0,0,0,CC,ng,22.952601,0.001972,3
7406_CC_2,7406,309.54,157.79,157.79,-34.41,1.04,372.0,1,310.0,93.0,0,0,0,0,0,0,0,0,129.42,0,310.0,0,0,0,0,CC,ng,24.583445,0.001972,3
7414_CC_1,7414,102.25,52.12,52.12,-11.37,1.03,122.88,1,102.4,30.72,0,0,0,0,0,0,0,0,51.2,0,102.4,0,0,0,0,CC,ng,23.212412,0.001972,3
7419_CC_1,7419,88.07,-9.79,44.89,-9.79,1.0,105.84,1,88.2,26.46,0,0,0,0,0,0,0,0,44.1,0,88.2,0,0,0,0,CC,ng,20.9471031,0.0017867999999999998,3
7419_CC_2,7419,88.07,-9.79,44.89,-9.79,1.0,105.84,1,88.2,26.46,0,0,0,0,0,0,0,0,44.1,0,88.2,0,0,0,0,CC,ng,20.9471031,0.0017867999999999998,3
7422_CC_1,7422,2.12,3.46,3.46,-0.75,1.04,8.16,1,6.8,2.04,0,0,0,0,0,0,0,0,3.4,0,6.8,0,0,0,0,CC,ng,20.460200099999998,0.0017867999999999998,3
7422_CC_2,7422,53.79,41.76,87.65,-19.11,1.04,206.64,1,172.2,51.66,0,0,0,0,0,0,0,0,86.1,0,172.2,0,0,0,0,CC,ng,21.450087299999996,0.0017867999999999998,3
7422_CC_3,7422,53.79,41.76,87.65,-19.11,1.04,206.64,1,172.2,51.66,0,0,0,0,0,0,0,0,86.1,0,172.2,0,0,0,0,CC,ng,21.450087299999996,0.0017867999999999998,3
7422_CC_4,7422,35.14,41.76,57.26,-12.49,1.04,135.0,1,112.5,33.75,0,0,0,0,0,0,0,0,56.25,0,112.5,0,0,0,0,CC,ng,21.092727299999996,0.0017867999999999998,3
7422_CC_5,7422,35.14,41.76,57.26,-12.49,1.04,135.0,1,112.5,33.75,0,0,0,0,0,0,0,0,56.25,0,112.5,0,0,0,0,CC,ng,21.092727299999996,0.0017867999999999998,3
7422_CC_6,7422,35.14,41.76,57.26,-12.49,1.04,135.0,1,112.5,33.75,0,0,0,0,0,0,0,0,56.25,0,112.5,0,0,0,0,CC,ng,21.092727299999996,0.0017867999999999998,3
7422_CC_7,7422,35.14,41.76,57.26,-12.49,1.04,135.0,1,112.5,33.75,0,0,0,0,0,0,0,0,56.25,0,112.5,0,0,0,0,CC,ng,21.092727299999996,0.0017867999999999998,3
7422_CC_8,7422,59.69,41.76,97.27,-21.21,1.04,229.32,1,191.1,57.33,0,0,0,0,0,0,0,0,95.55,0,191.1,0,0,0,0,CC,ng,21.5631024,0.0017867999999999998,3
7422_CC_9,7422,53.79,41.76,87.65,-19.11,1.04,206.64,1,172.2,51.66,0,0,0,0,0,0,0,0,86.1,0,172.2,0,0,0,0,CC,ng,21.450087299999996,0.0017867999999999998,3
7422_CC_10,7422,53.79,41.76,87.65,-19.11,1.04,206.64,1,172.2,51.66,0,0,0,0,0,0,0,0,86.1,0,172.2,0,0,0,0,CC,ng,21.450087299999996,0.0017867999999999998,3
7422_CC_11,7422,53.79,41.76,87.65,-19.11,1.04,206.64,1,172.2,51.66,0,0,0,0,0,0,0,0,86.1,0,172.2,0,0,0,0,CC,ng,21.450087299999996,0.0017867999999999998,3
7428_CC_1,7428,31.4,20.89,51.16,-11.16,1.04,120.62,1,100.52,30.16,0,0,0,0,0,0,0,0,50.26,0,100.52,0,0,0,0,CC,ng,21.0208086,0.0017867999999999998,3
7428_CC_2,7428,40.6,20.89,66.17,-14.43,1.04,156.0,1,130.0,39.0,0,0,0,0,0,0,0,0,65.0,0,130.0,0,0,0,0,CC,ng,21.1972551,0.0017867999999999998,3
7428_CC_3,7428,40.6,20.89,66.17,-14.43,1.04,156.0,1,130.0,39.0,0,0,0,0,0,0,0,0,65.0,0,130.0,0,0,0,0,CC,ng,21.1972551,0.0017867999999999998,3
7428_CC_4,7428,31.4,20.89,51.16,-11.16,1.04,120.62,1,100.52,30.16,0,0,0,0,0,0,0,0,50.26,0,100.52,0,0,0,0,CC,ng,21.0208086,0.0017867999999999998,3
7428_CC_5,7428,31.4,20.89,51.16,-11.16,1.04,120.62,1,100.52,30.16,0,0,0,0,0,0,0,0,50.26,0,100.52,0,0,0,0,CC,ng,21.0208086,0.0017867999999999998,3
7428_CC_6,7428,31.4,20.89,51.16,-11.16,1.04,120.62,1,100.52,30.16,0,0,0,0,0,0,0,0,50.26,0,100.52,0,0,0,0,CC,ng,21.0208086,0.0017867999999999998,3
7428_CC_7,7428,31.4,20.89,51.16,-11.16,1.04,120.62,1,100.52,30.16,0,0,0,0,0,0,0,0,50.26,0,100.52,0,0,0,0,CC,ng,21.0208086,0.0017867999999999998,3
7428_CC_8,7428,31.4,20.89,51.16,-11.16,1.04,120.62,1,100.52,30.16,0,0,0,0,0,0,0,0,50.26,0,100.52,0,0,0,0,CC,ng,21.0208086,0.0017867999999999998,3
7428_CC_9,7428,23.43,20.89,38.17,-8.33,1.04,90.0,1,75.0,22.5,0,0,0,0,0,0,0,0,37.5,0,75.0,0,0,0,0,CC,ng,20.868037199999996,0.0017867999999999998,3
7428_CC_10,7428,0.0,0.0,41.23,-8.99,1.04,97.2,0,81.0,24.3,0,0,0,0,0,0,0,0,40.5,0,81.0,0,0,0,0,CC,ng,20.9042199,0.0017867999999999998,3
7428_CC_11,7428,3.65,5.96,5.96,-1.3,1.04,14.04,1,11.7,3.51,0,0,0,0,0,0,0,0,5.85,0,11.7,0,0,0,0,CC,ng,20.4892356,0.0017867999999999998,3
8024_PV_1,8024,33.0,0.0,0.0,0.0,1.04,52.8,1,44.0,13.2,0,0,0,0,0,0,0,0,0.0,0,44.0,0,0,0,0,PV,solar,0.0,0.0,3
8033_CC_1,8033,0.0,0.0,119.58,-26.08,1.04,281.91,0,234.93,70.48,0,0,0,0,0,0,0,0,111.31,0,234.93,0,0,0,0,CC,ng,26.5011216,0.0021696,3
8034_CC_1,8034,0.0,0.0,119.58,-26.08,1.04,281.91,0,234.93,70.48,0,0,0,0,0,0,0,0,111.31,0,234.93,0,0,0,0,CC,ng,26.5011216,0.0021696,3
8035_CC_1,8035,0.0,0.0,119.58,-26.08,1.04,281.91,0,234.93,70.48,0,0,0,0,0,0,0,0,111.31,0,234.93,0,0,0,0,CC,ng,26.5011216,0.0021696,3
8036_CC_1,8036,0.0,0.0,119.58,-26.08,1.04,281.91,0,234.93,70.48,0,0,0,0,0,0,0,0,111.31,0,234.93,0,0,0,0,CC,ng,26.5011216,0.0021696,3
8046_CC_1,8046,172.42,-19.17,87.89,-19.17,1.01,207.2,1,172.67,51.8,0,0,0,0,0,0,0,0,86.33,0,172.67,0,0,0,0,CC,ng,26.048759999999998,0.0021696,3
8047_CC_1,8047,0.0,0.0,87.89,-19.17,1.01,207.2,0,172.67,51.8,0,0,0,0,0,0,0,0,86.33,0,172.67,0,0,0,0,CC,ng,26.048759999999998,0.0021696,3
8048_CC_1,8048,172.42,76.28,87.89,-19.17,1.04,207.2,1,172.67,51.8,0,0,0,0,0,0,0,0,86.33,0,172.67,0,0,0,0,CC,ng,26.048759999999998,0.0021696,3
8049_CC_1,8049,172.42,-19.17,87.89,-19.17,1.01,207.2,1,172.67,51.8,0,0,0,0,0,0,0,0,86.33,0,172.67,0,0,0,0,CC,ng,26.048759999999998,0.0021696,3
8050_CC_1,8050,0.0,0.0,87.89,-19.17,1.01,207.2,0,172.67,51.8,0,0,0,0,0,0,0,0,86.33,0,172.67,0,0,0,0,CC,ng,26.048759999999998,0.0021696,3
8051_CC_1,8051,0.0,0.0,87.89,-19.17,1.01,207.2,0,172.67,51.8,0,0,0,0,0,0,0,0,86.33,0,172.67,0,0,0,0,CC,ng,26.048759999999998,0.0021696,3
8060_STEAM_1,8060,0.0,0.0,276.52,-72.39,1.0,712.08,0,593.4,178.02,0,0,0,0,0,0,0,0,188.73,0,593.4,0,0,0,0,STEAM,coal,22.030441200000002,0.0021984,3
8061_STEAM_1,8061,0.0,0.0,276.52,-72.39,1.0,712.08,0,593.4,178.02,0,0,0,0,0,0,0,0,188.73,0,593.4,0,0,0,0,STEAM,coal,22.030441200000002,0.0021984,3
8070_STEAM_1,8070,0.0,0.0,431.0,-112.84,1.0,1109.88,0,924.9,277.47,0,0,0,0,0,0,0,0,230.28,0,924.9,0,0,0,0,STEAM,coal,22.030441200000002,0.0021984,3
8071_STEAM_1,8071,923.54,-112.84,431.0,-112.84,1.0,1109.88,1,924.9,277.47,0,0,0,0,0,0,0,0,230.28,0,924.9,0,0,0,0,STEAM,coal,22.030441200000002,0.0021984,3
8077_CC_1,8077,234.55,2.31,119.56,-26.07,1.03,281.88,1,234.9,70.47,0,0,0,0,0,0,0,0,111.3,0,234.9,0,0,0,0,CC,ng,22.1086975,0.0018100000000000002,3
8078_CC_1,8078,234.55,1.15,119.56,-26.07,1.03,281.88,1,234.9,70.47,0,0,0,0,0,0,0,0,111.3,0,234.9,0,0,0,0,CC,ng,22.1086975,0.0018100000000000002,3
8079_CC_1,8079,234.55,0.28,119.56,-26.07,1.03,281.88,1,234.9,70.47,0,0,0,0,0,0,0,0,111.3,0,234.9,0,0,0,0,CC,ng,22.1086975,0.0018100000000000002,3
8080_CC_1,8080,234.55,1.1,119.56,-26.07,1.03,281.88,1,234.9,70.47,0,0,0,0,0,0,0,0,111.3,0,234.9,0,0,0,0,CC,ng,22.1086975,0.0018100000000000002,3
8087_STEAM_1,8087,0.0,0.0,418.33,-109.52,1.04,1077.24,0,897.7,269.31,0,0,0,0,0,0,0,0,228.6,0,897.7,0,0,0,0,STEAM,coal,22.030441200000002,0.0021984,3
8088_STEAM_1,8088,896.38,112.95,418.33,-109.52,1.04,1077.24,1,897.7,269.31,0,0,0,0,0,0,0,0,228.6,0,897.7,0,0,0,0,STEAM,coal,22.030441200000002,0.0021984,3
8099_PV_1,8099,85.5,0.0,0.0,0.0,1.04,136.8,1,114.0,34.2,0,0,0,0,0,0,0,0,0.0,0,114.0,0,0,0,0,PV,solar,0.0,0.0,3
8115_STEAM_1,8115,0.0,0.0,4.66,-1.22,1.04,12.0,0,10.0,3.0,0,0,0,0,0,0,0,0,4.0,0,10.0,0,0,0,0,STEAM,coal,25.774333499999997,0.002572,3
8116_STEAM_1,8116,0.0,0.0,163.89,-42.91,1.04,422.04,0,351.7,105.51,0,0,0,0,0,0,0,0,129.56,0,351.7,0,0,0,0,STEAM,coal,25.774333499999997,0.002572,3
8117_STEAM_1,8117,230.48,55.6,163.89,-42.91,1.04,422.04,1,351.7,105.51,0,0,0,0,0,0,0,0,129.56,0,351.7,0,0,0,0,STEAM,coal,25.774333499999997,0.002572,3
8129_STEAM_1,8129,659.03,-43.88,307.56,-80.52,1.03,792.0,1,660.0,198.0,0,0,0,0,0,0,0,0,200.75,0,660.0,0,0,0,0,STEAM,coal,19.8738951,0.0019832,3
8130_STEAM_1,8130,659.03,-6.48,307.56,-80.52,1.03,792.0,1,660.0,198.0,0,0,0,0,0,0,0,0,200.75,0,660.0,0,0,0,0,STEAM,coal,19.8738951,0.0019832,3
8131_STEAM_1,8131,659.03,-31.64,307.56,-80.52,1.03,792.0,1,660.0,198.0,0,0,0,0,0,0,0,0,200.75,0,660.0,0,0,0,0,STEAM,coal,19.8738951,0.0019832,3
8147_STEAM_1,8147,0.0,0.0,1.86,-0.49,1.03,4.8,0,4.0,1.2,0,0,0,0,0,0,0,0,1.6,0,4.0,0,0,0,0,STEAM,coal,25.774333499999997,0.002572,3
8147_STEAM_2,8147,0.0,0.0,111.51,-29.19,1.03,287.16,0,239.3,71.79,0,0,0,0,0,0,0,0,93.76,0,239.3,0,0,0,0,STEAM,coal,25.774333499999997,0.002572,3
8152_CC_1,8152,0.0,0.0,11.2,-2.44,1.0,26.4,0,22.0,6.6,0,0,0,0,0,0,0,0,11.0,0,22.0,0,0,0,0,CC,ng,24.953654399999998,0.0021696,3
8155_STEAM_1,8155,0.0,0.0,81.36,-21.3,1.0,209.52,0,174.6,52.38,0,0,0,0,0,0,0,0,69.84,0,174.6,0,0,0,0,STEAM,coal,22.030441200000002,0.0021984,3
8155_STEAM_2,8155,174.34,-21.3,81.36,-21.3,1.0,209.52,1,174.6,52.38,0,0,0,0,0,0,0,0,69.84,0,174.6,0,0,0,0,STEAM,coal,22.030441200000002,0.0021984,3
8158_CC_1,8158,0.0,0.0,53.44,-11.65,1.0,126.0,0,105.0,31.5,0,0,0,0,0,0,0,0,52.5,0,105.0,0,0,0,0,CC,ng,25.556803199999997,0.0021696,3
8158_CC_2,8158,0.0,0.0,49.98,-10.9,1.0,117.84,0,98.2,29.46,0,0,0,0,0,0,0,0,49.1,0,98.2,0,0,0,0,CC,ng,25.5074448,0.0021696,3
2063_HYDRO_1,2063,0.0,0.0,0.0,0.0,1.0,100.0,1,80.0,0.0,0,0,0,0,0,0,0,0,0.0,0,0.0,0,0,0,0,HYDRO,hydro,0.0,0.0,3
3050_HYDRO_1,3050,0.0,0.0,0.0,0.0,1.0,100.0,1,75.8,0.0,0,0,0,0,0,0,0,0,0.0,0,0.0,0,0,0,0,HYDRO,hydro,0.0,0.0,3
6161_HYDRO_1,6161,0.0,0.0,0.0,0.0,1.0,30.0,1,22.1,0.0,0,0,0,0,0,0,0,0,0.0,0,0.0,0,0,0,0,HYDRO,hydro,0.0,0.0,3
5088_HYDRO_1,5088,0.0,0.0,0.0,0.0,1.0,50.0,1,48.0,0.0,0,0,0,0,0,0,0,0,0.0,0,0.0,0,0,0,0,HYDRO,hydro,0.0,0.0,3
