,Total Life Cycle H2 Production (tonnes-H2/MW),Total Scope 2 (Combustion) GHG Emissions (tonnes-CO2e/MW),Total Scope 3 (Production) GHG Emissions (tonnes-CO2e/MW),Total Life Cycle Emissions (tonnes-CO2e/MW),Annaul Average Grid Emission Intensity (kg-CO2/MWh),SMR Scope 3 GHG Emissions (kg-CO2e/kg-H2),SMR Scope 2 GHG Emissions (kg-CO2e/kg-H2),SMR Scope 1 GHG Emissions (kg-CO2e/kg-H2),SMR Total GHG Emissions (kg-CO2e/kg-H2),Ammonia SMR Scope 3 GHG Emissions (kg-CO2e/kg-NH3),Ammonia SMR Scope 2 GHG Emissions (kg-CO2e/kg-NH3),Ammonia SMR Scope 1 GHG Emissions (kg-CO2e/kg-NH3),Ammonia SMR Total GHG Emissions (kg-CO2e/kg-NH3),Steel SMR Scope 3 GHG Emissions (kg-CO2e/MT steel),Steel SMR Scope 2 GHG Emissions (kg-CO2e/MT steel),Steel SMR Scope 1 GHG Emissions (kg-CO2e/MT steel),Steel SMR Total GHG Emissions (kg-CO2e/MT steel),SMR with CCS Scope 3 GHG Emissions (kg-CO2e/kg-H2),SMR with CCS Scope 2 GHG Emissions (kg-CO2e/kg-H2),SMR with CCS Scope 1 GHG Emissions (kg-CO2e/kg-H2),SMR with CCS Total GHG Emissions (kg-CO2e/kg-H2),Ammonia SMR with CCS Scope 3 GHG Emissions (kg-CO2e/kg-NH3),Ammonia SMR with CCS Scope 2 GHG Emissions (kg-CO2e/kg-NH3),Ammonia SMR with CCS Scope 1 GHG Emissions (kg-CO2e/kg-NH3),Ammonia SMR with CCS Total GHG Emissions (kg-CO2e/kg-NH3),Steel SMR with CCS Scope 3 GHG Emissions (kg-CO2e/MT steel),Steel SMR with CCS Scope 2 GHG Emissions (kg-CO2e/MT steel),Steel SMR with CCS Scope 1 GHG Emissions (kg-CO2e/MT steel),Steel SMR with CCS Total GHG Emissions (kg-CO2e/MT steel),Electrolysis Scope 3 GHG Emissions (kg-CO2e/kg-H2),Electrolysis Scope 2 GHG Emissions (kg-CO2e/kg-H2),Electrolysis Scope 1 GHG Emissions (kg-CO2e/kg-H2),Electrolysis Total GHG Emissions (kg-CO2e/kg-H2),Ammonia Electrolysis Scope 3 GHG Emissions (kg-CO2e/kg-NH3),Ammonia Electrolysis Scope 2 GHG Emissions (kg-CO2e/kg-NH3),Ammonia Electrolysis Scope 1 GHG Emissions (kg-CO2e/kg-NH3),Ammonia Electrolysis Total GHG Emissions (kg-CO2e/kg-NH3),Steel Electrolysis Scope 3 GHG Emissions (kg-CO2e/MT steel),Steel Electrolysis Scope 2 GHG Emissions (kg-CO2e/MT steel),Steel Electrolysis Scope 1 GHG Emissions (kg-CO2e/MT steel),Steel Electrolysis Total GHG Emissions (kg-CO2e/MT steel),Year,Site,Turbine Size,Electrolysis case,Policy Option,Grid Case
0,4776142.968000001,77504208.0,12821502.0,90325587.0,343.7046689497734,1.3673392200913241,0.0063424477168949785,8.298866666666667,9.672548334474886,2.09081571803653,0.02585767146118722,0.5,2.616673389497717,908.0993943911392,26.84319026027398,213.95,1148.8925846514132,1.7713756164383563,0.07318208904109591,0.4149433333333337,2.259501038812786,0.6082062589041098,0.02585767146118722,0.5,1.134063930365297,419.13479476926716,26.84319026027398,213.95,659.9279850295411,2.7034887361839117,16.22736348540561,0,18.93085222158952,3.942476495459457,0.02585767146118722,0.5,4.468334166920644,1518.7771187852206,26.84319026027398,213.95,1759.5703090454947,2020,IA,8MW,max,Centralized,grid-only-retail-flat
1,4776142.968000001,44695163.594550006,7471424.243070001,52166523.926340014,343.7046689497734,1.3673392200913241,0.0063424477168949785,8.298866666666667,9.672548334474886,2.09081571803653,0.02585767146118722,0.5,2.616673389497717,908.0993943911392,26.84319026027398,213.95,1148.8925846514132,1.7713756164383563,0.07318208904109591,0.4149433333333337,2.259501038812786,0.6082062589041098,0.02585767146118722,0.5,1.134063930365297,419.13479476926716,26.84319026027398,213.95,659.9279850295411,2.1333217326466762,9.35800370592047,0,11.491325438567147,2.4545711388549822,0.02585767146118722,0.5,2.9804288103161696,1028.0659321770647,26.84319026027398,213.95,1268.8591224373388,2020,IA,8MW,max,Centralized,hybrid-grid-retail-flat
2,1605821.0039999997,0.0,0.0,0.0,343.7046689497734,1.3673392200913241,0.0063424477168949785,8.298866666666667,9.672548334474886,2.09081571803653,0.02585767146118722,0.5,2.616673389497717,908.0993943911392,26.84319026027398,213.95,1148.8925846514132,1.7713756164383563,0.07318208904109591,0.4149433333333337,2.259501038812786,0.6082062589041098,0.02585767146118722,0.5,1.134063930365297,419.13479476926716,26.84319026027398,213.95,659.9279850295411,0.5690000000000001,0.0,0,0.5690000000000001,0.2701060511415526,0.02585767146118722,0.5,0.7959637226027398,307.62934624917574,26.84319026027398,213.95,548.4225365094497,2020,IA,8MW,max,Centralized,off-grid
3,1605821.0039999997,0.0,0.0,0.0,343.7046689497734,1.3673392200913241,0.0063424477168949785,8.298866666666667,9.672548334474886,2.09081571803653,0.02585767146118722,0.5,2.616673389497717,908.0993943911392,26.84319026027398,213.95,1148.8925846514132,1.7713756164383563,0.07318208904109591,0.4149433333333337,2.259501038812786,0.6082062589041098,0.02585767146118722,0.5,1.134063930365297,419.13479476926716,26.84319026027398,213.95,659.9279850295411,0.5690000000000001,0.0,0,0.5690000000000001,0.2701060511415526,0.02585767146118722,0.5,0.7959637226027398,307.62934624917574,26.84319026027398,213.95,548.4225365094497,2020,IA,8MW,max,Distributed,off-grid
4,4776142.968000001,77504208.0,12821502.0,90325587.0,343.7046689497734,1.3673392200913241,0.0063424477168949785,8.298866666666667,9.672548334474886,2.09081571803653,0.02585767146118722,0.5,2.616673389497717,908.0993943911392,26.84319026027398,213.95,1148.8925846514132,1.7713756164383563,0.07318208904109591,0.4149433333333337,2.259501038812786,0.6082062589041098,0.02585767146118722,0.5,1.134063930365297,419.13479476926716,26.84319026027398,213.95,659.9279850295411,2.7034887361839117,16.22736348540561,0,18.93085222158952,3.942476495459457,0.02585767146118722,0.5,4.468334166920644,1518.7771187852206,26.84319026027398,213.95,1759.5703090454947,2020,IA,8MW,no-policy,Centralized,grid-only-retail-flat
5,4776142.968000001,44695163.594550006,7471424.243070001,52166523.926340014,343.7046689497734,1.3673392200913241,0.0063424477168949785,8.298866666666667,9.672548334474886,2.09081571803653,0.02585767146118722,0.5,2.616673389497717,908.0993943911392,26.84319026027398,213.95,1148.8925846514132,1.7713756164383563,0.07318208904109591,0.4149433333333337,2.259501038812786,0.6082062589041098,0.02585767146118722,0.5,1.134063930365297,419.13479476926716,26.84319026027398,213.95,659.9279850295411,2.1333217326466762,9.35800370592047,0,11.491325438567147,2.4545711388549822,0.02585767146118722,0.5,2.9804288103161696,1028.0659321770647,26.84319026027398,213.95,1268.8591224373388,2020,IA,8MW,no-policy,Centralized,hybrid-grid-retail-flat
6,1605821.0039999997,0.0,0.0,0.0,343.7046689497734,1.3673392200913241,0.0063424477168949785,8.298866666666667,9.672548334474886,2.09081571803653,0.02585767146118722,0.5,2.616673389497717,908.0993943911392,26.84319026027398,213.95,1148.8925846514132,1.7713756164383563,0.07318208904109591,0.4149433333333337,2.259501038812786,0.6082062589041098,0.02585767146118722,0.5,1.134063930365297,419.13479476926716,26.84319026027398,213.95,659.9279850295411,0.5690000000000001,0.0,0,0.5690000000000001,0.2701060511415526,0.02585767146118722,0.5,0.7959637226027398,307.62934624917574,26.84319026027398,213.95,548.4225365094497,2020,IA,8MW,no-policy,Centralized,off-grid
7,1605821.0039999997,0.0,0.0,0.0,343.7046689497734,1.3673392200913241,0.0063424477168949785,8.298866666666667,9.672548334474886,2.09081571803653,0.02585767146118722,0.5,2.616673389497717,908.0993943911392,26.84319026027398,213.95,1148.8925846514132,1.7713756164383563,0.07318208904109591,0.4149433333333337,2.259501038812786,0.6082062589041098,0.02585767146118722,0.5,1.134063930365297,419.13479476926716,26.84319026027398,213.95,659.9279850295411,0.5690000000000001,0.0,0,0.5690000000000001,0.2701060511415526,0.02585767146118722,0.5,0.7959637226027398,307.62934624917574,26.84319026027398,213.95,548.4225365094497,2020,IA,8MW,no-policy,Distributed,off-grid
8,4776142.968000001,76827483.0,13388976.0,90216381.0,343.2891210045677,1.367004462671233,0.0066231616438355845,8.298866666666667,9.672494290981735,2.0894401290867584,0.027002120547945076,0.5,2.6164422496347033,906.6790332782215,28.031257972602603,213.95,1148.660291250824,1.7675130308219182,0.07642109589041059,0.4149433333333337,2.2588774600456625,0.6067167628995437,0.027002120547945076,0.5,1.1337188834474887,417.6768671096782,28.031257972602603,213.95,659.6581250822808,2.8223030187131526,16.085674887611525,0,18.90797790632468,3.936536852155347,0.027002120547945076,0.5,4.463538972703292,1515.851532546242,28.031257972602603,213.95,1757.8327905188446,2020,IN,6MW,max,Centralized,grid-only-retail-flat
9,4776142.968000001,43948191.44664,7632076.87965,51580246.63812,343.2891210045677,1.367004462671233,0.0066231616438355845,8.298866666666667,9.672494290981735,2.0894401290867584,0.027002120547945076,0.5,2.6164422496347033,906.6790332782215,28.031257972602603,213.95,1148.660291250824,1.7675130308219182,0.07642109589041059,0.4149433333333337,2.2588774600456625,0.6067167628995437,0.027002120547945076,0.5,1.1337188834474887,417.6768671096782,28.031257972602603,213.95,659.6581250822808,2.166958212470745,9.201607184100522,0,11.368565396571267,2.4286543502046642,0.027002120547945076,0.5,2.955656470752609,1018.551883402907,28.031257972602603,213.95,1260.5331413755096,2020,IN,6MW,max,Centralized,hybrid-grid-retail-flat
10,1583065.1519999995,0.0,0.0,0.0,343.2891210045677,1.367004462671233,0.0066231616438355845,8.298866666666667,9.672494290981735,2.0894401290867584,0.027002120547945076,0.5,2.6164422496347033,906.6790332782215,28.031257972602603,213.95,1148.660291250824,1.7675130308219182,0.07642109589041059,0.4149433333333337,2.2588774600456625,0.6067167628995437,0.027002120547945076,0.5,1.1337188834474887,417.6768671096782,28.031257972602603,213.95,659.6581250822808,0.5690000000000001,0.0,0,0.5690000000000001,0.26874127089041117,0.027002120547945076,0.5,0.7957433914383563,306.2125498450663,28.031257972602603,213.95,548.1938078176688,2020,IN,6MW,max,Centralized,off-grid
11,1583065.1519999995,0.0,0.0,0.0,343.2891210045677,1.367004462671233,0.0066231616438355845,8.298866666666667,9.672494290981735,2.0894401290867584,0.027002120547945076,0.5,2.6164422496347033,906.6790332782215,28.031257972602603,213.95,1148.660291250824,1.7675130308219182,0.07642109589041059,0.4149433333333337,2.2588774600456625,0.6067167628995437,0.027002120547945076,0.5,1.1337188834474887,417.6768671096782,28.031257972602603,213.95,659.6581250822808,0.5690000000000001,0.0,0,0.5690000000000001,0.26874127089041117,0.027002120547945076,0.5,0.7957433914383563,306.2125498450663,28.031257972602603,213.95,548.1938078176688,2020,IN,6MW,max,Distributed,off-grid
12,4776142.968000001,76827483.0,13388976.0,90216381.0,343.2891210045677,1.367004462671233,0.0066231616438355845,8.298866666666667,9.672494290981735,2.0894401290867584,0.027002120547945076,0.5,2.6164422496347033,906.6790332782215,28.031257972602603,213.95,1148.660291250824,1.7675130308219182,0.07642109589041059,0.4149433333333337,2.2588774600456625,0.6067167628995437,0.027002120547945076,0.5,1.1337188834474887,417.6768671096782,28.031257972602603,213.95,659.6581250822808,2.8223030187131526,16.085674887611525,0,18.90797790632468,3.936536852155347,0.027002120547945076,0.5,4.463538972703292,1515.851532546242,28.031257972602603,213.95,1757.8327905188446,2020,IN,6MW,no-policy,Centralized,grid-only-retail-flat
13,4776142.968000001,43948191.44664,7632076.87965,51580246.63812,343.2891210045677,1.367004462671233,0.0066231616438355845,8.298866666666667,9.672494290981735,2.0894401290867584,0.027002120547945076,0.5,2.6164422496347033,906.6790332782215,28.031257972602603,213.95,1148.660291250824,1.7675130308219182,0.07642109589041059,0.4149433333333337,2.2588774600456625,0.6067167628995437,0.027002120547945076,0.5,1.1337188834474887,417.6768671096782,28.031257972602603,213.95,659.6581250822808,2.166958212470745,9.201607184100522,0,11.368565396571267,2.4286543502046642,0.027002120547945076,0.5,2.955656470752609,1018.551883402907,28.031257972602603,213.95,1260.5331413755096,2020,IN,6MW,no-policy,Centralized,hybrid-grid-retail-flat
14,1583065.1519999995,0.0,0.0,0.0,343.2891210045677,1.367004462671233,0.0066231616438355845,8.298866666666667,9.672494290981735,2.0894401290867584,0.027002120547945076,0.5,2.6164422496347033,906.6790332782215,28.031257972602603,213.95,1148.660291250824,1.7675130308219182,0.07642109589041059,0.4149433333333337,2.2588774600456625,0.6067167628995437,0.027002120547945076,0.5,1.1337188834474887,417.6768671096782,28.031257972602603,213.95,659.6581250822808,0.5690000000000001,0.0,0,0.5690000000000001,0.26874127089041117,0.027002120547945076,0.5,0.7957433914383563,306.2125498450663,28.031257972602603,213.95,548.1938078176688,2020,IN,6MW,no-policy,Centralized,off-grid
15,1583065.1519999995,0.0,0.0,0.0,343.2891210045677,1.367004462671233,0.0066231616438355845,8.298866666666667,9.672494290981735,2.0894401290867584,0.027002120547945076,0.5,2.6164422496347033,906.6790332782215,28.031257972602603,213.95,1148.660291250824,1.7675130308219182,0.07642109589041059,0.4149433333333337,2.2588774600456625,0.6067167628995437,0.027002120547945076,0.5,1.1337188834474887,417.6768671096782,28.031257972602603,213.95,659.6581250822808,0.5690000000000001,0.0,0,0.5690000000000001,0.26874127089041117,0.027002120547945076,0.5,0.7957433914383563,306.2125498450663,28.031257972602603,213.95,548.1938078176688,2020,IN,6MW,no-policy,Distributed,off-grid
16,4776142.968000001,76384293.0,18652953.0,95037336.0,361.63369863013736,1.366785228652968,0.009227107648401817,8.298866666666667,9.674879002968037,2.0890232712557077,0.03761820810502279,0.5,2.6266414793607304,905.9084630589198,39.05195867808215,213.95,1158.9104217370018,1.7649834075342463,0.10646662671232865,0.4149433333333337,2.2863933675799086,0.6113261441780821,0.03761820810502279,0.5,1.1489443522831049,418.56395054871894,39.05195867808215,213.95,671.5659092268011,3.924442765213304,15.992882439192506,0,19.91732520440581,4.137512511543263,0.03761820810502279,0.5,4.675130719648286,1581.5002145057556,39.05195867808215,213.95,1834.5021731838378,2020,MS,4MW,max,Centralized,grid-only-retail-flat
17,4776142.968000001,52770788.00670001,12843089.86668,65613920.40927,361.63369863013736,1.366785228652968,0.009227107648401817,8.298866666666667,9.674879002968037,2.0890232712557077,0.03761820810502279,0.5,2.6266414793607304,905.9084630589198,39.05195867808215,213.95,1158.9104217370018,1.7649834075342463,0.10646662671232865,0.4149433333333337,2.2863933675799086,0.6113261441780821,0.03761820810502279,0.5,1.1489443522831049,418.56395054871894,39.05195867808215,213.95,671.5659092268011,3.2580086734690052,11.04882922480808,0,14.306837898277085,3.015415050317517,0.03761820810502279,0.5,3.55303325842254,1211.4324717935046,39.05195867808215,213.95,1464.434430471587,2020,MS,4MW,max,Centralized,hybrid-grid-retail-flat
18,1448721.7920000004,0.0,0.0,0.0,361.63369863013736,1.366785228652968,0.009227107648401817,8.298866666666667,9.674879002968037,2.0890232712557077,0.03761820810502279,0.5,2.6266414793607304,905.9084630589198,39.05195867808215,213.95,1158.9104217370018,1.7649834075342463,0.10646662671232865,0.4149433333333337,2.2863933675799086,0.6113261441780821,0.03761820810502279,0.5,1.1489443522831049,418.56395054871894,39.05195867808215,213.95,671.5659092268011,0.5690000000000001,0.0,0,0.5690000000000001,0.26784747066210035,0.03761820810502279,0.5,0.8054656787671232,305.2846840231481,39.05195867808215,213.95,558.2866427012302,2020,MS,4MW,max,Centralized,off-grid
19,1448721.7920000004,0.0,0.0,0.0,361.63369863013736,1.366785228652968,0.009227107648401817,8.298866666666667,9.674879002968037,2.0890232712557077,0.03761820810502279,0.5,2.6266414793607304,905.9084630589198,39.05195867808215,213.95,1158.9104217370018,1.7649834075342463,0.10646662671232865,0.4149433333333337,2.2863933675799086,0.6113261441780821,0.03761820810502279,0.5,1.1489443522831049,418.56395054871894,39.05195867808215,213.95,671.5659092268011,0.5690000000000001,0.0,0,0.5690000000000001,0.26784747066210035,0.03761820810502279,0.5,0.8054656787671232,305.2846840231481,39.05195867808215,213.95,558.2866427012302,2020,MS,4MW,max,Distributed,off-grid
20,4776142.968000001,76384293.0,18652953.0,95037336.0,361.63369863013736,1.366785228652968,0.009227107648401817,8.298866666666667,9.674879002968037,2.0890232712557077,0.03761820810502279,0.5,2.6266414793607304,905.9084630589198,39.05195867808215,213.95,1158.9104217370018,1.7649834075342463,0.10646662671232865,0.4149433333333337,2.2863933675799086,0.6113261441780821,0.03761820810502279,0.5,1.1489443522831049,418.56395054871894,39.05195867808215,213.95,671.5659092268011,3.924442765213304,15.992882439192506,0,19.91732520440581,4.137512511543263,0.03761820810502279,0.5,4.675130719648286,1581.5002145057556,39.05195867808215,213.95,1834.5021731838378,2020,MS,4MW,no-policy,Centralized,grid-only-retail-flat
21,4776142.968000001,52770626.61333001,12843053.08974,65613722.297340006,361.63369863013736,1.366785228652968,0.009227107648401817,8.298866666666667,9.674879002968037,2.0890232712557077,0.03761820810502279,0.5,2.6266414793607304,905.9084630589198,39.05195867808215,213.95,1158.9104217370018,1.7649834075342463,0.10646662671232865,0.4149433333333337,2.2863933675799086,0.6113261441780821,0.03761820810502279,0.5,1.1489443522831049,418.56395054871894,39.05195867808215,213.95,671.5659092268011,3.258000973335185,11.04879543323796,0,14.306796406573145,3.0154067519767294,0.03761820810502279,0.5,3.553024960081752,1211.4297350007128,39.05195867808215,213.95,1464.431693678795,2020,MS,4MW,no-policy,Centralized,hybrid-grid-retail-flat
22,1448721.7920000004,0.0,0.0,0.0,361.63369863013736,1.366785228652968,0.009227107648401817,8.298866666666667,9.674879002968037,2.0890232712557077,0.03761820810502279,0.5,2.6266414793607304,905.9084630589198,39.05195867808215,213.95,1158.9104217370018,1.7649834075342463,0.10646662671232865,0.4149433333333337,2.2863933675799086,0.6113261441780821,0.03761820810502279,0.5,1.1489443522831049,418.56395054871894,39.05195867808215,213.95,671.5659092268011,0.5690000000000001,0.0,0,0.5690000000000001,0.26784747066210035,0.03761820810502279,0.5,0.8054656787671232,305.2846840231481,39.05195867808215,213.95,558.2866427012302,2020,MS,4MW,no-policy,Centralized,off-grid
23,1448721.7920000004,0.0,0.0,0.0,361.63369863013736,1.366785228652968,0.009227107648401817,8.298866666666667,9.674879002968037,2.0890232712557077,0.03761820810502279,0.5,2.6266414793607304,905.9084630589198,39.05195867808215,213.95,1158.9104217370018,1.7649834075342463,0.10646662671232865,0.4149433333333337,2.2863933675799086,0.6113261441780821,0.03761820810502279,0.5,1.1489443522831049,418.56395054871894,39.05195867808215,213.95,671.5659092268011,0.5690000000000001,0.0,0,0.5690000000000001,0.26784747066210035,0.03761820810502279,0.5,0.8054656787671232,305.2846840231481,39.05195867808215,213.95,558.2866427012302,2020,MS,4MW,no-policy,Distributed,off-grid
24,4776142.968000001,77070660.0,16208115.0,93278583.0,354.94133561643747,1.3671247557077624,0.00801771289954333,8.298866666666667,9.674009135273971,2.0902335234018263,0.03268759874429204,0.5,2.6229211221461184,907.2880695515727,33.93342797945184,213.95,1155.1714975310244,1.7689010273972596,0.09251207191780765,0.4149433333333337,2.276356432648401,0.610702982876712,0.03268759874429204,0.5,1.143390581621004,419.3388972863901,33.93342797945184,213.95,667.2223252658418,3.4125573345676274,16.136589820776063,0,19.54914715534369,4.06526112741577,0.03268759874429204,0.5,4.5979487261600624,1558.6521733553714,33.93342797945184,213.95,1806.5356013348232,2020,TX,6MW,max,Centralized,grid-only-retail-flat
25,4776142.968000001,38330996.5881,8003951.872590001,46334821.934520006,354.94133561643747,1.3671247557077624,0.00801771289954333,8.298866666666667,9.674009135273971,2.0902335234018263,0.03268759874429204,0.5,2.6229211221461184,907.2880695515727,33.93342797945184,213.95,1155.1714975310244,1.7689010273972596,0.09251207191780765,0.4149433333333337,2.276356432648401,0.610702982876712,0.03268759874429204,0.5,1.143390581621004,419.3388972863901,33.93342797945184,213.95,667.2223252658418,2.244819154957507,8.025512813355128,0,10.270331968312636,2.209498090009559,0.03268759874429204,0.5,2.742185688753851,946.6215236188029,33.93342797945184,213.95,1194.5049515982548,2020,TX,6MW,max,Centralized,hybrid-grid-retail-flat
26,2352183.5159999994,0.0,0.0,0.0,354.94133561643747,1.3671247557077624,0.00801771289954333,8.298866666666667,9.674009135273971,2.0902335234018263,0.03268759874429204,0.5,2.6229211221461184,907.2880695515727,33.93342797945184,213.95,1155.1714975310244,1.7689010273972596,0.09251207191780765,0.4149433333333337,2.276356432648401,0.610702982876712,0.03268759874429204,0.5,1.143390581621004,419.3388972863901,33.93342797945184,213.95,667.2223252658418,0.5690000000000001,0.0,0,0.5690000000000001,0.2692316963470318,0.03268759874429204,0.5,0.8019192950913239,306.72166698890146,33.93342797945184,213.95,554.6050949683533,2020,TX,6MW,max,Centralized,off-grid
27,2352183.5159999994,0.0,0.0,0.0,354.94133561643747,1.3671247557077624,0.00801771289954333,8.298866666666667,9.674009135273971,2.0902335234018263,0.03268759874429204,0.5,2.6229211221461184,907.2880695515727,33.93342797945184,213.95,1155.1714975310244,1.7689010273972596,0.09251207191780765,0.4149433333333337,2.276356432648401,0.610702982876712,0.03268759874429204,0.5,1.143390581621004,419.3388972863901,33.93342797945184,213.95,667.2223252658418,0.5690000000000001,0.0,0,0.5690000000000001,0.2692316963470318,0.03268759874429204,0.5,0.8019192950913239,306.72166698890146,33.93342797945184,213.95,554.6050949683533,2020,TX,6MW,max,Distributed,off-grid
28,4776142.968000001,77070660.0,16208115.0,93278583.0,354.94133561643747,1.3671247557077624,0.00801771289954333,8.298866666666667,9.674009135273971,2.0902335234018263,0.03268759874429204,0.5,2.6229211221461184,907.2880695515727,33.93342797945184,213.95,1155.1714975310244,1.7689010273972596,0.09251207191780765,0.4149433333333337,2.276356432648401,0.610702982876712,0.03268759874429204,0.5,1.143390581621004,419.3388972863901,33.93342797945184,213.95,667.2223252658418,3.4125573345676274,16.136589820776063,0,19.54914715534369,4.06526112741577,0.03268759874429204,0.5,4.5979487261600624,1558.6521733553714,33.93342797945184,213.95,1806.5356013348232,2020,TX,6MW,no-policy,Centralized,grid-only-retail-flat
29,4776142.968000001,38331285.98925001,8003991.686969999,46335151.23042,354.94133561643747,1.3671247557077624,0.00801771289954333,8.298866666666667,9.674009135273971,2.0902335234018263,0.03268759874429204,0.5,2.6229211221461184,907.2880695515727,33.93342797945184,213.95,1155.1714975310244,1.7689010273972596,0.09251207191780765,0.4149433333333337,2.276356432648401,0.610702982876712,0.03268759874429204,0.5,1.143390581621004,419.3388972863901,33.93342797945184,213.95,667.2223252658418,2.2448274910521895,8.02557340642195,0,10.27040089747414,2.20951187584186,0.03268759874429204,0.5,2.742199474586152,946.6260701862958,33.93342797945184,213.95,1194.5094981657476,2020,TX,6MW,no-policy,Centralized,hybrid-grid-retail-flat
30,2352183.5159999994,0.0,0.0,0.0,354.94133561643747,1.3671247557077624,0.00801771289954333,8.298866666666667,9.674009135273971,2.0902335234018263,0.03268759874429204,0.5,2.6229211221461184,907.2880695515727,33.93342797945184,213.95,1155.1714975310244,1.7689010273972596,0.09251207191780765,0.4149433333333337,2.276356432648401,0.610702982876712,0.03268759874429204,0.5,1.143390581621004,419.3388972863901,33.93342797945184,213.95,667.2223252658418,0.5690000000000001,0.0,0,0.5690000000000001,0.2692316963470318,0.03268759874429204,0.5,0.8019192950913239,306.72166698890146,33.93342797945184,213.95,554.6050949683533,2020,TX,6MW,no-policy,Centralized,off-grid
31,2352183.5159999994,0.0,0.0,0.0,354.94133561643747,1.3671247557077624,0.00801771289954333,8.298866666666667,9.674009135273971,2.0902335234018263,0.03268759874429204,0.5,2.6229211221461184,907.2880695515727,33.93342797945184,213.95,1155.1714975310244,1.7689010273972596,0.09251207191780765,0.4149433333333337,2.276356432648401,0.610702982876712,0.03268759874429204,0.5,1.143390581621004,419.3388972863901,33.93342797945184,213.95,667.2223252658418,0.5690000000000001,0.0,0,0.5690000000000001,0.2692316963470318,0.03268759874429204,0.5,0.8019192950913239,306.72166698890146,33.93342797945184,213.95,554.6050949683533,2020,TX,6MW,no-policy,Distributed,off-grid
32,4776142.968000001,47612778.0,9059760.0,56672325.0,215.64811643835597,1.352552744063927,0.004481616438356157,8.298866666666667,9.65590102716895,2.027202931232877,0.018271205479452022,0.5,2.545474136712329,844.4204217683631,18.967579726027363,213.95,1077.3380014943905,1.6007624315068498,0.0517109589041095,0.4149433333333337,2.067416723744293,0.5095060705479455,0.018271205479452022,0.5,1.0277772760273975,343.8839971144727,18.967579726027363,213.95,576.8015768405,1.9158778909467513,9.968876208062452,0,11.884754099009204,2.472973545600928,0.018271205479452022,0.5,2.99124475108038,991.4355703869462,18.967579726027363,213.95,1224.3531501129735,2025,IA,8MW,max,Centralized,grid-only-retail-flat
33,4776142.968000001,28405409.95377,5433915.412980001,33839209.45443,215.64811643835597,1.352552744063927,0.004481616438356157,8.298866666666667,9.65590102716895,2.027202931232877,0.018271205479452022,0.5,2.545474136712329,844.4204217683631,18.967579726027363,213.95,1077.3380014943905,1.6007624315068498,0.0517109589041095,0.4149433333333337,2.067416723744293,0.5095060705479455,0.018271205479452022,0.5,1.0277772760273975,343.8839971144727,18.967579726027363,213.95,576.8015768405,1.7067204261654338,5.94735336527514,0,7.654073791440574,1.6268374840872017,0.018271205479452022,0.5,2.145108689566654,712.3798972997195,18.967579726027363,213.95,945.2974770257468,2025,IA,8MW,max,Centralized,hybrid-grid-retail-flat
34,1406949.7320000003,0.0,0.0,0.0,215.64811643835597,1.352552744063927,0.004481616438356157,8.298866666666667,9.65590102716895,2.027202931232877,0.018271205479452022,0.5,2.545474136712329,844.4204217683631,18.967579726027363,213.95,1077.3380014943905,1.6007624315068498,0.0517109589041095,0.4149433333333337,2.067416723744293,0.5095060705479455,0.018271205479452022,0.5,1.0277772760273975,343.8839971144727,18.967579726027363,213.95,576.8015768405,0.5690000000000001,0.0,0,0.5690000000000001,0.20982272579908692,0.018271205479452022,0.5,0.7280939312785389,245.04843001629908,18.967579726027363,213.95,477.96600974232643,2025,IA,8MW,max,Centralized,off-grid
35,1406949.7320000003,0.0,0.0,0.0,215.64811643835597,1.352552744063927,0.004481616438356157,8.298866666666667,9.65590102716895,2.027202931232877,0.018271205479452022,0.5,2.545474136712329,844.4204217683631,18.967579726027363,213.95,1077.3380014943905,1.6007624315068498,0.0517109589041095,0.4149433333333337,2.067416723744293,0.5095060705479455,0.018271205479452022,0.5,1.0277772760273975,343.8839971144727,18.967579726027363,213.95,576.8015768405,0.5690000000000001,0.0,0,0.5690000000000001,0.20982272579908692,0.018271205479452022,0.5,0.7280939312785389,245.04843001629908,18.967579726027363,213.95,477.96600974232643,2025,IA,8MW,max,Distributed,off-grid
36,4776142.968000001,47612778.0,9059760.0,56672325.0,215.64811643835597,1.352552744063927,0.004481616438356157,8.298866666666667,9.65590102716895,2.027202931232877,0.018271205479452022,0.5,2.545474136712329,844.4204217683631,18.967579726027363,213.95,1077.3380014943905,1.6007624315068498,0.0517109589041095,0.4149433333333337,2.067416723744293,0.5095060705479455,0.018271205479452022,0.5,1.0277772760273975,343.8839971144727,18.967579726027363,213.95,576.8015768405,1.9158778909467513,9.968876208062452,0,11.884754099009204,2.472973545600928,0.018271205479452022,0.5,2.99124475108038,991.4355703869462,18.967579726027363,213.95,1224.3531501129735,2025,IA,8MW,no-policy,Centralized,grid-only-retail-flat
37,4776142.968000001,28405409.95377,5433915.412980001,33839209.45443,215.64811643835597,1.352552744063927,0.004481616438356157,8.298866666666667,9.65590102716895,2.027202931232877,0.018271205479452022,0.5,2.545474136712329,844.4204217683631,18.967579726027363,213.95,1077.3380014943905,1.6007624315068498,0.0517109589041095,0.4149433333333337,2.067416723744293,0.5095060705479455,0.018271205479452022,0.5,1.0277772760273975,343.8839971144727,18.967579726027363,213.95,576.8015768405,1.7067204261654338,5.94735336527514,0,7.654073791440574,1.6268374840872017,0.018271205479452022,0.5,2.145108689566654,712.3798972997195,18.967579726027363,213.95,945.2974770257468,2025,IA,8MW,no-policy,Centralized,hybrid-grid-retail-flat
38,1406949.7320000003,0.0,0.0,0.0,215.64811643835597,1.352552744063927,0.004481616438356157,8.298866666666667,9.65590102716895,2.027202931232877,0.018271205479452022,0.5,2.545474136712329,844.4204217683631,18.967579726027363,213.95,1077.3380014943905,1.6007624315068498,0.0517109589041095,0.4149433333333337,2.067416723744293,0.5095060705479455,0.018271205479452022,0.5,1.0277772760273975,343.8839971144727,18.967579726027363,213.95,576.8015768405,0.5690000000000001,0.0,0,0.5690000000000001,0.20982272579908692,0.018271205479452022,0.5,0.7280939312785389,245.04843001629908,18.967579726027363,213.95,477.96600974232643,2025,IA,8MW,no-policy,Centralized,off-grid
39,1406949.7320000003,0.0,0.0,0.0,215.64811643835597,1.352552744063927,0.004481616438356157,8.298866666666667,9.65590102716895,2.027202931232877,0.018271205479452022,0.5,2.545474136712329,844.4204217683631,18.967579726027363,213.95,1077.3380014943905,1.6007624315068498,0.0517109589041095,0.4149433333333337,2.067416723744293,0.5095060705479455,0.018271205479452022,0.5,1.0277772760273975,343.8839971144727,18.967579726027363,213.95,576.8015768405,0.5690000000000001,0.0,0,0.5690000000000001,0.20982272579908692,0.018271205479452022,0.5,0.7280939312785389,245.04843001629908,18.967579726027363,213.95,477.96600974232643,2025,IA,8MW,no-policy,Distributed,off-grid
40,4776142.968000001,47378142.0,9155850.0,56534043.0,215.12192922374473,1.3524366760273971,0.004529149543378991,8.298866666666667,9.655832492237442,2.0267160237899544,0.018464994292237427,0.5,2.545181018082192,843.9246655604449,19.168754452054777,213.95,1077.0434200124996,1.5994231849315066,0.052259417808219126,0.4149433333333337,2.0666259360730592,0.5088747125570776,0.018464994292237427,0.5,1.027339706849315,343.3406011158423,19.168754452054777,213.95,576.4593555678971,1.935996635432375,9.919749537949759,0,11.855746173382133,2.4666987600188923,0.018464994292237427,0.5,2.98516375431113,989.0309719687488,19.168754452054777,213.95,1222.1497264208035,2025,IN,6MW,max,Centralized,grid-only-retail-flat
41,2457406.0080000004,5691923.792730001,1049472.8253600001,6741448.50471,215.12192922374473,1.3524366760273971,0.004529149543378991,8.298866666666667,9.655832492237442,2.0267160237899544,0.018464994292237427,0.5,2.545181018082192,843.9246655604449,19.168754452054777,213.95,1077.0434200124996,1.5994231849315066,0.052259417808219126,0.4149433333333337,2.0666259360730592,0.5088747125570776,0.018464994292237427,0.5,1.027339706849315,343.3406011158423,19.168754452054777,213.95,576.4593555678971,0.9960652964725721,2.3162325534324157,0,3.3122978499049878,0.7580090953234634,0.018464994292237427,0.5,1.276474089615701,425.50512055219633,19.168754452054777,213.95,658.6238750042511,2025,IN,6MW,max,Centralized,hybrid-grid-retail-flat
42,1583065.1519999995,0.0,0.0,0.0,215.12192922374473,1.3524366760273971,0.004529149543378991,8.298866666666667,9.655832492237442,2.0267160237899544,0.018464994292237427,0.5,2.545181018082192,843.9246655604449,19.168754452054777,213.95,1077.0434200124996,1.5994231849315066,0.052259417808219126,0.4149433333333337,2.0666259360730592,0.5088747125570776,0.018464994292237427,0.5,1.027339706849315,343.3406011158423,19.168754452054777,213.95,576.4593555678971,0.5690000000000001,0.0,0,0.5690000000000001,0.2093495253424657,0.018464994292237427,0.5,0.7278145196347032,244.55719437246321,19.168754452054777,213.95,477.67594882451795,2025,IN,6MW,max,Centralized,off-grid
43,1583065.1519999995,0.0,0.0,0.0,215.12192922374473,1.3524366760273971,0.004529149543378991,8.298866666666667,9.655832492237442,2.0267160237899544,0.018464994292237427,0.5,2.545181018082192,843.9246655604449,19.168754452054777,213.95,1077.0434200124996,1.5994231849315066,0.052259417808219126,0.4149433333333337,2.0666259360730592,0.5088747125570776,0.018464994292237427,0.5,1.027339706849315,343.3406011158423,19.168754452054777,213.95,576.4593555678971,0.5690000000000001,0.0,0,0.5690000000000001,0.2093495253424657,0.018464994292237427,0.5,0.7278145196347032,244.55719437246321,19.168754452054777,213.95,477.67594882451795,2025,IN,6MW,max,Distributed,off-grid
44,4776142.968000001,47378142.0,9155850.0,56534043.0,215.12192922374473,1.3524366760273971,0.004529149543378991,8.298866666666667,9.655832492237442,2.0267160237899544,0.018464994292237427,0.5,2.545181018082192,843.9246655604449,19.168754452054777,213.95,1077.0434200124996,1.5994231849315066,0.052259417808219126,0.4149433333333337,2.0666259360730592,0.5088747125570776,0.018464994292237427,0.5,1.027339706849315,343.3406011158423,19.168754452054777,213.95,576.4593555678971,1.935996635432375,9.919749537949759,0,11.855746173382133,2.4666987600188923,0.018464994292237427,0.5,2.98516375431113,989.0309719687488,19.168754452054777,213.95,1222.1497264208035,2025,IN,6MW,no-policy,Centralized,grid-only-retail-flat
45,2689760.628,7810890.40212,1450335.6194699998,9261236.7258,215.12192922374473,1.3524366760273971,0.004529149543378991,8.298866666666667,9.655832492237442,2.0267160237899544,0.018464994292237427,0.5,2.545181018082192,843.9246655604449,19.168754452054777,213.95,1077.0434200124996,1.5994231849315066,0.052259417808219126,0.4149433333333337,2.0666259360730592,0.5088747125570776,0.018464994292237427,0.5,1.027339706849315,343.3406011158423,19.168754452054777,213.95,576.4593555678971,1.1082062045864698,2.903935138617844,0,4.012141343204314,0.8979777939833286,0.018464994292237427,0.5,1.4164427882755661,471.66679737021985,19.168754452054777,213.95,704.7855518222746,2025,IN,6MW,no-policy,Centralized,hybrid-grid-retail-flat
46,1222272.288,0.0,0.0,0.0,215.12192922374473,1.3524366760273971,0.004529149543378991,8.298866666666667,9.655832492237442,2.0267160237899544,0.018464994292237427,0.5,2.545181018082192,843.9246655604449,19.168754452054777,213.95,1077.0434200124996,1.5994231849315066,0.052259417808219126,0.4149433333333337,2.0666259360730592,0.5088747125570776,0.018464994292237427,0.5,1.027339706849315,343.3406011158423,19.168754452054777,213.95,576.4593555678971,0.5690000000000001,0.0,0,0.5690000000000001,0.2093495253424657,0.018464994292237427,0.5,0.7278145196347032,244.55719437246321,19.168754452054777,213.95,477.67594882451795,2025,IN,6MW,no-policy,Centralized,off-grid
47,1222272.288,0.0,0.0,0.0,215.12192922374473,1.3524366760273971,0.004529149543378991,8.298866666666667,9.655832492237442,2.0267160237899544,0.018464994292237427,0.5,2.545181018082192,843.9246655604449,19.168754452054777,213.95,1077.0434200124996,1.5994231849315066,0.052259417808219126,0.4149433333333337,2.0666259360730592,0.5088747125570776,0.018464994292237427,0.5,1.027339706849315,343.3406011158423,19.168754452054777,213.95,576.4593555678971,0.5690000000000001,0.0,0,0.5690000000000001,0.2093495253424657,0.018464994292237427,0.5,0.7278145196347032,244.55719437246321,19.168754452054777,213.95,477.67594882451795,2025,IN,6MW,no-policy,Distributed,off-grid
48,4776142.968000001,47562129.0,12011130.0,59573262.0,226.6866894977168,1.3525276893835616,0.005941578767123284,8.298866666666667,9.657335934817352,2.0273877667579914,0.024223359589041083,0.5,2.5516111263470327,844.4090291604133,25.146589520547927,213.95,1083.505618680961,1.6004733390410966,0.06855667808219172,0.4149433333333337,2.0839733504566222,0.5127152498858453,0.024223359589041083,0.5,1.0369386094748863,344.87003309597964,25.146589520547927,213.95,583.9666226165275,2.5338179358269155,9.958271626009665,0,12.49208956183658,2.594338492161837,0.024223359589041083,0.5,3.1185618517508784,1031.3893783986016,25.146589520547927,213.95,1270.4859679191495,2025,MS,4MW,max,Centralized,grid-only-retail-flat
49,4776142.968000001,32432611.98177,8197127.309219999,40629717.86559,226.6866894977168,1.3525276893835616,0.005941578767123284,8.298866666666667,9.657335934817352,2.0273877667579914,0.024223359589041083,0.5,2.5516111263470327,844.4090291604133,25.146589520547927,213.95,1083.505618680961,1.6004733390410966,0.06855667808219172,0.4149433333333337,2.0839733504566222,0.5127152498858453,0.024223359589041083,0.5,1.0369386094748863,344.87003309597964,25.146589520547927,213.95,583.9666226165275,2.2852650624448385,6.79054462964518,0,9.075809692090019,1.9110825182125246,0.024223359589041083,0.5,2.4353058778015657,806.0515581901185,25.146589520547927,213.95,1045.1481477106663,2025,MS,4MW,max,Centralized,hybrid-grid-retail-flat
50,1448721.7920000004,0.0,0.0,0.0,226.6866894977168,1.3525276893835616,0.005941578767123284,8.298866666666667,9.657335934817352,2.0273877667579914,0.024223359589041083,0.5,2.5516111263470327,844.4090291604133,25.146589520547927,213.95,1083.505618680961,1.6004733390410966,0.06855667808219172,0.4149433333333337,2.0839733504566222,0.5127152498858453,0.024223359589041083,0.5,1.0369386094748863,344.87003309597964,25.146589520547927,213.95,583.9666226165275,0.5690000000000001,0.0,0,0.5690000000000001,0.2097205797945208,0.024223359589041083,0.5,0.7339439393835618,244.94239089986078,25.146589520547927,213.95,484.03898042040873,2025,MS,4MW,max,Centralized,off-grid
51,1448721.7920000004,0.0,0.0,0.0,226.6866894977168,1.3525276893835616,0.005941578767123284,8.298866666666667,9.657335934817352,2.0273877667579914,0.024223359589041083,0.5,2.5516111263470327,844.4090291604133,25.146589520547927,213.95,1083.505618680961,1.6004733390410966,0.06855667808219172,0.4149433333333337,2.0839733504566222,0.5127152498858453,0.024223359589041083,0.5,1.0369386094748863,344.87003309597964,25.146589520547927,213.95,583.9666226165275,0.5690000000000001,0.0,0,0.5690000000000001,0.2097205797945208,0.024223359589041083,0.5,0.7339439393835618,244.94239089986078,25.146589520547927,213.95,484.03898042040873,2025,MS,4MW,max,Distributed,off-grid
52,4776142.968000001,47562129.0,12011130.0,59573262.0,226.6866894977168,1.3525276893835616,0.005941578767123284,8.298866666666667,9.657335934817352,2.0273877667579914,0.024223359589041083,0.5,2.5516111263470327,844.4090291604133,25.146589520547927,213.95,1083.505618680961,1.6004733390410966,0.06855667808219172,0.4149433333333337,2.0839733504566222,0.5127152498858453,0.024223359589041083,0.5,1.0369386094748863,344.87003309597964,25.146589520547927,213.95,583.9666226165275,2.5338179358269155,9.958271626009665,0,12.49208956183658,2.594338492161837,0.024223359589041083,0.5,3.1185618517508784,1031.3893783986016,25.146589520547927,213.95,1270.4859679191495,2025,MS,4MW,no-policy,Centralized,grid-only-retail-flat
53,4776142.968000001,32432005.62018,8196984.219810001,40628968.19109,226.6866894977168,1.3525276893835616,0.005941578767123284,8.298866666666667,9.657335934817352,2.0273877667579914,0.024223359589041083,0.5,2.5516111263470327,844.4090291604133,25.146589520547927,213.95,1083.505618680961,1.6004733390410966,0.06855667808219172,0.4149433333333337,2.0839733504566222,0.5127152498858453,0.024223359589041083,0.5,1.0369386094748863,344.87003309597964,25.146589520547927,213.95,583.9666226165275,2.2852351032474365,6.790417673313667,0,9.075652776561103,1.9110511351067416,0.024223359589041083,0.5,2.4352744946957827,806.0412080418312,25.146589520547927,213.95,1045.137797562379,2025,MS,4MW,no-policy,Centralized,hybrid-grid-retail-flat
54,1448721.7920000004,0.0,0.0,0.0,226.6866894977168,1.3525276893835616,0.005941578767123284,8.298866666666667,9.657335934817352,2.0273877667579914,0.024223359589041083,0.5,2.5516111263470327,844.4090291604133,25.146589520547927,213.95,1083.505618680961,1.6004733390410966,0.06855667808219172,0.4149433333333337,2.0839733504566222,0.5127152498858453,0.024223359589041083,0.5,1.0369386094748863,344.87003309597964,25.146589520547927,213.95,583.9666226165275,0.5690000000000001,0.0,0,0.5690000000000001,0.2097205797945208,0.024223359589041083,0.5,0.7339439393835618,244.94239089986078,25.146589520547927,213.95,484.03898042040873,2025,MS,4MW,no-policy,Centralized,off-grid
55,1448721.7920000004,0.0,0.0,0.0,226.6866894977168,1.3525276893835616,0.005941578767123284,8.298866666666667,9.657335934817352,2.0273877667579914,0.024223359589041083,0.5,2.5516111263470327,844.4090291604133,25.146589520547927,213.95,1083.505618680961,1.6004733390410966,0.06855667808219172,0.4149433333333337,2.0839733504566222,0.5127152498858453,0.024223359589041083,0.5,1.0369386094748863,344.87003309597964,25.146589520547927,213.95,583.9666226165275,0.5690000000000001,0.0,0,0.5690000000000001,0.2097205797945208,0.024223359589041083,0.5,0.7339439393835618,244.94239089986078,25.146589520547927,213.95,484.03898042040873,2025,MS,4MW,no-policy,Distributed,off-grid
56,4776142.968000001,47132736.0,10926399.0,58059162.0,220.92527397260312,1.352315280365297,0.005404991894977164,8.298866666666667,9.65658693892694,2.0263719923515984,0.022035736187214595,0.5,2.548407728538813,843.4606450695641,22.875588773972584,213.95,1080.2862338435366,1.5980224657534254,0.062365291095890354,0.4149433333333337,2.0753310901826496,0.5101208226027403,0.022035736187214595,0.5,1.0321565587899548,343.40100928639066,22.875588773972584,213.95,580.2265980603632,2.3067035032674923,9.868367910212855,0,12.175071413480348,2.53006888726228,0.022035736187214595,0.5,3.0521046234494946,1009.5798810111069,22.875588773972584,213.95,1246.4054697850795,2025,TX,6MW,max,Centralized,grid-only-retail-flat
57,2352183.5159999994,0.0,0.0,0.0,220.92527397260312,1.352315280365297,0.005404991894977164,8.298866666666667,9.65658693892694,2.0263719923515984,0.022035736187214595,0.5,2.548407728538813,843.4606450695641,22.875588773972584,213.95,1080.2862338435366,1.5980224657534254,0.062365291095890354,0.4149433333333337,2.0753310901826496,0.5101208226027403,0.022035736187214595,0.5,1.0321565587899548,343.40100928639066,22.875588773972584,213.95,580.2265980603632,0.5690000000000001,0.0,0,0.5690000000000001,0.20885460456621036,0.022035736187214595,0.5,0.7308903407534248,244.04341057794304,22.875588773972584,213.95,480.8689993519156,2025,TX,6MW,max,Centralized,hybrid-grid-retail-flat
58,2352183.5159999994,0.0,0.0,0.0,220.92527397260312,1.352315280365297,0.005404991894977164,8.298866666666667,9.65658693892694,2.0263719923515984,0.022035736187214595,0.5,2.548407728538813,843.4606450695641,22.875588773972584,213.95,1080.2862338435366,1.5980224657534254,0.062365291095890354,0.4149433333333337,2.0753310901826496,0.5101208226027403,0.022035736187214595,0.5,1.0321565587899548,343.40100928639066,22.875588773972584,213.95,580.2265980603632,0.5690000000000001,0.0,0,0.5690000000000001,0.20885460456621036,0.022035736187214595,0.5,0.7308903407534248,244.04341057794304,22.875588773972584,213.95,480.8689993519156,2025,TX,6MW,max,Centralized,off-grid
59,2352183.5159999994,0.0,0.0,0.0,220.92527397260312,1.352315280365297,0.005404991894977164,8.298866666666667,9.65658693892694,2.0263719923515984,0.022035736187214595,0.5,2.548407728538813,843.4606450695641,22.875588773972584,213.95,1080.2862338435366,1.5980224657534254,0.062365291095890354,0.4149433333333337,2.0753310901826496,0.5101208226027403,0.022035736187214595,0.5,1.0321565587899548,343.40100928639066,22.875588773972584,213.95,580.2265980603632,0.5690000000000001,0.0,0,0.5690000000000001,0.20885460456621036,0.022035736187214595,0.5,0.7308903407534248,244.04341057794304,22.875588773972584,213.95,480.8689993519156,2025,TX,6MW,max,Distributed,off-grid
60,4776142.968000001,47132736.0,10926399.0,58059162.0,220.92527397260312,1.352315280365297,0.005404991894977164,8.298866666666667,9.65658693892694,2.0263719923515984,0.022035736187214595,0.5,2.548407728538813,843.4606450695641,22.875588773972584,213.95,1080.2862338435366,1.5980224657534254,0.062365291095890354,0.4149433333333337,2.0753310901826496,0.5101208226027403,0.022035736187214595,0.5,1.0321565587899548,343.40100928639066,22.875588773972584,213.95,580.2265980603632,2.3067035032674923,9.868367910212855,0,12.175071413480348,2.53006888726228,0.022035736187214595,0.5,3.0521046234494946,1009.5798810111069,22.875588773972584,213.95,1246.4054697850795,2025,TX,6MW,no-policy,Centralized,grid-only-retail-flat
61,2352183.5159999994,0.0,0.0,0.0,220.92527397260312,1.352315280365297,0.005404991894977164,8.298866666666667,9.65658693892694,2.0263719923515984,0.022035736187214595,0.5,2.548407728538813,843.4606450695641,22.875588773972584,213.95,1080.2862338435366,1.5980224657534254,0.062365291095890354,0.4149433333333337,2.0753310901826496,0.5101208226027403,0.022035736187214595,0.5,1.0321565587899548,343.40100928639066,22.875588773972584,213.95,580.2265980603632,0.5690000000000001,0.0,0,0.5690000000000001,0.20885460456621036,0.022035736187214595,0.5,0.7308903407534248,244.04341057794304,22.875588773972584,213.95,480.8689993519156,2025,TX,6MW,no-policy,Centralized,hybrid-grid-retail-flat
62,2352183.5159999994,0.0,0.0,0.0,220.92527397260312,1.352315280365297,0.005404991894977164,8.298866666666667,9.65658693892694,2.0263719923515984,0.022035736187214595,0.5,2.548407728538813,843.4606450695641,22.875588773972584,213.95,1080.2862338435366,1.5980224657534254,0.062365291095890354,0.4149433333333337,2.0753310901826496,0.5101208226027403,0.022035736187214595,0.5,1.0321565587899548,343.40100928639066,22.875588773972584,213.95,580.2265980603632,0.5690000000000001,0.0,0,0.5690000000000001,0.20885460456621036,0.022035736187214595,0.5,0.7308903407534248,244.04341057794304,22.875588773972584,213.95,480.8689993519156,2025,TX,6MW,no-policy,Centralized,off-grid
63,2352183.5159999994,0.0,0.0,0.0,220.92527397260312,1.352315280365297,0.005404991894977164,8.298866666666667,9.65658693892694,2.0263719923515984,0.022035736187214595,0.5,2.548407728538813,843.4606450695641,22.875588773972584,213.95,1080.2862338435366,1.5980224657534254,0.062365291095890354,0.4149433333333337,2.0753310901826496,0.5101208226027403,0.022035736187214595,0.5,1.0321565587899548,343.40100928639066,22.875588773972584,213.95,580.2265980603632,0.5690000000000001,0.0,0,0.5690000000000001,0.20885460456621036,0.022035736187214595,0.5,0.7308903407534248,244.04341057794304,22.875588773972584,213.95,480.8689993519156,2025,TX,6MW,no-policy,Distributed,off-grid
64,5709918.671999999,8074032.0,2816091.0,10890033.0,41.438481735159804,1.332994003652968,0.0013930434931506861,8.298866666666667,9.633253713812785,1.9429339884246575,0.005679331164383566,0.5,2.448613319589041,760.1479974862395,5.895788691780827,213.95,979.9937861780204,1.3750846575342466,0.0160735787671233,0.4149433333333337,1.8061015696347036,0.37750355958904125,0.005679331164383566,0.5,0.8831828907534248,243.8690420562533,5.895788691780827,213.95,463.71483074803416,0.5121928389469713,1.4140362523187968,0,1.926229091265768,0.4015290639152541,0.005679331164383566,0.5,0.9072083950796377,251.79265338303833,5.895788691780827,213.95,471.6384420748192,2030,IA,8MW,max,Centralized,grid-only-retail-flat
65,4469571.0,3307957.5036000004,1157722.5874800002,4465662.631529999,41.438481735159804,1.332994003652968,0.0013930434931506861,8.298866666666667,9.633253713812785,1.9429339884246575,0.005679331164383566,0.5,2.448613319589041,760.1479974862395,5.895788691780827,213.95,979.9937861780204,1.3750846575342466,0.0160735787671233,0.4149433333333337,1.8061015696347036,0.37750355958904125,0.005679331164383566,0.5,0.8831828907534248,243.8690420562533,5.895788691780827,213.95,463.71483074803416,0.7380232009917731,0.7401062660376131,0,1.4781294670293863,0.31190913906797774,0.005679331164383566,0.5,0.8175884702323613,222.2360021684066,5.895788691780827,213.95,442.0817908601874,2030,IA,8MW,max,Centralized,hybrid-grid-retail-flat
66,1682022.4920000003,0.0,0.0,0.0,41.438481735159804,1.332994003652968,0.0013930434931506861,8.298866666666667,9.633253713812785,1.9429339884246575,0.005679331164383566,0.5,2.448613319589041,760.1479974862395,5.895788691780827,213.95,979.9937861780204,1.3750846575342466,0.0160735787671233,0.4149433333333337,1.8061015696347036,0.37750355958904125,0.005679331164383566,0.5,0.8831828907534248,243.8690420562533,5.895788691780827,213.95,463.71483074803416,0.47900000000000004,0.0,0,0.47900000000000004,0.11208324566210051,0.005679331164383566,0.5,0.6177625768264841,156.33342252314827,5.895788691780827,213.95,376.17921121492907,2030,IA,8MW,max,Centralized,off-grid
67,1682022.4920000003,0.0,0.0,0.0,41.438481735159804,1.332994003652968,0.0013930434931506861,8.298866666666667,9.633253713812785,1.9429339884246575,0.005679331164383566,0.5,2.448613319589041,760.1479974862395,5.895788691780827,213.95,979.9937861780204,1.3750846575342466,0.0160735787671233,0.4149433333333337,1.8061015696347036,0.37750355958904125,0.005679331164383566,0.5,0.8831828907534248,243.8690420562533,5.895788691780827,213.95,463.71483074803416,0.47900000000000004,0.0,0,0.47900000000000004,0.11208324566210051,0.005679331164383566,0.5,0.6177625768264841,156.33342252314827,5.895788691780827,213.95,376.17921121492907,2030,IA,8MW,max,Distributed,off-grid
68,5709918.671999999,8074032.0,2816091.0,10890033.0,41.438481735159804,1.332994003652968,0.0013930434931506861,8.298866666666667,9.633253713812785,1.9429339884246575,0.005679331164383566,0.5,2.448613319589041,760.1479974862395,5.895788691780827,213.95,979.9937861780204,1.3750846575342466,0.0160735787671233,0.4149433333333337,1.8061015696347036,0.37750355958904125,0.005679331164383566,0.5,0.8831828907534248,243.8690420562533,5.895788691780827,213.95,463.71483074803416,0.5121928389469713,1.4140362523187968,0,1.926229091265768,0.4015290639152541,0.005679331164383566,0.5,0.9072083950796377,251.79265338303833,5.895788691780827,213.95,471.6384420748192,2030,IA,8MW,no-policy,Centralized,grid-only-retail-flat
69,4571568.936,3450768.4597499995,1208708.6290799999,4659459.93297,41.438481735159804,1.332994003652968,0.0013930434931506861,8.298866666666667,9.633253713812785,1.9429339884246575,0.005679331164383566,0.5,2.448613319589041,760.1479974862395,5.895788691780827,213.95,979.9937861780204,1.3750846575342466,0.0160735787671233,0.4149433333333337,1.8061015696347036,0.37750355958904125,0.005679331164383566,0.5,0.8831828907534248,243.8690420562533,5.895788691780827,213.95,463.71483074803416,0.7433968943707076,0.754832423629453,0,1.4982293180001607,0.31592910926213263,0.005679331164383566,0.5,0.8216084404265163,223.56178833843887,5.895788691780827,213.95,443.4075770302197,2030,IA,8MW,no-policy,Centralized,hybrid-grid-retail-flat
70,1682022.4920000003,0.0,0.0,0.0,41.438481735159804,1.332994003652968,0.0013930434931506861,8.298866666666667,9.633253713812785,1.9429339884246575,0.005679331164383566,0.5,2.448613319589041,760.1479974862395,5.895788691780827,213.95,979.9937861780204,1.3750846575342466,0.0160735787671233,0.4149433333333337,1.8061015696347036,0.37750355958904125,0.005679331164383566,0.5,0.8831828907534248,243.8690420562533,5.895788691780827,213.95,463.71483074803416,0.47900000000000004,0.0,0,0.47900000000000004,0.11208324566210051,0.005679331164383566,0.5,0.6177625768264841,156.33342252314827,5.895788691780827,213.95,376.17921121492907,2030,IA,8MW,no-policy,Centralized,off-grid
71,1682022.4920000003,0.0,0.0,0.0,41.438481735159804,1.332994003652968,0.0013930434931506861,8.298866666666667,9.633253713812785,1.9429339884246575,0.005679331164383566,0.5,2.448613319589041,760.1479974862395,5.895788691780827,213.95,979.9937861780204,1.3750846575342466,0.0160735787671233,0.4149433333333337,1.8061015696347036,0.37750355958904125,0.005679331164383566,0.5,0.8831828907534248,243.8690420562533,5.895788691780827,213.95,463.71483074803416,0.47900000000000004,0.0,0,0.47900000000000004,0.11208324566210051,0.005679331164383566,0.5,0.6177625768264841,156.33342252314827,5.895788691780827,213.95,376.17921121492907,2030,IA,8MW,no-policy,Distributed,off-grid
72,5709918.671999999,8201727.0,7818744.0,16020294.0,60.960022831050445,1.3330571708904109,0.003867719634703199,8.298866666666667,9.635791557191782,1.9436990850684934,0.015768395433789963,0.5,2.4594674805022834,760.5827368204497,16.369379561643843,213.95,990.9021163820935,1.3758135102739726,0.04462753424657537,0.4149433333333337,1.8353843778538816,0.38361764920091335,0.015768395433789963,0.5,0.8993860446347033,246.06787927132177,16.369379561643843,213.95,476.3872588329656,1.3883266838179582,1.4363999683952067,0,2.824726652213165,0.5814861040727699,0.015768395433789963,0.5,1.0972544995065598,311.32489568806017,16.369379561643843,213.95,541.644275249704,2030,IN,6MW,max,Centralized,grid-only-retail-flat
73,2688399.3239999996,870968.13576,755475.82656,1626394.31868,60.960022831050445,1.3330571708904109,0.003867719634703199,8.298866666666667,9.635791557191782,1.9436990850684934,0.015768395433789963,0.5,2.4594674805022834,760.5827368204497,16.369379561643843,213.95,990.9021163820935,1.3758135102739726,0.04462753424657537,0.4149433333333337,1.8353843778538816,0.38361764920091335,0.015768395433789963,0.5,0.8993860446347033,246.06787927132177,16.369379561643843,213.95,476.3872588329656,0.7600132482238343,0.32397275508316564,0,1.083986003307,0.23333797429153696,0.015768395433789963,0.5,0.7491063697253268,196.50564248620947,16.369379561643843,213.95,426.8250220478533,2030,IN,6MW,max,Centralized,hybrid-grid-retail-flat
74,1452682.1880000005,0.0,0.0,0.0,60.960022831050445,1.3330571708904109,0.003867719634703199,8.298866666666667,9.635791557191782,1.9436990850684934,0.015768395433789963,0.5,2.4594674805022834,760.5827368204497,16.369379561643843,213.95,990.9021163820935,1.3758135102739726,0.04462753424657537,0.4149433333333337,1.8353843778538816,0.38361764920091335,0.015768395433789963,0.5,0.8993860446347033,246.06787927132177,16.369379561643843,213.95,476.3872588329656,0.47900000000000004,0.0,0,0.47900000000000004,0.112340773630137,0.015768395433789963,0.5,0.6281091690639269,156.60076570807973,16.369379561643843,213.95,386.92014526972355,2030,IN,6MW,max,Centralized,off-grid
75,1461236.3279999997,0.0,0.0,0.0,60.960022831050445,1.3330571708904109,0.003867719634703199,8.298866666666667,9.635791557191782,1.9436990850684934,0.015768395433789963,0.5,2.4594674805022834,760.5827368204497,16.369379561643843,213.95,990.9021163820935,1.3758135102739726,0.04462753424657537,0.4149433333333337,1.8353843778538816,0.38361764920091335,0.015768395433789963,0.5,0.8993860446347033,246.06787927132177,16.369379561643843,213.95,476.3872588329656,0.47900000000000004,0.0,0,0.47900000000000004,0.112340773630137,0.015768395433789963,0.5,0.6281091690639269,156.60076570807973,16.369379561643843,213.95,386.92014526972355,2030,IN,6MW,max,Distributed,off-grid
76,5709918.671999999,8201727.0,7818744.0,16020294.0,60.960022831050445,1.3330571708904109,0.003867719634703199,8.298866666666667,9.635791557191782,1.9436990850684934,0.015768395433789963,0.5,2.4594674805022834,760.5827368204497,16.369379561643843,213.95,990.9021163820935,1.3758135102739726,0.04462753424657537,0.4149433333333337,1.8353843778538816,0.38361764920091335,0.015768395433789963,0.5,0.8993860446347033,246.06787927132177,16.369379561643843,213.95,476.3872588329656,1.3883266838179582,1.4363999683952067,0,2.824726652213165,0.5814861040727699,0.015768395433789963,0.5,1.0972544995065598,311.32489568806017,16.369379561643843,213.95,541.644275249704,2030,IN,6MW,no-policy,Centralized,grid-only-retail-flat
77,2770130.1239999994,982262.21979,862420.6281000002,1844647.0821600002,60.960022831050445,1.3330571708904109,0.003867719634703199,8.298866666666667,9.635791557191782,1.9436990850684934,0.015768395433789963,0.5,2.4594674805022834,760.5827368204497,16.369379561643843,213.95,990.9021163820935,1.3758135102739726,0.04462753424657537,0.4149433333333337,1.8353843778538816,0.38361764920091335,0.015768395433789963,0.5,0.8993860446347033,246.06787927132177,16.369379561643843,213.95,476.3872588329656,0.7903285620152335,0.35459064225172127,0,1.1449192042669547,0.24552461448352794,0.015768395433789963,0.5,0.7612930099173179,200.5247964215281,16.369379561643843,213.95,430.8441759831719,2030,IN,6MW,no-policy,Centralized,hybrid-grid-retail-flat
78,1288111.572,0.0,0.0,0.0,60.960022831050445,1.3330571708904109,0.003867719634703199,8.298866666666667,9.635791557191782,1.9436990850684934,0.015768395433789963,0.5,2.4594674805022834,760.5827368204497,16.369379561643843,213.95,990.9021163820935,1.3758135102739726,0.04462753424657537,0.4149433333333337,1.8353843778538816,0.38361764920091335,0.015768395433789963,0.5,0.8993860446347033,246.06787927132177,16.369379561643843,213.95,476.3872588329656,0.47900000000000004,0.0,0,0.47900000000000004,0.112340773630137,0.015768395433789963,0.5,0.6281091690639269,156.60076570807973,16.369379561643843,213.95,386.92014526972355,2030,IN,6MW,no-policy,Centralized,off-grid
79,1288111.572,0.0,0.0,0.0,60.960022831050445,1.3330571708904109,0.003867719634703199,8.298866666666667,9.635791557191782,1.9436990850684934,0.015768395433789963,0.5,2.4594674805022834,760.5827368204497,16.369379561643843,213.95,990.9021163820935,1.3758135102739726,0.04462753424657537,0.4149433333333337,1.8353843778538816,0.38361764920091335,0.015768395433789963,0.5,0.8993860446347033,246.06787927132177,16.369379561643843,213.95,476.3872588329656,0.47900000000000004,0.0,0,0.47900000000000004,0.112340773630137,0.015768395433789963,0.5,0.6281091690639269,156.60076570807973,16.369379561643843,213.95,386.92014526972355,2030,IN,6MW,no-policy,Distributed,off-grid
80,5709918.671999999,8802375.0,3348024.0,12150447.0,46.23457762557068,1.3333542950913242,0.0016561762557077602,8.298866666666667,9.633877138013698,1.9445275537442923,0.0067521031963470235,0.5,2.451279656940639,761.7139827725593,7.009447506849305,213.95,982.6734302794086,1.3792418664383563,0.019109726027397234,0.4149433333333337,1.8132949257990874,0.38041111130137006,0.0067521031963470235,0.5,0.8871632144977171,245.86838005488352,7.009447506849305,213.95,466.8278275617328,0.6053523094326834,1.5415937608997177,0,2.146946070332401,0.4471413402080328,0.0067521031963470235,0.5,0.9538934434043798,267.87600954830094,7.009447506849305,213.95,488.83545705515024,2030,MS,4MW,max,Centralized,grid-only-retail-flat
81,5709918.671999999,6096300.82713,2298591.7728000004,8394972.900929999,46.23457762557068,1.3333542950913242,0.0016561762557077602,8.298866666666667,9.633877138013698,1.9445275537442923,0.0067521031963470235,0.5,2.451279656940639,761.7139827725593,7.009447506849305,213.95,982.6734302794086,1.3792418664383563,0.019109726027397234,0.4149433333333337,1.8132949257990874,0.38041111130137006,0.0067521031963470235,0.5,0.8871632144977171,245.86838005488352,7.009447506849305,213.95,466.8278275617328,0.8815612105600934,1.067668591677973,0,1.9492298022380663,0.40759808658916585,0.0067521031963470235,0.5,0.9143501897855129,254.83464450479858,7.009447506849305,213.95,475.7940920116479,2030,MS,4MW,max,Centralized,hybrid-grid-retail-flat
82,1731959.7480000008,0.0,0.0,0.0,46.23457762557068,1.3333542950913242,0.0016561762557077602,8.298866666666667,9.633877138013698,1.9445275537442923,0.0067521031963470235,0.5,2.451279656940639,761.7139827725593,7.009447506849305,213.95,982.6734302794086,1.3792418664383563,0.019109726027397234,0.4149433333333337,1.8132949257990874,0.38041111130137006,0.0067521031963470235,0.5,0.8871632144977171,245.86838005488352,7.009447506849305,213.95,466.8278275617328,0.47900000000000004,0.0,0,0.47900000000000004,0.1135521261415526,0.0067521031963470235,0.5,0.6203042293378996,157.8582867491757,7.009447506849305,213.95,378.817734256025,2030,MS,4MW,max,Centralized,off-grid
83,1731959.7480000008,0.0,0.0,0.0,46.23457762557068,1.3333542950913242,0.0016561762557077602,8.298866666666667,9.633877138013698,1.9445275537442923,0.0067521031963470235,0.5,2.451279656940639,761.7139827725593,7.009447506849305,213.95,982.6734302794086,1.3792418664383563,0.019109726027397234,0.4149433333333337,1.8132949257990874,0.38041111130137006,0.0067521031963470235,0.5,0.8871632144977171,245.86838005488352,7.009447506849305,213.95,466.8278275617328,0.47900000000000004,0.0,0,0.47900000000000004,0.1135521261415526,0.0067521031963470235,0.5,0.6203042293378996,157.8582867491757,7.009447506849305,213.95,378.817734256025,2030,MS,4MW,max,Distributed,off-grid
84,5709918.671999999,8802375.0,3348024.0,12150447.0,46.23457762557068,1.3333542950913242,0.0016561762557077602,8.298866666666667,9.633877138013698,1.9445275537442923,0.0067521031963470235,0.5,2.451279656940639,761.7139827725593,7.009447506849305,213.95,982.6734302794086,1.3792418664383563,0.019109726027397234,0.4149433333333337,1.8132949257990874,0.38041111130137006,0.0067521031963470235,0.5,0.8871632144977171,245.86838005488352,7.009447506849305,213.95,466.8278275617328,0.6053523094326834,1.5415937608997177,0,2.146946070332401,0.4471413402080328,0.0067521031963470235,0.5,0.9538934434043798,267.87600954830094,7.009447506849305,213.95,488.83545705515024,2030,MS,4MW,no-policy,Centralized,grid-only-retail-flat
85,5709918.671999999,6096245.1123,2298586.7394600003,8394912.17706,46.23457762557068,1.3333542950913242,0.0016561762557077602,8.298866666666667,9.633877138013698,1.9445275537442923,0.0067521031963470235,0.5,2.451279656940639,761.7139827725593,7.009447506849305,213.95,982.6734302794086,1.3792418664383563,0.019109726027397234,0.4149433333333337,1.8132949257990874,0.38041111130137006,0.0067521031963470235,0.5,0.8871632144977171,245.86838005488352,7.009447506849305,213.95,466.8278275617328,0.8815603290519163,1.0676588341256852,0,1.9492191631776015,0.4075959587770729,0.0067521031963470235,0.5,0.9143480619734199,254.83394275237032,7.009447506849305,213.95,475.7933902592196,2030,MS,4MW,no-policy,Centralized,hybrid-grid-retail-flat
86,1731959.7480000008,0.0,0.0,0.0,46.23457762557068,1.3333542950913242,0.0016561762557077602,8.298866666666667,9.633877138013698,1.9445275537442923,0.0067521031963470235,0.5,2.451279656940639,761.7139827725593,7.009447506849305,213.95,982.6734302794086,1.3792418664383563,0.019109726027397234,0.4149433333333337,1.8132949257990874,0.38041111130137006,0.0067521031963470235,0.5,0.8871632144977171,245.86838005488352,7.009447506849305,213.95,466.8278275617328,0.47900000000000004,0.0,0,0.47900000000000004,0.1135521261415526,0.0067521031963470235,0.5,0.6203042293378996,157.8582867491757,7.009447506849305,213.95,378.817734256025,2030,MS,4MW,no-policy,Centralized,off-grid
87,1731959.7480000008,0.0,0.0,0.0,46.23457762557068,1.3333542950913242,0.0016561762557077602,8.298866666666667,9.633877138013698,1.9445275537442923,0.0067521031963470235,0.5,2.451279656940639,761.7139827725593,7.009447506849305,213.95,982.6734302794086,1.3792418664383563,0.019109726027397234,0.4149433333333337,1.8132949257990874,0.38041111130137006,0.0067521031963470235,0.5,0.8871632144977171,245.86838005488352,7.009447506849305,213.95,466.8278275617328,0.47900000000000004,0.0,0,0.47900000000000004,0.1135521261415526,0.0067521031963470235,0.5,0.6203042293378996,157.8582867491757,7.009447506849305,213.95,378.817734256025,2030,MS,4MW,no-policy,Distributed,off-grid
88,5709918.671999999,8030589.0,2252223.0,10282527.0,39.12681506849302,1.3329725135844748,0.001114113356164378,8.298866666666667,9.632953293607306,1.9427862910273974,0.004542154452054773,0.5,2.447328445479452,760.0372291872944,4.715270527397237,213.95,978.7024997146916,1.3748366952054794,0.012855154109588979,0.4149433333333337,1.8026351826484022,0.3767226688356165,0.004542154452054773,0.5,0.8812648232876712,243.54944658844508,4.715270527397237,213.95,462.2147171158423,0.4134404691864235,1.4064279127792103,0,1.8198683819656338,0.38016930869906285,0.004542154452054773,0.5,0.8847114631511176,244.6861484154097,4.715270527397237,213.95,463.35141894280696,2030,TX,6MW,max,Centralized,grid-only-retail-flat
89,2812054.6079999995,0.0,0.0,0.0,39.12681506849302,1.3329725135844748,0.001114113356164378,8.298866666666667,9.632953293607306,1.9427862910273974,0.004542154452054773,0.5,2.447328445479452,760.0372291872944,4.715270527397237,213.95,978.7024997146916,1.3748366952054794,0.012855154109588979,0.4149433333333337,1.8026351826484022,0.3767226688356165,0.004542154452054773,0.5,0.8812648232876712,243.54944658844508,4.715270527397237,213.95,462.2147171158423,0.47900000000000004,0.0,0,0.47900000000000004,0.11199563230593608,0.004542154452054773,0.5,0.6165377867579909,156.24246994095645,4.715270527397237,213.95,374.9077404683537,2030,TX,6MW,max,Centralized,hybrid-grid-retail-flat
90,2812054.6079999995,0.0,0.0,0.0,39.12681506849302,1.3329725135844748,0.001114113356164378,8.298866666666667,9.632953293607306,1.9427862910273974,0.004542154452054773,0.5,2.447328445479452,760.0372291872944,4.715270527397237,213.95,978.7024997146916,1.3748366952054794,0.012855154109588979,0.4149433333333337,1.8026351826484022,0.3767226688356165,0.004542154452054773,0.5,0.8812648232876712,243.54944658844508,4.715270527397237,213.95,462.2147171158423,0.47900000000000004,0.0,0,0.47900000000000004,0.11199563230593608,0.004542154452054773,0.5,0.6165377867579909,156.24246994095645,4.715270527397237,213.95,374.9077404683537,2030,TX,6MW,max,Centralized,off-grid
91,2812054.6079999995,0.0,0.0,0.0,39.12681506849302,1.3329725135844748,0.001114113356164378,8.298866666666667,9.632953293607306,1.9427862910273974,0.004542154452054773,0.5,2.447328445479452,760.0372291872944,4.715270527397237,213.95,978.7024997146916,1.3748366952054794,0.012855154109588979,0.4149433333333337,1.8026351826484022,0.3767226688356165,0.004542154452054773,0.5,0.8812648232876712,243.54944658844508,4.715270527397237,213.95,462.2147171158423,0.47900000000000004,0.0,0,0.47900000000000004,0.11199563230593608,0.004542154452054773,0.5,0.6165377867579909,156.24246994095645,4.715270527397237,213.95,374.9077404683537,2030,TX,6MW,max,Distributed,off-grid
92,5709918.671999999,8030589.0,2252223.0,10282527.0,39.12681506849302,1.3329725135844748,0.001114113356164378,8.298866666666667,9.632953293607306,1.9427862910273974,0.004542154452054773,0.5,2.447328445479452,760.0372291872944,4.715270527397237,213.95,978.7024997146916,1.3748366952054794,0.012855154109588979,0.4149433333333337,1.8026351826484022,0.3767226688356165,0.004542154452054773,0.5,0.8812648232876712,243.54944658844508,4.715270527397237,213.95,462.2147171158423,0.4134404691864235,1.4064279127792103,0,1.8198683819656338,0.38016930869906285,0.004542154452054773,0.5,0.8847114631511176,244.6861484154097,4.715270527397237,213.95,463.35141894280696,2030,TX,6MW,no-policy,Centralized,grid-only-retail-flat
93,2812054.6079999995,0.0,0.0,0.0,39.12681506849302,1.3329725135844748,0.001114113356164378,8.298866666666667,9.632953293607306,1.9427862910273974,0.004542154452054773,0.5,2.447328445479452,760.0372291872944,4.715270527397237,213.95,978.7024997146916,1.3748366952054794,0.012855154109588979,0.4149433333333337,1.8026351826484022,0.3767226688356165,0.004542154452054773,0.5,0.8812648232876712,243.54944658844508,4.715270527397237,213.95,462.2147171158423,0.47900000000000004,0.0,0,0.47900000000000004,0.11199563230593608,0.004542154452054773,0.5,0.6165377867579909,156.24246994095645,4.715270527397237,213.95,374.9077404683537,2030,TX,6MW,no-policy,Centralized,hybrid-grid-retail-flat
94,2812054.6079999995,0.0,0.0,0.0,39.12681506849302,1.3329725135844748,0.001114113356164378,8.298866666666667,9.632953293607306,1.9427862910273974,0.004542154452054773,0.5,2.447328445479452,760.0372291872944,4.715270527397237,213.95,978.7024997146916,1.3748366952054794,0.012855154109588979,0.4149433333333337,1.8026351826484022,0.3767226688356165,0.004542154452054773,0.5,0.8812648232876712,243.54944658844508,4.715270527397237,213.95,462.2147171158423,0.47900000000000004,0.0,0,0.47900000000000004,0.11199563230593608,0.004542154452054773,0.5,0.6165377867579909,156.24246994095645,4.715270527397237,213.95,374.9077404683537,2030,TX,6MW,no-policy,Centralized,off-grid
95,2812054.6079999995,0.0,0.0,0.0,39.12681506849302,1.3329725135844748,0.001114113356164378,8.298866666666667,9.632953293607306,1.9427862910273974,0.004542154452054773,0.5,2.447328445479452,760.0372291872944,4.715270527397237,213.95,978.7024997146916,1.3748366952054794,0.012855154109588979,0.4149433333333337,1.8026351826484022,0.3767226688356165,0.004542154452054773,0.5,0.8812648232876712,243.54944658844508,4.715270527397237,213.95,462.2147171158423,0.47900000000000004,0.0,0,0.47900000000000004,0.11199563230593608,0.004542154452054773,0.5,0.6165377867579909,156.24246994095645,4.715270527397237,213.95,374.9077404683537,2030,TX,6MW,no-policy,Distributed,off-grid
96,5709918.671999999,3158712.0,2076438.0,5235429.0,19.9217237442922,1.3305625287671232,0.001027157305936079,8.298866666666667,9.630456352739726,1.9324615801369864,0.0041876413242009376,0.5,2.4366492214611872,749.6727336868469,4.3472457671233125,213.95,967.9699794539702,1.347029178082192,0.011851815068493218,0.4149433333333337,1.7738243264840188,0.36113517488584496,0.0041876413242009376,0.5,0.8653228162100459,231.44928523502045,4.3472457671233125,213.95,449.7465310021438,0.3826545666022054,0.5531973713547842,0,0.9358519379569896,0.1935406971804391,0.0041876413242009376,0.5,0.69772833850464,176.17662648777764,4.3472457671233125,213.95,394.4738722549009,2035,IA,8MW,max,Centralized,grid-only-retail-flat
97,2944114.235999999,532491.24075,337396.42311000003,869807.31255,19.9217237442922,1.3305625287671232,0.001027157305936079,8.298866666666667,9.630456352739726,1.9324615801369864,0.0041876413242009376,0.5,2.4366492214611872,749.6727336868469,4.3472457671233125,213.95,967.9699794539702,1.347029178082192,0.011851815068493218,0.4149433333333337,1.7738243264840188,0.36113517488584496,0.0041876413242009376,0.5,0.8653228162100459,231.44928523502045,4.3472457671233125,213.95,449.7465310021438,0.5936003164498133,0.1808663652513245,0,0.7744666817011377,0.16126364592926873,0.0041876413242009376,0.5,0.6654512872534697,165.53165498514164,4.3472457671233125,213.95,383.828900752265,2035,IA,8MW,max,Centralized,hybrid-grid-retail-flat
98,1682022.4920000003,0.0,0.0,0.0,19.9217237442922,1.3305625287671232,0.001027157305936079,8.298866666666667,9.630456352739726,1.9324615801369864,0.0041876413242009376,0.5,2.4366492214611872,749.6727336868469,4.3472457671233125,213.95,967.9699794539702,1.347029178082192,0.011851815068493218,0.4149433333333337,1.7738243264840188,0.36113517488584496,0.0041876413242009376,0.5,0.8653228162100459,231.44928523502045,4.3472457671233125,213.95,449.7465310021438,0.47900000000000004,0.0,0,0.47900000000000004,0.10217030958904116,0.0041876413242009376,0.5,0.6063579509132421,146.0426726601346,4.3472457671233125,213.95,364.3399184272579,2035,IA,8MW,max,Centralized,off-grid
99,1682022.4920000003,0.0,0.0,0.0,19.9217237442922,1.3305625287671232,0.001027157305936079,8.298866666666667,9.630456352739726,1.9324615801369864,0.0041876413242009376,0.5,2.4366492214611872,749.6727336868469,4.3472457671233125,213.95,967.9699794539702,1.347029178082192,0.011851815068493218,0.4149433333333337,1.7738243264840188,0.36113517488584496,0.0041876413242009376,0.5,0.8653228162100459,231.44928523502045,4.3472457671233125,213.95,449.7465310021438,0.47900000000000004,0.0,0,0.47900000000000004,0.10217030958904116,0.0041876413242009376,0.5,0.6063579509132421,146.0426726601346,4.3472457671233125,213.95,364.3399184272579,2035,IA,8MW,max,Distributed,off-grid
100,5709918.671999999,3158712.0,2076438.0,5235429.0,19.9217237442922,1.3305625287671232,0.001027157305936079,8.298866666666667,9.630456352739726,1.9324615801369864,0.0041876413242009376,0.5,2.4366492214611872,749.6727336868469,4.3472457671233125,213.95,967.9699794539702,1.347029178082192,0.011851815068493218,0.4149433333333337,1.7738243264840188,0.36113517488584496,0.0041876413242009376,0.5,0.8653228162100459,231.44928523502045,4.3472457671233125,213.95,449.7465310021438,0.3826545666022054,0.5531973713547842,0,0.9358519379569896,0.1935406971804391,0.0041876413242009376,0.5,0.69772833850464,176.17662648777764,4.3472457671233125,213.95,394.4738722549009,2035,IA,8MW,no-policy,Centralized,grid-only-retail-flat
101,2944114.235999999,532491.24075,337396.42311000003,869807.31255,19.9217237442922,1.3305625287671232,0.001027157305936079,8.298866666666667,9.630456352739726,1.9324615801369864,0.0041876413242009376,0.5,2.4366492214611872,749.6727336868469,4.3472457671233125,213.95,967.9699794539702,1.347029178082192,0.011851815068493218,0.4149433333333337,1.7738243264840188,0.36113517488584496,0.0041876413242009376,0.5,0.8653228162100459,231.44928523502045,4.3472457671233125,213.95,449.7465310021438,0.5936003164498133,0.1808663652513245,0,0.7744666817011377,0.16126364592926873,0.0041876413242009376,0.5,0.6654512872534697,165.53165498514164,4.3472457671233125,213.95,383.828900752265,2035,IA,8MW,no-policy,Centralized,hybrid-grid-retail-flat
102,1682022.4920000003,0.0,0.0,0.0,19.9217237442922,1.3305625287671232,0.001027157305936079,8.298866666666667,9.630456352739726,1.9324615801369864,0.0041876413242009376,0.5,2.4366492214611872,749.6727336868469,4.3472457671233125,213.95,967.9699794539702,1.347029178082192,0.011851815068493218,0.4149433333333337,1.7738243264840188,0.36113517488584496,0.0041876413242009376,0.5,0.8653228162100459,231.44928523502045,4.3472457671233125,213.95,449.7465310021438,0.47900000000000004,0.0,0,0.47900000000000004,0.10217030958904116,0.0041876413242009376,0.5,0.6063579509132421,146.0426726601346,4.3472457671233125,213.95,364.3399184272579,2035,IA,8MW,no-policy,Centralized,off-grid
103,1682022.4920000003,0.0,0.0,0.0,19.9217237442922,1.3305625287671232,0.001027157305936079,8.298866666666667,9.630456352739726,1.9324615801369864,0.0041876413242009376,0.5,2.4366492214611872,749.6727336868469,4.3472457671233125,213.95,967.9699794539702,1.347029178082192,0.011851815068493218,0.4149433333333337,1.7738243264840188,0.36113517488584496,0.0041876413242009376,0.5,0.8653228162100459,231.44928523502045,4.3472457671233125,213.95,449.7465310021438,0.47900000000000004,0.0,0,0.47900000000000004,0.10217030958904116,0.0041876413242009376,0.5,0.6063579509132421,146.0426726601346,4.3472457671233125,213.95,364.3399184272579,2035,IA,8MW,no-policy,Distributed,off-grid
104,5709918.671999999,3193866.0,8355090.0,11549241.0,43.946883561643844,1.3305799184931506,0.004133035388127865,8.298866666666667,9.633579620547945,1.9331571302739725,0.01685006735159822,0.5,2.450007197625571,749.9523431027098,17.492277465753475,213.95,981.3946205684633,1.3472298287671232,0.04768886986301383,0.4149433333333337,1.8098620319634708,0.3684136125570777,0.01685006735159822,0.5,0.8852636799086759,233.89993095967796,17.492277465753475,213.95,465.3422084254314,1.4822590199526402,0.559354026470099,0,2.0416130464227393,0.4147638154489314,0.01685006735159822,0.5,0.9316138828005296,249.1862278734113,17.492277465753475,213.95,480.6285053391648,2035,IN,6MW,max,Centralized,grid-only-retail-flat
105,2538130.2840000005,294307.79277000006,677017.46388,971317.80951,43.946883561643844,1.3305799184931506,0.004133035388127865,8.298866666666667,9.633579620547945,1.9331571302739725,0.01685006735159822,0.5,2.450007197625571,749.9523431027098,17.492277465753475,213.95,981.3946205684633,1.3472298287671232,0.04768886986301383,0.4149433333333337,1.8098620319634708,0.3684136125570777,0.01685006735159822,0.5,0.8852636799086759,233.89993095967796,17.492277465753475,213.95,465.3422084254314,0.7457386572501098,0.11595456491153076,0,0.8616932221616406,0.1787798505967117,0.01685006735159822,0.5,0.6956299179483099,171.35871626514924,17.492277465753475,213.95,402.80099373090275,2035,IN,6MW,max,Centralized,hybrid-grid-retail-flat
106,1288111.572,0.0,0.0,0.0,43.946883561643844,1.3305799184931506,0.004133035388127865,8.298866666666667,9.633579620547945,1.9331571302739725,0.01685006735159822,0.5,2.450007197625571,749.9523431027098,17.492277465753475,213.95,981.3946205684633,1.3472298287671232,0.04768886986301383,0.4149433333333337,1.8098620319634708,0.3684136125570777,0.01685006735159822,0.5,0.8852636799086759,233.89993095967796,17.492277465753475,213.95,465.3422084254314,0.47900000000000004,0.0,0,0.47900000000000004,0.10224120616438358,0.01685006735159822,0.5,0.6190912735159818,146.11627133136741,17.492277465753475,213.95,377.5585487971209,2035,IN,6MW,max,Centralized,off-grid
107,1288111.572,0.0,0.0,0.0,43.946883561643844,1.3305799184931506,0.004133035388127865,8.298866666666667,9.633579620547945,1.9331571302739725,0.01685006735159822,0.5,2.450007197625571,749.9523431027098,17.492277465753475,213.95,981.3946205684633,1.3472298287671232,0.04768886986301383,0.4149433333333337,1.8098620319634708,0.3684136125570777,0.01685006735159822,0.5,0.8852636799086759,233.89993095967796,17.492277465753475,213.95,465.3422084254314,0.47900000000000004,0.0,0,0.47900000000000004,0.10224120616438358,0.01685006735159822,0.5,0.6190912735159818,146.11627133136741,17.492277465753475,213.95,377.5585487971209,2035,IN,6MW,max,Distributed,off-grid
108,5709918.671999999,3193866.0,8355090.0,11549241.0,43.946883561643844,1.3305799184931506,0.004133035388127865,8.298866666666667,9.633579620547945,1.9331571302739725,0.01685006735159822,0.5,2.450007197625571,749.9523431027098,17.492277465753475,213.95,981.3946205684633,1.3472298287671232,0.04768886986301383,0.4149433333333337,1.8098620319634708,0.3684136125570777,0.01685006735159822,0.5,0.8852636799086759,233.89993095967796,17.492277465753475,213.95,465.3422084254314,1.4822590199526402,0.559354026470099,0,2.0416130464227393,0.4147638154489314,0.01685006735159822,0.5,0.9316138828005296,249.1862278734113,17.492277465753475,213.95,480.6285053391648,2035,IN,6MW,no-policy,Centralized,grid-only-retail-flat
109,2538130.2840000005,294307.79277000006,677017.46388,971317.80951,43.946883561643844,1.3305799184931506,0.004133035388127865,8.298866666666667,9.633579620547945,1.9331571302739725,0.01685006735159822,0.5,2.450007197625571,749.9523431027098,17.492277465753475,213.95,981.3946205684633,1.3472298287671232,0.04768886986301383,0.4149433333333337,1.8098620319634708,0.3684136125570777,0.01685006735159822,0.5,0.8852636799086759,233.89993095967796,17.492277465753475,213.95,465.3422084254314,0.7457386572501098,0.11595456491153076,0,0.8616932221616406,0.1787798505967117,0.01685006735159822,0.5,0.6956299179483099,171.35871626514924,17.492277465753475,213.95,402.80099373090275,2035,IN,6MW,no-policy,Centralized,hybrid-grid-retail-flat
110,1288111.572,0.0,0.0,0.0,43.946883561643844,1.3305799184931506,0.004133035388127865,8.298866666666667,9.633579620547945,1.9331571302739725,0.01685006735159822,0.5,2.450007197625571,749.9523431027098,17.492277465753475,213.95,981.3946205684633,1.3472298287671232,0.04768886986301383,0.4149433333333337,1.8098620319634708,0.3684136125570777,0.01685006735159822,0.5,0.8852636799086759,233.89993095967796,17.492277465753475,213.95,465.3422084254314,0.47900000000000004,0.0,0,0.47900000000000004,0.10224120616438358,0.01685006735159822,0.5,0.6190912735159818,146.11627133136741,17.492277465753475,213.95,377.5585487971209,2035,IN,6MW,no-policy,Centralized,off-grid
111,1288111.572,0.0,0.0,0.0,43.946883561643844,1.3305799184931506,0.004133035388127865,8.298866666666667,9.633579620547945,1.9331571302739725,0.01685006735159822,0.5,2.450007197625571,749.9523431027098,17.492277465753475,213.95,981.3946205684633,1.3472298287671232,0.04768886986301383,0.4149433333333337,1.8098620319634708,0.3684136125570777,0.01685006735159822,0.5,0.8852636799086759,233.89993095967796,17.492277465753475,213.95,465.3422084254314,0.47900000000000004,0.0,0,0.47900000000000004,0.10224120616438358,0.01685006735159822,0.5,0.6190912735159818,146.11627133136741,17.492277465753475,213.95,377.5585487971209,2035,IN,6MW,no-policy,Distributed,off-grid
112,5709918.671999999,3380007.0,2767863.0,6147900.0,23.393835616438363,1.3306719973744292,0.0013691864155251207,8.298866666666667,9.630907850456621,1.9329981747716896,0.0055820676940639535,0.5,2.4385802424657537,750.1658193050205,5.794818198630165,213.95,969.9106375036506,1.3482922773972603,0.015798304794520622,0.4149433333333337,1.7790339155251147,0.3626233877853883,0.0055820676940639535,0.5,0.8682054554794523,232.2562145569383,5.794818198630165,213.95,452.0010327555684,0.5037464839688351,0.5919536151319811,0,1.0957000991008163,0.2259566245005286,0.0055820676940639535,0.5,0.7315386921945926,187.18351602559156,5.794818198630165,213.95,406.9283342242217,2035,MS,4MW,max,Centralized,grid-only-retail-flat
113,2783404.152,766355.52582,588343.19115,1354815.7911299998,23.393835616438363,1.3306719973744292,0.0013691864155251207,8.298866666666667,9.630907850456621,1.9329981747716896,0.0055820676940639535,0.5,2.4385802424657537,750.1658193050205,5.794818198630165,213.95,969.9106375036506,1.3482922773972603,0.015798304794520622,0.4149433333333337,1.7790339155251147,0.3626233877853883,0.0055820676940639535,0.5,0.8682054554794523,232.2562145569383,5.794818198630165,213.95,452.0010327555684,0.6903754090390536,0.27533030920764395,0,0.9657057182466975,0.19995774832970484,0.0055820676940639535,0.5,0.7055398160237688,178.60908666445386,5.794818198630165,213.95,398.35390486308404,2035,MS,4MW,max,Centralized,hybrid-grid-retail-flat
114,1731959.7480000008,0.0,0.0,0.0,23.393835616438363,1.3306719973744292,0.0013691864155251207,8.298866666666667,9.630907850456621,1.9329981747716896,0.0055820676940639535,0.5,2.4385802424657537,750.1658193050205,5.794818198630165,213.95,969.9106375036506,1.3482922773972603,0.015798304794520622,0.4149433333333337,1.7790339155251147,0.3626233877853883,0.0055820676940639535,0.5,0.8682054554794523,232.2562145569383,5.794818198630165,213.95,452.0010327555684,0.47900000000000004,0.0,0,0.47900000000000004,0.10261660468036533,0.0055820676940639535,0.5,0.6081986723744294,146.5059774889017,5.794818198630165,213.95,366.2507956875319,2035,MS,4MW,max,Centralized,off-grid
115,1731959.7480000008,0.0,0.0,0.0,23.393835616438363,1.3306719973744292,0.0013691864155251207,8.298866666666667,9.630907850456621,1.9329981747716896,0.0055820676940639535,0.5,2.4385802424657537,750.1658193050205,5.794818198630165,213.95,969.9106375036506,1.3482922773972603,0.015798304794520622,0.4149433333333337,1.7790339155251147,0.3626233877853883,0.0055820676940639535,0.5,0.8682054554794523,232.2562145569383,5.794818198630165,213.95,452.0010327555684,0.47900000000000004,0.0,0,0.47900000000000004,0.10261660468036533,0.0055820676940639535,0.5,0.6081986723744294,146.5059774889017,5.794818198630165,213.95,366.2507956875319,2035,MS,4MW,max,Distributed,off-grid
116,5709918.671999999,3380007.0,2767863.0,6147900.0,23.393835616438363,1.3306719973744292,0.0013691864155251207,8.298866666666667,9.630907850456621,1.9329981747716896,0.0055820676940639535,0.5,2.4385802424657537,750.1658193050205,5.794818198630165,213.95,969.9106375036506,1.3482922773972603,0.015798304794520622,0.4149433333333337,1.7790339155251147,0.3626233877853883,0.0055820676940639535,0.5,0.8682054554794523,232.2562145569383,5.794818198630165,213.95,452.0010327555684,0.5037464839688351,0.5919536151319811,0,1.0957000991008163,0.2259566245005286,0.0055820676940639535,0.5,0.7315386921945926,187.18351602559156,5.794818198630165,213.95,406.9283342242217,2035,MS,4MW,no-policy,Centralized,grid-only-retail-flat
117,2783404.152,766355.52582,588343.19115,1354815.7911299998,23.393835616438363,1.3306719973744292,0.0013691864155251207,8.298866666666667,9.630907850456621,1.9329981747716896,0.0055820676940639535,0.5,2.4385802424657537,750.1658193050205,5.794818198630165,213.95,969.9106375036506,1.3482922773972603,0.015798304794520622,0.4149433333333337,1.7790339155251147,0.3626233877853883,0.0055820676940639535,0.5,0.8682054554794523,232.2562145569383,5.794818198630165,213.95,452.0010327555684,0.6903754090390536,0.27533030920764395,0,0.9657057182466975,0.19995774832970484,0.0055820676940639535,0.5,0.7055398160237688,178.60908666445386,5.794818198630165,213.95,398.35390486308404,2035,MS,4MW,no-policy,Centralized,hybrid-grid-retail-flat
118,1731959.7480000008,0.0,0.0,0.0,23.393835616438363,1.3306719973744292,0.0013691864155251207,8.298866666666667,9.630907850456621,1.9329981747716896,0.0055820676940639535,0.5,2.4385802424657537,750.1658193050205,5.794818198630165,213.95,969.9106375036506,1.3482922773972603,0.015798304794520622,0.4149433333333337,1.7790339155251147,0.3626233877853883,0.0055820676940639535,0.5,0.8682054554794523,232.2562145569383,5.794818198630165,213.95,452.0010327555684,0.47900000000000004,0.0,0,0.47900000000000004,0.10261660468036533,0.0055820676940639535,0.5,0.6081986723744294,146.5059774889017,5.794818198630165,213.95,366.2507956875319,2035,MS,4MW,no-policy,Centralized,off-grid
119,1731959.7480000008,0.0,0.0,0.0,23.393835616438363,1.3306719973744292,0.0013691864155251207,8.298866666666667,9.630907850456621,1.9329981747716896,0.0055820676940639535,0.5,2.4385802424657537,750.1658193050205,5.794818198630165,213.95,969.9106375036506,1.3482922773972603,0.015798304794520622,0.4149433333333337,1.7790339155251147,0.3626233877853883,0.0055820676940639535,0.5,0.8682054554794523,232.2562145569383,5.794818198630165,213.95,452.0010327555684,0.47900000000000004,0.0,0,0.47900000000000004,0.10261660468036533,0.0055820676940639535,0.5,0.6081986723744294,146.5059774889017,5.794818198630165,213.95,366.2507956875319,2035,MS,4MW,no-policy,Distributed,off-grid
120,5709918.671999999,3156000.0,1679832.0,4836069.0,18.402089041096,1.330561187214612,0.0008309671232876744,8.298866666666667,9.630258821004565,1.9324166043835616,0.003387789041095903,0.5,2.4358043934246574,749.6540266305819,3.516908547945219,213.95,967.1209351785271,1.3470136986301369,0.009588082191780858,0.4149433333333337,1.7715451141552514,0.36067386301369875,0.003387789041095903,0.5,0.8640616520547947,231.29327052680125,3.516908547945219,213.95,448.7601790747465,0.31319543368235214,0.5527224083726845,0,0.8659178420550366,0.17954840859365576,0.003387789041095903,0.5,0.6829361976347517,171.55809565907109,3.516908547945219,213.95,389.0250042070163,2035,TX,6MW,max,Centralized,grid-only-retail-flat
121,2812054.6079999995,0.0,0.0,0.0,18.402089041096,1.330561187214612,0.0008309671232876744,8.298866666666667,9.630258821004565,1.9324166043835616,0.003387789041095903,0.5,2.4358043934246574,749.6540266305819,3.516908547945219,213.95,967.1209351785271,1.3470136986301369,0.009588082191780858,0.4149433333333337,1.7715451141552514,0.36067386301369875,0.003387789041095903,0.5,0.8640616520547947,231.29327052680125,3.516908547945219,213.95,448.7601790747465,0.47900000000000004,0.0,0,0.47900000000000004,0.10216484018264842,0.003387789041095903,0.5,0.6055526292237443,146.03699479712085,3.516908547945219,213.95,363.5039033450661,2035,TX,6MW,max,Centralized,hybrid-grid-retail-flat
122,2812054.6079999995,0.0,0.0,0.0,18.402089041096,1.330561187214612,0.0008309671232876744,8.298866666666667,9.630258821004565,1.9324166043835616,0.003387789041095903,0.5,2.4358043934246574,749.6540266305819,3.516908547945219,213.95,967.1209351785271,1.3470136986301369,0.009588082191780858,0.4149433333333337,1.7715451141552514,0.36067386301369875,0.003387789041095903,0.5,0.8640616520547947,231.29327052680125,3.516908547945219,213.95,448.7601790747465,0.47900000000000004,0.0,0,0.47900000000000004,0.10216484018264842,0.003387789041095903,0.5,0.6055526292237443,146.03699479712085,3.516908547945219,213.95,363.5039033450661,2035,TX,6MW,max,Centralized,off-grid
123,2812054.6079999995,0.0,0.0,0.0,18.402089041096,1.330561187214612,0.0008309671232876744,8.298866666666667,9.630258821004565,1.9324166043835616,0.003387789041095903,0.5,2.4358043934246574,749.6540266305819,3.516908547945219,213.95,967.1209351785271,1.3470136986301369,0.009588082191780858,0.4149433333333337,1.7715451141552514,0.36067386301369875,0.003387789041095903,0.5,0.8640616520547947,231.29327052680125,3.516908547945219,213.95,448.7601790747465,0.47900000000000004,0.0,0,0.47900000000000004,0.10216484018264842,0.003387789041095903,0.5,0.6055526292237443,146.03699479712085,3.516908547945219,213.95,363.5039033450661,2035,TX,6MW,max,Distributed,off-grid
124,5709918.671999999,3156000.0,1679832.0,4836069.0,18.402089041096,1.330561187214612,0.0008309671232876744,8.298866666666667,9.630258821004565,1.9324166043835616,0.003387789041095903,0.5,2.4358043934246574,749.6540266305819,3.516908547945219,213.95,967.1209351785271,1.3470136986301369,0.009588082191780858,0.4149433333333337,1.7715451141552514,0.36067386301369875,0.003387789041095903,0.5,0.8640616520547947,231.29327052680125,3.516908547945219,213.95,448.7601790747465,0.31319543368235214,0.5527224083726845,0,0.8659178420550366,0.17954840859365576,0.003387789041095903,0.5,0.6829361976347517,171.55809565907109,3.516908547945219,213.95,389.0250042070163,2035,TX,6MW,no-policy,Centralized,grid-only-retail-flat
125,2812054.6079999995,0.0,0.0,0.0,18.402089041096,1.330561187214612,0.0008309671232876744,8.298866666666667,9.630258821004565,1.9324166043835616,0.003387789041095903,0.5,2.4358043934246574,749.6540266305819,3.516908547945219,213.95,967.1209351785271,1.3470136986301369,0.009588082191780858,0.4149433333333337,1.7715451141552514,0.36067386301369875,0.003387789041095903,0.5,0.8640616520547947,231.29327052680125,3.516908547945219,213.95,448.7601790747465,0.47900000000000004,0.0,0,0.47900000000000004,0.10216484018264842,0.003387789041095903,0.5,0.6055526292237443,146.03699479712085,3.516908547945219,213.95,363.5039033450661,2035,TX,6MW,no-policy,Centralized,hybrid-grid-retail-flat
126,2812054.6079999995,0.0,0.0,0.0,18.402089041096,1.330561187214612,0.0008309671232876744,8.298866666666667,9.630258821004565,1.9324166043835616,0.003387789041095903,0.5,2.4358043934246574,749.6540266305819,3.516908547945219,213.95,967.1209351785271,1.3470136986301369,0.009588082191780858,0.4149433333333337,1.7715451141552514,0.36067386301369875,0.003387789041095903,0.5,0.8640616520547947,231.29327052680125,3.516908547945219,213.95,448.7601790747465,0.47900000000000004,0.0,0,0.47900000000000004,0.10216484018264842,0.003387789041095903,0.5,0.6055526292237443,146.03699479712085,3.516908547945219,213.95,363.5039033450661,2035,TX,6MW,no-policy,Centralized,off-grid
127,2812054.6079999995,0.0,0.0,0.0,18.402089041096,1.330561187214612,0.0008309671232876744,8.298866666666667,9.630258821004565,1.9324166043835616,0.003387789041095903,0.5,2.4358043934246574,749.6540266305819,3.516908547945219,213.95,967.1209351785271,1.3470136986301369,0.009588082191780858,0.4149433333333337,1.7715451141552514,0.36067386301369875,0.003387789041095903,0.5,0.8640616520547947,231.29327052680125,3.516908547945219,213.95,448.7601790747465,0.47900000000000004,0.0,0,0.47900000000000004,0.10216484018264842,0.003387789041095903,0.5,0.6055526292237443,146.03699479712085,3.516908547945219,213.95,363.5039033450661,2035,TX,6MW,no-policy,Distributed,off-grid
