Interval,Item1,
1,1.2
2,1.1
3,0.79
4,0.63
5,0.62
6,0.59
7,0.64
8,0.51
9,0.61
10,0.57
11,0.69
12,0.75
13,0.68
14,0.76
15,0.73
16,0.84
17,0.75
18,1.45
19,2.03
20,2.06
21,1.92
22,1.99
23,2.15
24,2.11
25,1.77
26,1.67
27,1.57
28,1.68
29,1.56
30,1.7
31,1.57
32,1.79
33,1.59
34,1.65
35,1.61
36,1.81
37,1.86
38,1.44
39,1.63
40,1.8
41,1.87
42,1.73
43,1.89
44,1.92
45,2.54
46,2.22
47,1.99
48,1.73
49,1.85
50,1.86
51,1.79
52,1.88
53,1.78
54,1.73
55,1.92
56,2.05
57,1.85
58,2.69
59,1.88
60,1.58
61,1.46
62,1.48
63,1.45
64,1.58
65,1.82
66,1.81
67,1.83
68,2.65
69,2.06
70,2.06
71,1.66
72,1.61
73,1.66
74,1.57
75,1.62
76,1.64
77,1.6
78,1.75
79,1.64
80,1.82
81,1.66
82,1.56
83,1.53
84,1.41
85,1.46
86,1.44
87,1.45
88,1.54
89,1.81
90,1.73
91,2.13
92,2.12
93,2.21
94,3.47
95,2.31
96,1.08
97,0.8
98,0.87
99,0.95
100,0.87
101,0.69
102,0.62
103,0.86
104,0.94
105,0.62
106,0.64
107,0.5
108,0.58
109,0.54
110,0.43
111,0.52
112,0.62
113,0.79
114,0.74
115,0.74
116,0.88
117,0.77
118,1.09
119,0.96
120,0.89
121,0.95
122,1.01
123,0.64
124,0.75
125,0.63
126,0.77
127,0.64
128,0.76
129,0.64
130,0.73
131,0.83
132,0.86
133,0.76
134,0.77
135,0.74
136,1.05
137,0.8
138,0.61
139,0.72
140,0.51
141,0.83
142,0.81
143,0.79
144,0.62
145,0.53
146,0.65
147,0.57
148,0.73
149,0.56
150,0.64
151,0.57
152,0.65
153,0.58
154,0.62
155,0.87
156,0.72
157,0.84
158,1.57
159,0.79
160,0.72
161,0.74
162,0.8
163,0.72
164,0.94
165,0.76
166,0.86
167,0.99
168,0.75
169,0.88
170,0.75
171,0.83
172,0.74
173,0.68
174,0.68
175,0.51
176,0.61
177,0.57
178,0.53
179,0.62
180,0.78
181,0.89
182,0.87
183,0.82
184,0.92
185,0.97
186,1.92
187,2.1
188,2.6
189,2.45
190,2.23
191,2.03
192,1.91
193,1.98
194,1.36
195,0.58
196,0.47
197,0.58
198,0.44
199,0.62
200,0.65
201,0.52
202,0.41
203,0.5
204,0.36
205,0.28
206,0.37
207,0.38
208,0.33
209,0.53
210,0.54
211,0.64
212,0.59
213,0.83
214,0.72
215,0.76
216,0.46
217,0.46
218,0.47
219,0.46
220,0.46
221,0.45
222,0.39
223,0.34
224,0.73
225,0.43
226,0.44
227,0.42
228,0.4
229,0.4
230,0.31
231,0.52
232,0.41
233,0.56
234,0.49
235,0.46
236,0.73
237,0.57
238,0.6
239,0.45
240,0.51
241,0.71
242,0.73
243,0.67
244,0.62
245,0.56
246,0.57
247,0.5
248,0.58
249,0.32
250,0.35
251,0.4
252,0.4
253,0.34
254,0.34
255,0.38
256,1.01
257,1.27
258,0.99
259,0.64
260,0.72
261,0.71
262,0.76
263,0.69
264,0.41
265,0.31
266,0.43
267,0.38
268,0.26
269,0.43
270,0.41
271,0.28
272,0.58
273,0.39
274,0.28
275,0.48
276,0.68
277,0.35
278,0.56
279,0.55
280,1.51
281,0.66
282,0.96
283,3.15
284,0.79
285,0.9
286,1.12
287,0.77
288,0.7
289,0.77
290,0.76
291,0.43
292,0.42
293,0.54
294,0.54
295,0.49
296,0.48
297,0.57
298,0.42
299,0.84
300,0.68
301,0.69
302,0.73
303,0.74
304,0.9
305,0.84
306,0.81
307,0.89
308,1.8
309,1.11
310,0.87
311,1.1
312,0.98
313,0.83
314,0.85
315,0.81
316,0.77
317,1
318,0.81
319,0.88
320,0.81
321,0.89
322,0.76
323,0.58
324,0.56
325,0.38
326,0.51
327,0.66
328,0.45
329,0.6
330,0.78
331,0.81
332,0.88
333,1.22
334,1.4
335,1.65
336,1.32
337,0.89
338,0.8
339,0.66
340,0.67
341,0.54
342,0.77
343,0.53
344,0.62
345,0.56
346,0.79
347,1.98
348,1.88
349,1.87
350,1.48
351,1.43
352,1.53
353,2.56
354,1.86
355,1.87
356,1.89
357,2.06
358,2.1
359,3.01
360,2.72
361,2.27
362,1.75
363,1.65
364,1.6
365,1.63
366,1.62
367,1.62
368,1.56
369,1.57
370,1.61
371,1.54
372,1.93
373,1.69
374,1.53
375,1.57
376,1.68
377,1.77
378,1.23
379,0.67
380,0.83
381,0.9
382,0.88
383,0.95
384,0.93
385,0.73
386,0.76
387,0.81
388,0.49
389,0.47
390,0.53
391,0.55
392,0.44
393,0.56
394,0.7
395,0.9
396,0.96
397,0.93
398,1.13
399,1.04
400,1.1
401,1.55
402,1.37
403,1.19
404,1.25
405,1.13
406,1.06
407,1.31
408,1.55
409,1.37
410,1.29
411,0.54
412,0.68
413,0.57
414,0.66
415,0.54
416,0.68
417,0.55
418,0.77
419,1.04
420,0.95
421,0.87
422,3.99
423,1
424,2.65
425,1.12
426,1.16
427,3.52
428,0.52
429,0.56
430,0.6
431,1.55
432,1.55
433,4.35
434,2.58
435,0.53
436,0.63
437,0.51
438,0.6
439,0.55
440,0.58
441,0.59
442,0.55
443,0.59
444,0.81
445,0.69
446,3.82
447,2.27
448,0.85
449,0.78
450,1.6
451,0.81
452,0.87
453,3.39
454,1.24
455,1.25
456,1
457,0.74
458,0.55
459,0.47
460,0.46
461,0.6
462,0.56
463,0.48
464,0.53
465,0.6
466,0.49
467,0.59
468,0.63
469,0.71
470,0.74
471,0.75
472,0.62
473,0.77
474,0.84
475,0.77
476,0.71
477,0.76
478,0.87
479,1.25
480,1.2
481,0.96
482,0.62
483,0.51
484,0.44
485,0.52
486,0.49
487,0.42
488,0.52
489,0.46
490,0.43
491,0.49
492,0.58
493,0.53
494,0.68
495,0.7
496,0.67
497,0.67
498,0.65
499,1.97
500,1.18
501,0.83
502,0.84
503,0.64
504,0.5
505,0.5
506,0.46
507,0.46
508,0.43
509,0.39
510,0.4
511,0.47
512,0.73
513,0.6
514,0.61
515,0.56
516,0.55
517,0.75
518,1.61
519,1.73
520,1.82
521,1.87
522,1.83
523,2.03
524,2.33
525,2.17
526,1.92
527,1.76
528,1.84
529,1.71
530,1.67
531,1.42
532,1.36
533,1.34
534,1.42
535,1.38
536,1.5
537,1.36
538,1.33
539,1.07
540,0.4
541,0.23
542,0.22
543,0.35
544,0.19
545,1.25
546,0.66
547,0.85
548,0.71
549,0.81
550,0.78
551,0.85
552,0.64
553,0.72
554,0.76
555,0.82
556,0.76
557,0.64
558,0.79
559,0.73
560,1.85
561,0.72
562,0.57
563,0.46
564,0.38
565,0.35
566,0.29
567,0.28
568,0.37
569,0.33
570,0.29
571,0.66
572,1.27
573,1.31
574,0.6
575,0.85
576,0.82
577,0.59
578,0.44
579,0.49
580,0.53
581,0.45
582,0.6
583,0.48
584,0.89
585,0.61
586,0.52
587,0.46
588,0.43
589,0.35
590,0.37
591,0.42
592,0.46
593,0.65
594,0.74
595,0.73
596,0.8
597,1.17
598,1.21
599,1.16
600,0.98
601,0.88
602,0.61
603,0.46
604,0.56
605,0.47
606,0.51
607,0.57
608,0.99
609,0.5
610,0.36
611,0.58
612,0.36
613,0.37
614,0.36
615,0.28
616,0.27
617,1.33
618,0.64
619,0.65
620,0.71
621,1.05
622,1.03
623,0.83
624,0.72
625,0.68
626,0.7
627,0.76
628,0.73
629,0.7
630,0.76
631,0.67
632,0.5
633,1.07
634,0.35
635,0.43
636,0.51
637,1.15
638,0.75
639,0.34
640,0.5
641,0.5
642,0.53
643,1.54
644,1.16
645,0.74
646,0.68
647,0.75
648,0.97
649,1.01
650,0.75
651,0.64
652,0.68
653,0.62
654,0.64
655,0.61
656,0.61
657,0.58
658,0.47
659,0.47
660,0.52
661,0.68
662,0.63
663,0.72
664,1.06
665,0.69
666,0.7
667,0.81
668,1.52
669,0.79
670,0.82
671,0.84
672,0.63
673,0.76
674,0.74
675,0.69
676,0.61
677,0.66
678,0.65
679,0.76
680,0.95
681,0.64
682,0.63
683,0.46
684,0.21
685,0.32
686,0.27
687,0.38
688,0.23
689,0.35
690,0.34
691,0.3
692,0.35
693,0.47
694,1.72
695,0.89
696,0.75
697,0.69
698,0.76
699,0.77
700,0.72
701,0.72
702,0.53
703,0.71
704,0.75
705,0.44
706,0.47
707,0.39
708,0.67
709,1.59
710,1.53
711,1.5
712,1.52
713,1.76
714,1.48
715,1.05
716,0.77
717,0.89
718,0.89
719,0.75
720,0.61
721,0.725
722,0.75
723,0.73
724,0.665
725,0.69
726,0.59
727,0.735
728,0.85
729,0.54
730,0.55
731,0.425
732,0.44
733,0.955
734,0.9
735,0.94
736,0.875
737,1.055
738,0.91
739,0.675
740,0.56
741,0.68
742,1.305
743,0.82
744,0.68
745,3.4081
746,0.69096
747,0.52289
748,0.41084
749,0.30813
750,0.28012
751,0.28012
752,0.44819
753,0.38283
754,0.27078
755,0.35482
756,0.26145
757,0.27078
758,0.28946
759,0.27078
760,0.26145
761,0.25211
762,0.25211
763,0.27078
764,0.28946
765,0.27078
766,0.26145
767,0.25211
768,0.25211
769,0.27078
770,0.28012
771,0.27078
772,0.27078
773,0.25211
774,0.25211
775,0.25211
776,0.26145
777,0.28012
778,0.26145
779,0.26145
780,0.26145
781,0.25211
782,0.25211
783,0.26145
784,0.26145
785,0.38283
786,0.25211
787,0.26145
788,0.27078
789,0.28012
790,0.27078
791,0.26145
792,0.25211
793,0.24277
794,0.25211
795,0.27078
796,0.26145
797,0.26145
798,0.26145
799,0.26145
800,0.25211
801,0.26145
802,0.24277
803,0.25211
804,0.26145
805,0.26145
806,0.26145
807,0.28012
808,0.26145
809,0.26145
810,0.25211
811,0.25211
812,0.25211
813,0.27078
814,0.26145
815,0.26145
816,0.26145
817,0.26145
818,0.26145
819,0.26145
820,0.24277
821,0.24277
822,0.24277
823,0.26145
824,0.25211
825,0.27078
826,0.25211
827,0.26145
828,0.26145
829,0.25211
830,0.25211
831,0.26145
832,0.25211
833,0.26145
834,0.26145
835,0.26145
836,0.26145
837,0.27078
838,0.26145
839,0.25211
840,0.24277
841,0.24277
842,0.24277
843,0.27078
844,0.26145
845,0.26145
846,0.26145
847,0.26145
848,0.26145
849,0.27078
850,0.24277
851,0.24277
852,0.24277
853,0.25211
854,0.26145
855,0.27078
856,0.26145
857,0.26145
858,0.26145
859,0.52289
860,1.578
861,1.3446
862,1.1672
863,0.89639
864,0.91506
865,0.78434
866,0.70964
867,0.71898
868,0.68163
869,0.5509
870,0.50422
871,0.56024
872,0.775
873,0.45753
874,0.44819
875,0.44819
876,0.71898
877,0.73765
878,0.89639
879,0.91506
880,0.85904
881,1.6994
882,1.55
883,1.2605
884,1.2605
885,1.2139
886,1.2979
887,1.1018
888,0.85904
889,0.75633
890,0.73765
891,0.75633
892,0.63494
893,0.52289
894,0.49488
895,0.60693
896,0.73765
897,0.43886
898,0.53223
899,0.85904
900,0.98976
901,0.86837
902,0.80301
903,0.91506
904,0.90572
905,2.1196
906,0.83103
907,0.80301
908,0.90572
909,1.0551
910,0.9991
911,0.88705
912,0.74699
913,0.41084
914,0.38283
915,0.37349
916,0.38283
917,0.42018
918,0.45753
919,0.42018
920,0.59759
921,0.45753
922,0.36416
923,0.42952
924,0.32681
925,0.31747
926,0.42018
927,0.35482
928,0.47621
929,0.9244
930,0.9244
931,1.438
932,1.1205
933,0.96175
934,0.96175
935,0.91506
936,0.98042
937,0.56958
938,0.46687
939,0.52289
940,0.40151
941,0.50422
942,0.41084
943,0.42952
944,0.49488
945,0.40151
946,1.2045
947,1.606
948,0.81235
949,0.85904
950,0.64428
951,0.67229
952,0.80301
953,0.9244
954,0.64428
955,0.8497
956,1.3726
957,1.1392
958,0.78434
959,1.0738
960,1.1111
961,1.1485
962,1.0645
963,1.1485
964,0.775
965,0.60693
966,0.50422
967,0.60693
968,0.50422
969,0.63494
970,0.68163
971,0.5509
972,0.73765
973,0.41084
974,0.41084
975,0.45753
976,0.45753
977,0.43886
978,0.46687
979,0.46687
980,0.46687
981,0.42018
982,0.60693
983,0.50422
984,0.61627
985,1.0364
986,0.67229
987,0.52289
988,0.56024
989,0.5509
990,0.54157
991,0.57892
992,1.0364
993,0.57892
994,0.48554
995,0.45753
996,0.37349
997,0.37349
998,0.38283
999,0.36416
1000,0.35482
1001,0.37349
1002,0.40151
1003,0.57892
1004,0.68163
1005,0.67229
1006,0.85904
1007,0.78434
1008,0.50422
1009,0.6256
1010,0.56958
1011,0.56024
1012,0.54157
1013,0.46687
1014,0.40151
1015,0.53223
1016,0.90572
1017,0.47621
1018,0.38283
1019,0.34548
1020,0.19608
1021,0.34548
1022,0.36416
1023,0.31747
1024,0.26145
1025,0.41084
1026,0.71898
1027,0.68163
1028,0.75633
1029,0.52289
1030,0.74699
1031,0.74699
1032,0.66295
1033,0.56024
1034,0.51355
1035,0.50422
1036,0.51355
1037,0.48554
1038,0.51355
1039,0.49488
1040,1.2792
1041,0.68163
1042,0.57892
1043,0.52289
1044,0.40151
1045,0.36416
1046,0.38283
1047,0.44819
1048,0.34548
1049,0.41084
1050,0.5509
1051,0.5509
1052,1.1205
1053,1.2886
1054,0.775
1055,0.72831
1056,0.66295
1057,0.53223
1058,0.40151
1059,0.53223
1060,0.41084
1061,0.54157
1062,0.44819
1063,0.51355
1064,0.70964
1065,0.39217
1066,0.39217
1067,0.41084
1068,0.36416
1069,0.34548
1070,0.21476
1071,0.38283
1072,0.35482
1073,0.43886
1074,0.37349
1075,0.45753
1076,0.98042
1077,0.66295
1078,0.775
1079,0.82169
1080,0.72831
1081,0.59759
1082,0.56024
1083,0.54157
1084,0.5509
1085,0.60693
1086,0.66295
1087,0.61627
1088,0.86837
1089,0.66295
1090,0.52289
1091,0.6256
1092,0.48554
1093,0.45753
1094,0.61627
1095,0.51355
1096,0.69096
1097,1.3539
1098,1.3446
1099,2.0916
1100,1.6247
1101,1.3913
1102,1.4006
1103,1.3352
1104,1.4193
1105,0.65362
1106,0.53223
1107,0.59759
1108,0.45753
1109,0.57892
1110,0.47621
1111,0.50422
1112,0.56958
1113,0.46687
1114,1.3913
1115,1.8488
1116,0.93374
1117,0.98976
1118,0.73765
1119,0.775
1120,0.9244
1121,1.0645
1122,0.73765
1123,0.98042
1124,1.5874
1125,1.3166
1126,0.90572
1127,1.2325
1128,1.2792
1129,1.0364
1130,0.45753
1131,0.49488
1132,0.41084
1133,0.54157
1134,0.40151
1135,0.54157
1136,0.42952
1137,0.51355
1138,0.43886
1139,0.5509
1140,0.9244
1141,0.75633
1142,0.5509
1143,0.70964
1144,0.9244
1145,1.0084
1146,1.8395
1147,1.6434
1148,2.241
1149,1.7834
1150,1.634
1151,1.3072
1152,0.5509
1153,0.42952
1154,0.41084
1155,0.39217
1156,0.38283
1157,0.37349
1158,0.37349
1159,0.45753
1160,0.60693
1161,0.34548
1162,0.33614
1163,0.45753
1164,0.37349
1165,0.38283
1166,0.36416
1167,0.36416
1168,0.2988
1169,1.0178
1170,0.75633
1171,1.1485
1172,1.0831
1173,1.2512
1174,1.0271
1175,0.73765
1176,0.41084
1177,0.38283
1178,0.38283
1179,0.43886
1180,0.44819
1181,0.38283
1182,0.37349
1183,0.42018
1184,0.67229
1185,0.33614
1186,0.36416
1187,0.28946
1188,0.34548
1189,0.25211
1190,0.26145
1191,0.33614
1192,0.28012
1193,0.40151
1194,0.97109
1195,1.0178
1196,1.0551
1197,1.2979
1198,1.6527
1199,1.6994
1200,0.54157
1201,0.37349
1202,0.38283
1203,0.30813
1204,0.40151
1205,0.38283
1206,0.26145
1207,0.37349
1208,0.6256
1209,0.24277
1210,0.42952
1211,0.37349
1212,0.27078
1213,0.40151
1214,0.20542
1215,0.39217
1216,0.30813
1217,0.50422
1218,0.61627
1219,0.75633
1220,0.74699
1221,0.6256
1222,0.93374
1223,0.84036
1224,0.84036
1225,0.9244
1226,0.71898
1227,0.31747
1228,0.27078
1229,0.35482
1230,0.34548
1231,0.34548
1232,0.33614
1233,0.31747
1234,0.31747
1235,0.48554
1236,0.34548
1237,0.32681
1238,0.33614
1239,0.48554
1240,0.38283
1241,0.52289
1242,0.72831
1243,1.1018
1244,1.606
1245,1.5407
1246,3.3988
1247,3.8283
1248,1.438
1249,1.4193
1250,2.2596
1251,4.3605
1252,0.88705
1253,0.76566
1254,0.57892
1255,0.38283
1256,0.42018
1257,0.44819
1258,0.36416
1259,0.34548
1260,0.24277
1261,0.43886
1262,0.52289
1263,0.53223
1264,0.59759
1265,0.83103
1266,0.93374
1267,0.8497
1268,0.91506
1269,0.9244
1270,0.9244
1271,1.1858
1272,1.0831
1273,0.66295
1274,0.60693
1275,0.58825
1276,0.28946
1277,0.31747
1278,0.38283
1279,0.37349
1280,0.47621
1281,0.27078
1282,0.42952
1283,0.60693
1284,0.37349
1285,0.20542
1286,0.30813
1287,0.25211
1288,0.40151
1289,0.34548
1290,0.23343
1291,0.34548
1292,0.64428
1293,1.4473
1294,1.634
1295,1.522
1296,1.4006
1297,0.31747
1298,0.40151
1299,0.37349
1300,0.30813
1301,0.37349
1302,0.47621
1303,0.39217
1304,0.40151
1305,0.49488
1306,0.59759
1307,0.31747
1308,0.31747
1309,0.30813
1310,0.30813
1311,0.23343
1312,0.28946
1313,0.2988
1314,0.28946
1315,0.2988
1316,0.31747
1317,0.38283
1318,1.3539
1319,1.2325
1320,1.3633
1321,0.51355
1322,0.37349
1323,0.37349
1324,0.44819
1325,0.48554
1326,0.38283
1327,0.42952
1328,0.56958
1329,0.63494
1330,0.46687
1331,0.51355
1332,0.46687
1333,0.42018
1334,0.46687
1335,0.50422
1336,0.42018
1337,0.42018
1338,0.47621
1339,0.47621
1340,0.41084
1341,0.49488
1342,0.48554
1343,0.42018
1344,0.5509
1345,0.44819
1346,0.48554
1347,0.51355
1348,0.43886
1349,0.56958
1350,0.43886
1351,0.52289
1352,0.49488
1353,0.47621
1354,0.53223
1355,0.40151
1356,0.43886
1357,0.45753
1358,0.40151
1359,0.39217
1360,0.40151
1361,0.39217
1362,0.42018
1363,0.49488
1364,0.44819
1365,1.0458
1366,1.6901
1367,2.4744
1368,1.7648
1369,1.4006
1370,1.4566
1371,1.4193
1372,1.4193
1373,1.4473
1374,1.3446
1375,1.466
1376,1.3352
1377,1.4286
1378,1.3819
1379,1.4286
1380,1.8581
1381,1.7181
1382,1.6901
1383,1.7087
1384,1.7554
1385,1.7834
1386,1.7181
1387,1.7274
1388,1.7274
1389,1.7554
1390,1.9235
1391,1.8114
1392,1.8395
1393,1.8581
1394,1.7741
1395,1.7461
1396,1.7741
1397,1.8114
1398,1.6994
1399,1.6901
1400,1.6807
1401,1.6247
1402,1.578
1403,1.4099
1404,1.634
1405,1.5874
1406,1.6714
1407,1.6621
1408,1.7087
1409,1.8488
1410,1.7461
1411,1.7554
1412,1.7087
1413,1.7741
1414,1.8955
1415,1.6994
1416,1.7461
1417,4.2568
1418,0.86302
1419,0.6531
1420,1.4473
1421,1.4099
1422,1.466
1423,1.4099
1424,1.4846
1425,1.4286
1426,1.5687
1427,1.578
1428,1.606
1429,1.4846
1430,1.4286
1431,1.6714
1432,1.7087
1433,1.7087
1434,1.6807
1435,1.6807
1436,1.8021
1437,1.7367
1438,1.8581
1439,1.8955
1440,1.7834
1441,0.33821
1442,0.34987
1443,0.33821
1444,0.33821
1445,0.31489
1446,0.31489
1447,0.31489
1448,0.32655
1449,0.34987
1450,0.32655
1451,0.32655
1452,0.32655
1453,0.31489
1454,0.31489
1455,0.32655
1456,0.32655
1457,0.47816
1458,0.31489
1459,0.32655
1460,0.33821
1461,0.34987
1462,0.33821
1463,0.32655
1464,0.31489
1465,0.30322
1466,0.31489
1467,0.33821
1468,0.32655
1469,0.32655
1470,0.32655
1471,0.32655
1472,0.31489
1473,0.32655
1474,0.30322
1475,0.31489
1476,0.32655
1477,0.32655
1478,0.32655
1479,0.34987
1480,0.32655
1481,0.32655
1482,0.31489
1483,0.31489
1484,0.31489
1485,0.33821
1486,0.32655
1487,0.32655
1488,0.32655
1489,0.32655
1490,0.32655
1491,0.32655
1492,0.30322
1493,0.30322
1494,0.30322
1495,0.32655
1496,0.31489
1497,0.33821
1498,0.31489
1499,0.32655
1500,0.32655
1501,0.31489
1502,0.31489
1503,0.32655
1504,0.31489
1505,0.32655
1506,0.32655
1507,0.32655
1508,0.32655
1509,0.33821
1510,0.32655
1511,0.31489
1512,0.30322
1513,0.30322
1514,0.30322
1515,0.33821
1516,0.32655
1517,0.32655
1518,0.32655
1519,0.32655
1520,0.32655
1521,0.33821
1522,0.30322
1523,0.30322
1524,0.30322
1525,0.31489
1526,0.32655
1527,0.33821
1528,0.32655
1529,0.32655
1530,0.32655
1531,0.6531
1532,1.9709
1533,1.6794
1534,1.4578
1535,1.1196
1536,1.1429
1537,0.97964
1538,0.88634
1539,0.89801
1540,0.85136
1541,0.68808
1542,0.62977
1543,0.69974
1544,0.96798
1545,0.57146
1546,0.5598
1547,0.5598
1548,0.89801
1549,0.92133
1550,1.1196
1551,1.1429
1552,1.0729
1553,2.1226
1554,1.936
1555,1.5744
1556,1.5744
1557,1.5161
1558,1.6211
1559,1.3762
1560,1.0729
1561,0.94466
1562,0.92133
1563,0.94466
1564,0.79304
1565,0.6531
1566,0.61811
1567,0.75806
1568,0.92133
1569,0.54813
1570,0.66476
1571,1.0729
1572,1.2362
1573,1.0846
1574,1.003
1575,1.1429
1576,1.1313
1577,2.6474
1578,1.038
1579,1.003
1580,1.1313
1581,1.3179
1582,1.2479
1583,1.1079
1584,0.93299
1585,0.51315
1586,0.47816
1587,0.4665
1588,0.47816
1589,0.52481
1590,0.57146
1591,0.52481
1592,0.74639
1593,0.57146
1594,0.45483
1595,0.53647
1596,0.40818
1597,0.39652
1598,0.52481
1599,0.44317
1600,0.59478
1601,1.1546
1602,1.1546
1603,1.796
1604,1.3995
1605,1.2012
1606,1.2012
1607,1.1429
1608,1.2246
1609,0.71141
1610,0.58312
1611,0.6531
1612,0.50148
1613,0.62977
1614,0.51315
1615,0.53647
1616,0.61811
1617,0.50148
1618,1.5045
1619,2.0059
1620,1.0146
1621,1.0729
1622,0.80471
1623,0.83969
1624,1.003
1625,1.1546
1626,0.80471
1627,1.0613
1628,1.7144
1629,1.4228
1630,0.97964
1631,1.3412
1632,1.3878
1633,1.4345
1634,1.3295
1635,1.4345
1636,0.96798
1637,0.75806
1638,0.62977
1639,0.75806
1640,0.62977
1641,0.79304
1642,0.85136
1643,0.68808
1644,0.92133
1645,0.51315
1646,0.51315
1647,0.57146
1648,0.57146
1649,0.54813
1650,0.58312
1651,0.58312
1652,0.58312
1653,0.52481
1654,0.75806
1655,0.62977
1656,0.76972
1657,1.2945
1658,0.83969
1659,0.6531
1660,0.69974
1661,0.68808
1662,0.67642
1663,0.72307
1664,1.2945
1665,0.72307
1666,0.60645
1667,0.57146
1668,0.4665
1669,0.4665
1670,0.47816
1671,0.45483
1672,0.44317
1673,0.4665
1674,0.50148
1675,0.72307
1676,0.85136
1677,0.83969
1678,1.0729
1679,0.97964
1680,0.62977
1681,0.78138
1682,0.69974
1683,0.96272
1684,0.90541
1685,0.77361
1686,0.71631
1687,0.61316
1688,0.83092
1689,0.71058
1690,1.0258
1691,1.4383
1692,1.5816
1693,1.7077
1694,2.0057
1695,1.8509
1696,1.8624
1697,1.7249
1698,1.6446
1699,1.7077
1700,1.8452
1701,2.1031
1702,1.5128
1703,1.5071
1704,1.3925
1705,1.1747
1706,0.92834
1707,0.7908
1708,0.76215
1709,0.85384
1710,0.69339
1711,0.65327
1712,0.659
1713,0.92834
1714,1.0086
1715,1.3639
1716,1.6332
1717,2.5558
1718,2.8022
1719,2.6303
1720,1.9426
1721,1.7363
1722,1.6332
1723,1.6045
1724,1.4383
1725,1.4555
1726,1.4326
1727,1.3295
1728,1.3065
1729,1.2894
1730,0.98564
1731,0.78507
1732,0.92834
1733,0.67046
1734,0.83665
1735,0.63035
1736,0.63608
1737,0.74496
1738,0.9971
1739,1.3237
1740,1.553
1741,1.7707
1742,1.7421
1743,1.9312
1744,2.0171
1745,1.8395
1746,1.8166
1747,1.679
1748,1.5186
1749,1.3925
1750,1.3352
1751,1.318
1752,1.2836
1753,1.4498
1754,2.2349
1755,0.73923
1756,0.83092
1757,0.67046
1758,0.60743
1759,0.60743
1760,0.61316
1761,0.59597
1762,1.0487
1763,1.5644
1764,1.3065
1765,1.5071
1766,1.3925
1767,1.2779
1768,1.3753
1769,1.3925
1770,1.2492
1771,1.2435
1772,1.5128
1773,1.4899
1774,1.3008
1775,1.169
1776,1.0143
1777,0.8653
1778,0.61316
1779,0.64181
1780,0.70485
1781,0.64754
1782,0.45844
1783,0.57878
1784,0.56732
1785,0.68193
1786,1.0716
1787,1.4154
1788,1.5988
1789,2.3151
1790,3.0142
1791,2.0229
1792,1.6733
1793,1.7077
1794,1.5816
1795,1.5931
1796,1.5186
1797,1.1346
1798,1.1805
1799,1.1346
1800,1.1518
1801,0.87103
1802,0.68766
1803,0.61889
1804,0.64181
1805,0.4699
1806,0.52147
1807,0.43552
1808,0.46417
1809,0.64754
1810,0.89395
1811,1.0945
1812,1.2091
1813,1.4097
1814,1.5587
1815,2.0802
1816,1.4899
1817,1.6446
1818,3.0773
1819,2.275
1820,1.3753
1821,1.4269
1822,1.2779
1823,1.0831
1824,1.0028
1825,1.9885
1826,1.4326
1827,0.51001
1828,0.659
1829,0.75069
1830,0.6017
1831,0.7908
1832,0.6762
1833,0.67046
1834,0.77361
1835,1.3639
1836,1.318
1837,1.467
1838,1.5644
1839,1.6733
1840,2.9397
1841,1.9369
1842,1.9484
1843,1.5644
1844,1.4097
1845,1.6045
1846,1.4326
1847,1.3524
1848,0.95126
1849,0.92834
1850,0.76788
1851,0.6762
1852,0.61316
1853,0.60743
1854,0.40686
1855,0.57305
1856,0.44698
1857,0.85384
1858,0.92261
1859,1.2607
1860,1.404
1861,1.8796
1862,2.0572
1863,1.7191
1864,1.6848
1865,1.9254
1866,2.6532
1867,2.275
1868,2.2062
1869,1.7764
1870,1.3295
1871,1.2435
1872,1.1289
1873,1.0086
1874,0.89395
1875,0.84238
1876,0.8653
1877,0.64754
1878,0.60743
1879,0.67046
1880,0.75069
1881,0.6762
1882,1.3696
1883,1.3753
1884,1.7363
1885,2.3724
1886,3.0945
1887,2.8595
1888,2.8137
1889,2.8423
1890,2.573
1891,1.9197
1892,2.1317
1893,1.7478
1894,1.7936
1895,1.5759
1896,1.1461
1897,1.1002
1898,0.92834
1899,0.89395
1900,0.69339
1901,0.83665
1902,0.64181
1903,0.659
1904,0.63608
1905,0.90541
1906,1.0831
1907,1.2034
1908,2.2693
1909,2.785
1910,2.5787
1911,1.8223
1912,1.8681
1913,2.2062
1914,2.6303
1915,1.7019
1916,1.5415
1917,1.3237
1918,1.467
1919,1.5988
1920,1.8624
1921,2.5844
1922,1.2034
1923,0.9398
1924,0.91687
1925,0.95699
1926,0.68766
1927,0.85384
1928,0.69339
1929,0.91114
1930,1.0028
1931,1.4555
1932,1.6275
1933,2.4756
1934,3.0314
1935,3.1288
1936,3.0257
1937,2.6761
1938,2.6991
1939,1.8452
1940,1.828
1941,1.765
1942,1.7822
1943,1.6676
1944,1.3868
1945,1.1919
1946,1.0487
1947,0.88822
1948,0.92834
1949,0.90541
1950,0.72777
1951,0.69339
1952,0.88249
1953,1.2034
1954,1.4498
1955,1.7363
1956,2.0974
1957,3.0887
1958,3.444
1959,4.7448
1960,3.3695
1961,2.9913
1962,2.7793
1963,2.3896
1964,2.1088
1965,2.0114
1966,1.6217
1967,1.4727
1968,1.4842
1969,2.2292
1970,0.97418
1971,0.85384
1972,0.95699
1973,0.70485
1974,0.82519
1975,0.68193
1976,0.69339
1977,0.89968
1978,0.9971
1979,1.1346
1980,1.5071
1981,1.5186
1982,1.5243
1983,1.3123
1984,1.6217
1985,1.6848
1986,1.3753
1987,3.1632
1988,2.5844
1989,1.7994
1990,1.6217
1991,1.6561
1992,1.9713
1993,1.1289
1994,1.0372
1995,0.96845
1996,0.71631
1997,0.94553
1998,0.67046
1999,0.63608
2000,0.63608
2001,0.77361
2002,1.0143
2003,1.9197
2004,2.2807
2005,2.5214
2006,2.8882
2007,2.7564
2008,2.5214
2009,2.8022
2010,2.5329
2011,2.0572
2012,1.5472
2013,1.53
2014,1.467
2015,1.4498
2016,1.4269
2017,1.106
2018,0.96272
2019,0.89395
2020,0.84238
2021,0.91114
2022,0.69912
2023,0.95126
2024,0.72777
2025,0.92261
2026,1.106
2027,1.2664
2028,1.4212
2029,1.4785
2030,1.7363
2031,1.467
2032,1.6733
2033,1.6446
2034,1.7191
2035,1.6332
2036,1.4727
2037,1.381
2038,1.4899
2039,1.1518
2040,0.9398
2041,0.91687
2042,0.71058
2043,0.7908
2044,0.64181
2045,0.68766
2046,0.61316
2047,0.63608
2048,0.60743
2049,0.75642
2050,0.94553
2051,1.106
2052,1.3524
2053,1.5988
2054,1.8509
2055,1.8509
2056,1.9713
2057,3.0543
2058,1.7134
2059,1.5816
2060,1.4727
2061,1.404
2062,1.381
2063,1.3237
2064,1.0544
2065,0.89395
2066,0.87676
2067,0.88249
2068,0.66473
2069,0.77934
2070,0.59024
2071,1.0086
2072,0.9971
2073,0.9398
2074,0.97991
2075,1.6332
2076,1.9656
2077,2.2062
2078,2.0687
2079,2.0458
2080,1.7994
2081,1.7879
2082,1.9484
2083,1.5472
2084,1.4842
2085,1.5243
2086,1.4957
2087,1.4785
2088,1.2091
2089,1.106
2090,0.99137
2091,0.83665
2092,0.92834
2093,0.91687
2094,0.69339
2095,1.0831
2096,0.77361
2097,0.87103
2098,1.0659
2099,1.169
2100,2.0974
2101,1.7822
2102,2.424
2103,2.3495
2104,1.6217
2105,1.3524
2106,1.53
2107,2.2062
2108,1.8509
2109,1.7879
2110,1.3065
2111,1.3065
2112,1.1919
2113,1.1576
2114,1.0773
2115,0.7908
2116,0.83092
2117,0.64181
2118,0.6017
2119,0.42405
2120,0.69339
2121,0.77934
2122,1.0258
2123,1.7936
2124,1.5873
2125,1.6332
2126,1.4899
2127,1.5186
2128,1.3409
2129,1.53
2130,1.9197
2131,1.5186
2132,1.6045
2133,1.4785
2134,1.3639
2135,1.2894
2136,1.0258
2137,1.1919
2138,0.71058
2139,0.66473
2140,0.44125
2141,0.22922
2142,0.25214
2143,0.42405
2144,0.60743
2145,0.62462
2146,0.72204
2147,1.1174
2148,1.4613
2149,1.5071
2150,1.5186
2151,1.5358
2152,1.5873
2153,1.5873
2154,1.5816
2155,1.5587
2156,1.3581
2157,1.2779
2158,1.3295
2159,2.2062
2160,1.1423
2161,0.74204
2162,0.5907
2163,0.54676
2164,0.52724
2165,0.36614
2166,0.50771
2167,0.42472
2168,0.54188
2169,0.83967
2170,0.84456
2171,0.99101
2172,1.1423
2173,1.3132
2174,1.3962
2175,1.5085
2176,1.3864
2177,1.4157
2178,2.2603
2179,1.4499
2180,1.3767
2181,1.6696
2182,1.5134
2183,1.0594
2184,0.87385
2185,0.81527
2186,0.78109
2187,0.76645
2188,0.58582
2189,0.67857
2190,0.55653
2191,0.54676
2192,0.59558
2193,0.74692
2194,0.70787
2195,1.0349
2196,0.92755
2197,0.99589
2198,1.0252
2199,1.0789
2200,1.0789
2201,1.2156
2202,2.3872
2203,1.4597
2204,1.3083
2205,1.6793
2206,1.5719
2207,1.2986
2208,0.88361
2209,0.88361
2210,0.65417
2211,0.66881
2212,0.54188
2213,0.49795
2214,0.48818
2215,0.43936
2216,0.60535
2217,1.0349
2218,0.83479
2219,1.0398
2220,1.1814
2221,1.3083
2222,1.445
2223,1.362
2224,1.4694
2225,1.9234
2226,1.5866
2227,1.4499
2228,1.3816
2229,1.157
2230,0.96172
2231,0.86897
2232,0.85432
2233,0.65417
2234,0.79574
2235,0.57117
2236,0.56629
2237,0.58094
2238,0.54188
2239,0.41984
2240,0.56141
2241,0.79086
2242,0.77133
2243,0.86408
2244,0.89826
2245,1.0642
2246,1.2644
2247,1.362
2248,1.4206
2249,1.4792
2250,1.5182
2251,1.5768
2252,1.9625
2253,1.4597
2254,1.5378
2255,1.1033
2256,0.84944
2257,0.94219
2258,2.1822
2259,0.91778
2260,0.58582
2261,0.71275
2262,0.55165
2263,0.55165
2264,0.61023
2265,0.68346
2266,1.4108
2267,1.1082
2268,1.3327
2269,2.5971
2270,1.3718
2271,1.3669
2272,1.3718
2273,1.9186
2274,1.4938
2275,1.2449
2276,1.777
2277,1.8502
2278,1.2937
2279,1.0496
2280,0.79086
2281,0.82015
2282,0.63464
2283,0.72739
2284,0.58582
2285,0.56629
2286,0.537
2287,0.37102
2288,0.67369
2289,0.63464
2290,0.9129
2291,1.0594
2292,1.1863
2293,1.3083
2294,1.279
2295,1.3474
2296,1.4108
2297,1.3523
2298,1.2595
2299,1.1668
2300,1.1375
2301,1.0301
2302,0.99101
2303,0.97148
2304,0.99101
2305,0.9666
2306,0.79574
2307,0.87385
2308,0.82015
2309,0.66881
2310,0.60047
2311,0.60047
2312,0.81527
2313,0.90802
2314,0.83479
2315,0.84456
2316,0.65417
2317,1.0545
2318,1.0301
2319,1.1765
2320,1.1716
2321,1.1375
2322,1.0057
2323,0.91778
2324,0.87873
2325,1.0203
2326,0.95196
2327,0.79574
2328,0.98613
2329,0.96172
2330,2.0357
2331,1.4987
2332,0.73227
2333,0.88361
2334,0.62487
2335,0.64928
2336,0.7518
2337,0.59558
2338,1.157
2339,0.70787
2340,0.89826
2341,0.88361
2342,0.82015
2343,0.87385
2344,0.94219
2345,0.97148
2346,1.3376
2347,1.1863
2348,1.0398
2349,1.1619
2350,1.0691
2351,0.90802
2352,0.89337
2353,0.83967
2354,0.82991
2355,0.67369
2356,0.71275
2357,0.55165
2358,0.52236
2359,0.57117
2360,0.72251
2361,0.58582
2362,0.58582
2363,0.57606
2364,0.63952
2365,0.78597
2366,0.81038
2367,0.97148
2368,1.0008
2369,1.4792
2370,1.4499
2371,0.98613
2372,0.94707
2373,0.94707
2374,0.95684
2375,0.86897
2376,0.74692
2377,0.79086
2378,0.84944
2379,0.74692
2380,0.5907
2381,0.57606
2382,0.5907
2383,0.58582
2384,0.62976
2385,0.61023
2386,0.61511
2387,0.71275
2388,0.90314
2389,0.97148
2390,0.97148
2391,1.0349
2392,1.0398
2393,1.0154
2394,1.1179
2395,1.279
2396,1.1179
2397,0.98613
2398,0.98125
2399,0.92267
2400,0.57117
2401,0.70298
2402,0.5907
2403,0.58094
2404,0.55653
2405,0.54188
2406,0.55653
2407,0.52236
2408,0.38566
2409,1.362
2410,2.3482
2411,1.3376
2412,1.5622
2413,1.6354
2414,1.8014
2415,1.816
2416,1.2302
2417,2.5239
2418,1.0545
2419,1.8307
2420,2.1382
2421,1.2693
2422,1.1765
2423,1.0594
2424,1.1716
2425,0.97148
2426,0.61999
2427,0.85432
2428,0.61999
2429,0.77133
2430,0.56629
2431,0.71275
2432,0.69322
2433,0.79086
2434,0.76645
2435,1.0203
2436,1.1814
2437,1.3376
2438,1.3962
2439,2.0894
2440,2.0357
2441,1.9576
2442,1.5573
2443,1.3279
2444,1.1082
2445,1.1521
2446,0.99589
2447,0.88849
2448,0.99589
2449,0.93731
2450,0.86408
2451,0.69322
2452,0.73227
2453,0.6444
2454,0.56141
2455,0.57117
2456,0.58094
2457,0.60535
2458,0.82503
2459,1.0252
2460,1.157
2461,1.2546
2462,1.3425
2463,1.4987
2464,1.4841
2465,1.5427
2466,1.4645
2467,1.4401
2468,1.4206
2469,1.2888
2470,1.0789
2471,1.0594
2472,2.0064
2473,1.2546
2474,0.97148
2475,0.9666
2476,0.97637
2477,0.96172
2478,0.82015
2479,0.89826
2480,1.0349
2481,1.074
2482,1.0935
2483,1.2693
2484,1.2644
2485,1.2937
2486,1.4255
2487,1.4694
2488,1.2644
2489,1.2205
2490,1.0154
2491,1.0496
2492,1.0594
2493,1.1131
2494,1.1375
2495,1.1082
2496,0.86408
2497,0.72739
2498,0.68834
2499,0.75668
2500,0.57606
2501,0.72739
2502,0.62487
2503,0.72251
2504,0.81038
2505,0.72251
2506,0.87873
2507,1.0447
2508,1.3425
2509,1.4743
2510,1.7184
2511,2.0943
2512,2.3189
2513,2.2164
2514,2.2505
2515,2.6752
2516,2.2603
2517,1.6061
2518,1.2107
2519,0.93731
2520,0.89337
2521,0.82991
2522,0.81038
2523,0.68346
2524,0.6981
2525,0.70298
2526,0.65417
2527,0.69322
2528,0.78109
2529,0.78109
2530,1.0057
2531,1.0642
2532,1.1912
2533,1.445
2534,1.5915
2535,2.1236
2536,2.5581
2537,2.3286
2538,2.1871
2539,1.943
2540,1.5475
2541,1.5182
2542,1.4597
2543,1.0057
2544,0.9129
2545,1.0008
2546,0.93243
2547,0.85432
2548,0.81038
2549,0.76645
2550,0.70787
2551,0.93731
2552,0.92267
2553,0.9666
2554,1.0984
2555,1.3034
2556,1.5182
2557,1.7379
2558,1.7477
2559,1.6549
2560,1.8697
2561,1.8649
2562,1.6256
2563,1.8649
2564,1.489
2565,1.6891
2566,1.5524
2567,1.0886
2568,1.0252
2569,0.92755
2570,0.86408
2571,0.84456
2572,0.8055
2573,0.76157
2574,0.60047
2575,0.89337
2576,0.75668
2577,0.68834
2578,0.74692
2579,1.1912
2580,1.2205
2581,1.4499
2582,1.4743
2583,1.4401
2584,1.4597
2585,1.5036
2586,2.1187
2587,1.9186
2588,1.8453
2589,1.4353
2590,1.2546
2591,1.0301
2592,0.95684
2593,0.8592
2594,0.77133
2595,0.61023
2596,0.6981
2597,0.67857
2598,0.52724
2599,0.54676
2600,0.7518
2601,0.82991
2602,1.0691
2603,1.2058
2604,1.3816
2605,2.8461
2606,1.9381
2607,1.9234
2608,1.9137
2609,1.7184
2610,1.6256
2611,1.4645
2612,2.3775
2613,1.9234
2614,1.6891
2615,1.4792
2616,0.9129
2617,0.8592
2618,0.81527
2619,0.76157
2620,0.59558
2621,0.73227
2622,0.65905
2623,0.61023
2624,0.58582
2625,0.95196
2626,1.323
2627,1.5085
2628,1.323
2629,1.4987
2630,1.5085
2631,1.6208
2632,1.6647
2633,1.6745
2634,1.6305
2635,1.5378
2636,1.6745
2637,1.2888
2638,1.8307
2639,1.2351
2640,0.81038
2641,0.82503
2642,0.83967
2643,0.8055
2644,0.71763
2645,0.61999
2646,0.78109
2647,0.7518
2648,0.77621
2649,0.8592
2650,0.85432
2651,1.2107
2652,1.4304
2653,2.2456
2654,2.3238
2655,2.2554
2656,1.8307
2657,1.8453
2658,1.5378
2659,1.5134
2660,1.4987
2661,1.362
2662,1.1277
2663,1.0398
2664,0.87873
2665,0.83479
2666,0.82503
2667,0.70298
2668,0.68834
2669,0.77133
2670,0.56141
2671,0.59558
2672,0.63464
2673,0.70298
2674,0.90314
2675,1.2009
2676,1.6256
2677,2.4458
2678,2.2847
2679,2.4507
2680,2.4507
2681,2.2408
2682,2.2456
2683,1.9771
2684,1.5182
2685,1.4694
2686,1.4304
2687,0.92267
2688,0.88361
2689,0.83967
2690,0.81527
2691,0.7518
2692,0.74204
2693,0.72739
2694,0.56629
2695,0.83967
2696,0.6981
2697,0.80062
2698,0.88361
2699,1.1619
2700,1.3327
2701,1.4597
2702,1.4206
2703,1.7038
2704,1.6842
2705,1.8258
2706,1.9527
2707,1.6354
2708,1.5134
2709,1.4499
2710,1.1179
2711,0.96172
2712,0.86897
2713,0.76157
2714,0.71763
2715,0.76645
2716,0.54188
2717,0.55653
2718,0.54676
2719,0.63952
2720,0.73227
2721,0.53212
2722,0.77133
2723,0.82991
2724,0.94707
2725,1.074
2726,1.3669
2727,1.4304
2728,1.2937
2729,1.2009
2730,1.6891
2731,1.4255
2732,1.3425
2733,1.3376
2734,0.99589
2735,0.74692
2736,0.70787
2737,0.81527
2738,0.55165
2739,0.55165
2740,0.537
2741,0.50771
2742,0.50771
2743,0.63464
2744,0.52724
2745,0.46377
2746,0.52236
2747,0.77621
2748,0.86897
2749,0.90314
2750,1.2156
2751,1.6549
2752,1.8014
2753,1.8307
2754,1.6501
2755,1.1521
2756,1.0594
2757,1.074
2758,0.92267
2759,0.72739
2760,0.67369
2761,0.56141
2762,0.65905
2763,0.49306
2764,0.47842
2765,0.49795
2766,0.45889
2767,0.43448
2768,0.46866
2769,0.40519
2770,0.60535
2771,0.70298
2772,0.98125
2773,0.9129
2774,1.2986
2775,1.3034
2776,1.3474
2777,1.3034
2778,1.2888
2779,1.2253
2780,1.157
2781,1.074
2782,0.96172
2783,0.83967
2784,0.66881
2785,0.71275
2786,0.56141
2787,0.50283
2788,0.49306
2789,0.34173
2790,0.50283
2791,0.3222
2792,0.40519
2793,0.74692
2794,0.56141
2795,0.78109
2796,0.85432
2797,0.9129
2798,0.92267
2799,0.92267
2800,0.90314
2801,0.87873
2802,0.82503
2803,1.2449
2804,0.97637
2805,1.196
2806,0.82991
2807,2.7924
2808,1.1619
2809,0.68834
2810,0.52724
2811,0.47354
2812,0.3222
2813,0.33196
2814,0.20992
2815,0.44913
2816,0.49795
2817,0.4833
2818,0.47354
2819,0.57606
2820,0.6444
2821,0.73227
2822,0.67857
2823,0.5907
2824,1.2156
2825,1.3083
2826,0.86408
2827,1.8307
2828,1.9527
2829,1.3669
2830,0.90802
2831,0.65417
2832,0.50771
2833,0.56141
2834,0.59558
2835,0.61023
2836,0.42472
2837,0.45401
2838,0.3759
2839,0.75668
2840,0.68346
2841,0.61023
2842,0.81527
2843,0.72739
2844,0.8592
2845,0.99589
2846,1.0789
2847,1.1082
2848,1.196
2849,1.3181
2850,1.157
2851,1.2058
2852,1.0642
2853,0.80062
2854,0.65417
2855,0.49306
2856,0.52724
2857,0.47842
2858,0.34173
2859,0.35149
2860,0.21968
2861,0.32708
2862,0.34173
2863,0.44913
2864,0.54188
2865,0.54188
2866,0.57606
2867,0.42472
2868,0.68346
2869,0.76157
2870,0.74204
2871,0.86897
2872,0.65905
2873,1.0301
2874,1.0398
2875,0.93731
2876,0.93243
2877,1.0447
2878,0.7518
2879,0.66881
2880,1.1561
2881,0.73662
2882,0.72639
2883,0.94124
2884,0.75708
2885,0.70593
2886,0.36831
2887,1.2072
2888,1.2789
2889,1.1152
2890,1.0845
2891,1.0947
2892,1.1663
2893,1.2175
2894,1.7086
2895,1.2072
2896,2.1383
2897,2.0359
2898,2.128
2899,1.9029
2900,2.1894
2901,2.2917
2902,1.9132
2903,1.4835
2904,1.3709
2905,1.3914
2906,0.8287
2907,0.35808
2908,0.38877
2909,0.38877
2910,0.32739
2911,0.33762
2912,0.51154
2913,0.97193
2914,1.1765
2915,1.3709
2916,2.2303
2917,2.2815
2918,2.2099
2919,2.3224
2920,2.0155
2921,1.8825
2922,1.862
2923,1.9643
2924,2.1894
2925,2.0462
2926,1.5039
2927,1.7392
2928,1.1459
2929,0.76731
2930,0.46039
2931,0.399
2932,0.41947
2933,0.41947
2934,0.399
2935,0.37854
2936,0.38877
2937,0.60362
2938,1.1254
2939,1.8722
2940,1.4732
2941,1.6267
2942,1.7699
2943,1.7802
2944,1.729
2945,1.6267
2946,1.3607
2947,1.7597
2948,1.9132
2949,2.1076
2950,1.9234
2951,1.5142
2952,1.4221
2953,0.85939
2954,0.4297
2955,0.41947
2956,0.399
2957,0.35808
2958,0.37854
2959,0.50131
2960,0.36831
2961,0.40923
2962,1.3402
2963,2.1587
2964,3.3148
2965,3.8877
2966,4.0105
2967,3.0181
2968,3.0181
2969,3.7343
2970,3.6831
2971,2.8339
2972,2.4247
2973,2.0769
2974,1.7802
2975,1.2277
2976,1.1152
2977,0.80824
2978,0.86962
2979,0.43993
2980,0.47062
2981,0.43993
2982,0.43993
2983,0.97193
2984,1.1765
2985,0.75708
2986,1.1152
2987,1.7802
2988,2.0052
2989,2.2815
2990,2.3429
2991,2.4452
2992,3.1716
2993,2.6089
2994,2.4145
2995,2.2303
2996,2.3429
2997,2.0564
2998,1.3198
2999,1.0538
3000,1.0026
3001,1.1152
3002,0.68547
3003,0.70593
3004,0.67524
3005,0.34785
3006,0.66501
3007,0.95147
3008,1.1765
3009,1.0947
3010,0.72639
3011,0.74685
3012,0.73662
3013,0.76731
3014,0.8287
3015,0.67524
3016,1.0947
3017,1.2891
3018,1.0947
3019,1.2789
3020,0.85939
3021,1.3812
3022,1.4835
3023,0.97193
3024,0.72639
3025,0.399
3026,0.35808
3027,0.36831
3028,0.35808
3029,0.49108
3030,0.34785
3031,0.38877
3032,0.40923
3033,0.53201
3034,0.31716
3035,0.64454
3036,1.0333
3037,1.2584
3038,1.2891
3039,1.2789
3040,2.0052
3041,1.5858
3042,3.2125
3043,2.3019
3044,1.5858
3045,1.3198
3046,0.99239
3047,0.37854
3048,0.35808
3049,0.36831
3050,0.36831
3051,0.35808
3052,0.33762
3053,0.32739
3054,0.34785
3055,0.73662
3056,0.4297
3057,0.41947
3058,0.45016
3059,1.3914
3060,1.1663
3061,1.5858
3062,1.2789
3063,1.7086
3064,1.5244
3065,1.9643
3066,1.7904
3067,2.2713
3068,2.1587
3069,1.9746
3070,1.5346
3071,1.3402
3072,1.3812
3073,0.61385
3074,0.75708
3075,0.43993
3076,0.41947
3077,0.41947
3078,0.41947
3079,0.58316
3080,0.8287
3081,0.8287
3082,1.2891
3083,1.3402
3084,1.3812
3085,1.9541
3086,2.128
3087,1.8109
3088,1.7699
3089,1.995
3090,2.0564
3091,1.6676
3092,1.9132
3093,1.8927
3094,2.0666
3095,1.5653
3096,0.92078
3097,0.40923
3098,0.38877
3099,0.38877
3100,0.40923
3101,0.40923
3102,0.41947
3103,0.46039
3104,0.45016
3105,0.6957
3106,1.2482
3107,1.5858
3108,4.1537
3109,0.86962
3110,0.92078
3111,1.197
3112,0.84916
3113,1.33
3114,1.4835
3115,1.6472
3116,1.4323
3117,1.6267
3118,1.4528
3119,3.4376
3120,0.75708
3121,0.48085
3122,0.51154
3123,0.46039
3124,0.399
3125,0.399
3126,0.4297
3127,0.41947
3128,0.47062
3129,0.46039
3130,0.47062
3131,0.49108
3132,0.78778
3133,0.87985
3134,0.83893
3135,0.89009
3136,0.8287
3137,0.61385
3138,0.67524
3139,0.73662
3140,0.73662
3141,0.55247
3142,0.48085
3143,0.50131
3144,0.51154
3145,0.48085
3146,0.47062
3147,0.43993
3148,0.49108
3149,0.54224
3150,0.4297
3151,0.48085
3152,0.46039
3153,0.46039
3154,0.45016
3155,0.73662
3156,0.74685
3157,2.0359
3158,1.2379
3159,1.3505
3160,1.1049
3161,0.71616
3162,0.75708
3163,1.463
3164,1.2379
3165,1.2277
3166,1.2072
3167,1.0231
3168,0.72639
3169,0.41947
3170,0.37854
3171,0.33762
3172,0.35808
3173,0.40923
3174,0.31716
3175,0.65478
3176,0.4297
3177,0.36831
3178,0.27623
3179,0.5627
3180,0.94124
3181,1.2379
3182,1.2379
3183,1.463
3184,1.5653
3185,2.2508
3186,1.9234
3187,1.6983
3188,1.9132
3189,2.0462
3190,1.4323
3191,0.87985
3192,0.72639
3193,0.38877
3194,0.34785
3195,0.32739
3196,0.31716
3197,0.33762
3198,0.35808
3199,0.87985
3200,0.68547
3201,0.89009
3202,0.58316
3203,1.064
3204,1.0538
3205,1.0742
3206,1.197
3207,1.9439
3208,3.2023
3209,2.926
3210,2.5475
3211,1.9029
3212,1.9746
3213,1.8927
3214,1.2482
3215,0.94124
3216,0.92078
3217,0.75708
3218,0.45016
3219,0.40923
3220,0.37854
3221,0.4297
3222,0.49108
3223,0.63431
3224,0.36831
3225,0.5627
3226,0.86962
3227,1.3402
3228,1.8006
3229,2.0462
3230,2.0155
3231,1.9336
3232,1.862
3233,1.9234
3234,2.0666
3235,1.9541
3236,2.0769
3237,1.8722
3238,1.5142
3239,1.4732
3240,1.4323
3241,1.3914
3242,1.2789
3243,0.74685
3244,0.46039
3245,0.40923
3246,0.33762
3247,0.33762
3248,0.68547
3249,0.93101
3250,1.6983
3251,1.8109
3252,2.4247
3253,2.6805
3254,2.8339
3255,2.6907
3256,2.66
3257,2.7419
3258,2.5577
3259,2.8749
3260,2.3326
3261,2.1178
3262,2.0052
3263,1.1459
3264,1.0947
3265,0.84916
3266,0.85939
3267,0.36831
3268,0.35808
3269,0.34785
3270,0.31716
3271,0.30693
3272,0.33762
3273,1.4732
3274,3.0386
3275,3.5808
3276,3.8263
3277,4.0003
3278,4.031
3279,4.5732
3280,4.3481
3281,3.3557
3282,2.8953
3283,2.5066
3284,2.4861
3285,2.1792
3286,1.5551
3287,1.2789
3288,1.0947
3289,1.0129
3290,0.63431
3291,0.63431
3292,0.65478
3293,0.40923
3294,0.38877
3295,0.55247
3296,1.0538
3297,0.77755
3298,1.1152
3299,1.6369
3300,1.8825
3301,1.9234
3302,2.0359
3303,2.261
3304,2.8237
3305,2.7521
3306,3.0079
3307,3.2636
3308,2.394
3309,2.1894
3310,1.9643
3311,1.5039
3312,1.3198
3313,1.0947
3314,1.064
3315,1.0231
3316,0.70593
3317,1.0845
3318,0.65478
3319,0.91055
3320,0.75708
3321,0.9617
3322,1.0845
3323,1.4426
3324,1.6472
3325,2.0359
3326,2.4043
3327,2.5066
3328,2.7521
3329,2.7521
3330,3.4069
3331,3.3455
3332,2.5373
3333,2.2406
3334,1.8518
3335,1.4732
3336,1.0129
3337,1.0947
3338,0.98216
3339,0.97193
3340,0.95147
3341,0.62408
3342,0.61385
3343,0.84916
3344,1.1868
3345,1.1561
3346,1.1561
3347,1.7597
3348,2.0871
3349,2.7521
3350,2.5884
3351,2.66
3352,2.9363
3353,3.2636
3354,2.9363
3355,2.5679
3356,2.4247
3357,2.1689
3358,1.9643
3359,1.5551
3360,1.064
3361,1.0026
3362,0.99239
3363,0.98216
3364,0.66501
3365,0.62408
3366,0.63431
3367,0.97193
3368,0.81847
3369,0.77755
3370,1.2072
3371,1.9132
3372,2.4043
3373,2.7316
3374,2.7521
3375,2.5986
3376,2.527
3377,2.5066
3378,2.793
3379,2.3019
3380,2.1383
3381,2.1383
3382,1.6574
3383,1.197
3384,1.5039
3385,1.0538
3386,1.0129
3387,0.99239
3388,1.0129
3389,1.0026
3390,0.70593
3391,2.2406
3392,1.7086
3393,1.1254
3394,1.6062
3395,1.8927
3396,2.0973
3397,2.4247
3398,2.4554
3399,2.9363
3400,2.9976
3401,2.4963
3402,2.3633
3403,2.261
3404,1.8313
3405,1.7495
3406,2.0769
3407,1.8518
3408,1.7904
3409,1.8313
3410,1.5346
3411,1.2584
3412,0.77755
3413,0.93101
3414,0.70593
3415,0.67524
3416,0.35808
3417,0.95147
3418,1.463
3419,2.3838
3420,2.3736
3421,2.6089
3422,2.3531
3423,2.926
3424,2.8033
3425,2.8237
3426,2.793
3427,2.4759
3428,2.128
3429,1.8109
3430,1.995
3431,1.596
3432,1.8722
3433,1.6062
3434,1.7699
3435,1.1152
3436,0.95147
3437,0.92078
3438,0.71616
3439,0.63431
3440,0.61385
3441,0.9617
3442,1.729
3443,1.8825
3444,2.7112
3445,3.3762
3446,2.8646
3447,2.5475
3448,2.4247
3449,3.1613
3450,3.8468
3451,5.1973
3452,4.522
3453,2.4656
3454,4.3379
3455,1.5142
3456,1.4426
3457,1.0129
3458,1.3096
3459,1.0538
3460,0.8287
3461,0.75708
3462,0.94124
3463,0.77755
3464,0.64454
3465,1.1663
3466,1.5039
3467,1.8006
3468,2.4554
3469,2.5986
3470,2.9158
3471,3.0386
3472,3.1
3473,3.0386
3474,3.4785
3475,4.7574
3476,3.458
3477,2.3326
3478,2.1076
3479,1.8825
3480,1.2277
3481,1.4323
3482,1.0026
3483,0.98216
3484,0.99239
3485,0.67524
3486,0.9617
3487,1.0435
3488,1.1868
3489,1.0333
3490,1.0742
3491,1.6165
3492,2.0052
3493,2.3531
3494,2.5168
3495,2.6703
3496,2.8646
3497,3.4785
3498,2.9874
3499,2.4145
3500,2.1996
3501,2.0155
3502,1.9234
3503,1.5039
3504,1.1663
3505,1.0435
3506,1.0333
3507,0.98216
3508,0.64454
3509,0.97193
3510,0.40923
3511,1.064
3512,1.4119
3513,0.98216
3514,1.0538
3515,1.8927
3516,2.0871
3517,2.6191
3518,2.7828
3519,2.793
3520,2.7828
3521,2.9874
3522,2.8135
3523,2.5782
3524,2.3633
3525,2.2508
3526,2.0666
3527,1.6165
3528,1.4937
3529,1.0435
3530,1.0435
3531,1.0845
3532,1.0231
3533,0.63431
3534,0.31716
3535,0.90032
3536,1.1765
3537,1.197
3538,1.4937
3539,2.0052
3540,2.2201
3541,2.7316
3542,3.2636
3543,3.2125
3544,3.1306
3545,2.967
3546,2.3633
3547,2.4963
3548,2.7316
3549,2.4759
3550,2.1383
3551,1.5858
3552,1.463
3553,1.6472
3554,1.1049
3555,1.4426
3556,1.064
3557,1.0129
3558,1.0026
3559,1.2482
3560,1.064
3561,0.98216
3562,1.0231
3563,1.6267
3564,1.862
3565,1.995
3566,2.1587
3567,2.2201
3568,2.7521
3569,2.6396
3570,2.3736
3571,2.4247
3572,2.9056
3573,2.4963
3574,2.3531
3575,1.7699
3576,1.7802
3577,1.3709
3578,1.3402
3579,1.064
3580,0.70593
3581,1.0026
3582,0.65478
3583,0.64454
3584,0.53201
3585,1.3198
3586,1.8006
3587,1.7495
3588,2.2201
3589,2.4043
3590,2.4452
3591,2.5066
3592,2.4043
3593,2.5168
3594,2.4656
3595,3.5501
3596,2.261
3597,2.0666
3598,1.4937
3599,0.80824
3600,0.66501
3601,0.36831
3602,0.37854
3603,0.35808
3604,0.32739
3605,0.33762
3606,0.35808
3607,0.36831
3608,0.61385
3609,0.55247
3610,0.58316
3611,0.51154
3612,0.59339
3613,0.58316
3614,0.71616
3615,0.67524
3616,0.94124
3617,1.0845
3618,1.0742
3619,1.2379
3620,0.95147
3621,0.59339
3622,0.57293
3623,0.49108
3624,1.1846
3625,0.65607
3626,0.6743
3627,0.63785
3628,0.58318
3629,0.6014
3630,0.63785
3631,0.65607
3632,1.0935
3633,0.98411
3634,1.0388
3635,0.91121
3636,1.057
3637,1.0388
3638,1.2757
3639,1.2028
3640,1.6766
3641,1.9318
3642,1.9135
3643,2.2051
3644,1.6949
3645,1.057
3646,1.0206
3647,0.87476
3648,0.76542
3649,0.72897
3650,0.72897
3651,0.65607
3652,0.65607
3653,0.6743
3654,0.74719
3655,1.2028
3656,0.74719
3657,0.63785
3658,0.58318
3659,0.5285
3660,1.1846
3661,1.8589
3662,2.4238
3663,2.2598
3664,2.9888
3665,3.9364
3666,3.0981
3667,3.4079
3668,2.9341
3669,6.5607
3670,2.4967
3671,1.4033
3672,1.1481
3673,0.6743
3674,0.65607
3675,0.61962
3676,0.6014
3677,0.63785
3678,0.6743
3679,1.1664
3680,0.63785
3681,0.38271
3682,0.87476
3683,1.3668
3684,2.2963
3685,2.4056
3686,2.3509
3687,2.679
3688,2.6972
3689,3.2804
3690,3.335
3691,3.1528
3692,3.5355
3693,3.0252
3694,2.5149
3695,2.8065
3696,2.6425
3697,2.1869
3698,2.3509
3699,2.0229
3700,0.82009
3701,0.61962
3702,0.80187
3703,1.1481
3704,0.71074
3705,0.58318
3706,1.221
3707,1.9682
3708,2.8612
3709,2.6243
3710,3.0981
3711,3.0617
3712,3.0252
3713,3.2986
3714,4.2645
3715,3.0434
3716,3.5173
3717,3.0799
3718,1.5126
3719,0.91121
3720,0.80187
3721,0.72897
3722,0.69252
3723,0.76542
3724,0.74719
3725,0.72897
3726,0.72897
3727,1.0752
3728,0.71074
3729,0.61962
3730,0.58318
3731,1.1846
3732,2.0229
3733,2.9705
3734,2.7154
3735,2.8612
3736,3.0981
3737,3.1528
3738,3.8453
3739,4.2098
3740,4.228
3741,3.0981
3742,3.2439
3743,2.2963
3744,1.7677
3745,1.3304
3746,0.69252
3747,0.80187
3748,0.71074
3749,0.65607
3750,0.76542
3751,1.385
3752,0.63785
3753,0.71074
3754,1.2939
3755,1.8589
3756,2.6061
3757,2.8794
3758,3.0617
3759,3.7177
3760,4.9205
3761,4.4285
3762,4.2462
3763,4.228
3764,4.0276
3765,3.8818
3766,3.1892
3767,3.8818
3768,1.9682
3769,1.8406
3770,1.786
3771,1.2028
3772,1.1846
3773,1.1846
3774,1.221
3775,1.3304
3776,1.8224
3777,1.8953
3778,2.7519
3779,3.0799
3780,3.335
3781,4.3556
3782,4.4467
3783,4.6654
3784,4.4103
3785,4.6836
3786,6.0869
3787,4.1733
3788,4.0093
3789,3.8635
3790,3.5719
3791,3.8089
3792,2.3145
3793,2.1505
3794,1.95
3795,1.5308
3796,1.2392
3797,1.6766
3798,1.6402
3799,1.057
3800,1.6037
3801,1.8224
3802,2.9523
3803,3.4444
3804,3.6813
3805,4.0822
3806,3.9547
3807,5.3397
3808,4.2462
3809,4.0458
3810,3.736
3811,3.5173
3812,3.5537
3813,3.4808
3814,3.2621
3815,2.679
3816,1.9864
3817,2.1687
3818,2.0229
3819,1.8042
3820,1.8042
3821,1.7677
3822,1.7495
3823,2.1687
3824,2.6972
3825,1.6949
3826,1.6584
3827,1.8589
3828,2.4238
3829,2.2416
3830,2.9159
3831,3.4626
3832,3.9911
3833,5.6677
3834,4.1369
3835,3.7724
3836,3.9729
3837,3.9729
3838,3.1163
3839,2.1869
3840,2.1869
3841,1.7677
3842,1.7677
3843,1.7131
3844,1.6949
3845,1.6584
3846,1.786
3847,2.4603
3848,1.95
3849,2.0958
3850,2.0958
3851,1.6766
3852,4.2098
3853,2.8248
3854,3.007
3855,3.2439
3856,3.9
3857,4.0093
3858,4.0276
3859,4.1005
3860,4.0276
3861,4.2827
3862,4.9023
3863,3.7906
3864,3.1163
3865,2.843
3866,2.9523
3867,2.8248
3868,2.4785
3869,2.2963
3870,2.2598
3871,3.4079
3872,2.5332
3873,2.4238
3874,2.4785
3875,3.2804
3876,3.5902
3877,4.3556
3878,4.5925
3879,5.0481
3880,5.3579
3881,4.9934
3882,4.6654
3883,5.1575
3884,5.285
3885,4.9205
3886,3.2621
3887,2.7701
3888,1.95
3889,2.0229
3890,2.0229
3891,1.7313
3892,1.1299
3893,1.4215
3894,0.78364
3895,1.9318
3896,1.8771
3897,2.2051
3898,2.0593
3899,2.843
3900,3.2986
3901,3.5537
3902,3.6813
3903,4.8294
3904,4.7747
3905,4.7565
3906,4.3556
3907,4.4467
3908,4.3374
3909,4.0276
3910,3.5537
3911,2.8248
3912,2.7336
3913,2.0229
3914,2.0411
3915,1.9864
3916,1.8771
3917,1.8406
3918,1.385
3919,2.2963
3920,1.9864
3921,1.3121
3922,2.0776
3923,1.3668
3924,1.9682
3925,2.2963
3926,1.8224
3927,2.0411
3928,4.1005
3929,2.7336
3930,3.4262
3931,3.6995
3932,2.9705
3933,3.171
3934,2.8612
3935,2.3509
3936,1.7677
3937,1.1846
3938,1.2575
3939,0.58318
3940,0.54673
3941,1.1481
3942,0.61962
3943,0.58318
3944,1.9682
3945,1.221
3946,1.9318
3947,1.95
3948,3.1346
3949,3.6266
3950,3.3715
3951,3.9911
3952,5.9775
3953,4.5378
3954,4.1733
3955,3.9182
3956,3.7906
3957,3.8271
3958,2.8248
3959,3.1346
3960,2.0411
3961,1.2028
3962,1.1117
3963,1.1846
3964,0.65607
3965,0.58318
3966,0.54673
3967,0.63785
3968,0.78364
3969,1.4762
3970,1.7131
3971,2.5696
3972,2.8794
3973,3.9547
3974,3.5719
3975,3.2986
3976,3.6084
3977,3.2621
3978,3.3168
3979,5.5766
3980,7.5813
3981,4.2645
3982,3.7177
3983,2.0411
3984,2.2963
3985,1.4397
3986,1.8589
3987,1.7313
3988,1.1481
3989,1.3304
3990,1.2939
3991,1.4579
3992,1.1664
3993,0.54673
3994,0.43738
3995,1.5673
3996,0.5285
3997,1.5855
3998,1.0023
3999,1.2028
4000,1.3121
4001,3.5719
4002,2.8248
4003,1.8771
4004,1.9864
4005,1.4033
4006,1.7131
4007,1.0935
4008,1.0388
4009,0.92944
4010,0.65607
4011,0.63785
4012,0.6014
4013,0.6743
4014,0.72897
4015,1.0206
4016,0.47383
4017,0.47383
4018,0.51028
4019,0.43738
4020,0.41916
4021,0.6014
4022,0.69252
4023,0.76542
4024,1.1481
4025,1.5126
4026,1.6584
4027,1.8224
4028,1.6766
4029,1.6766
4030,0.63785
4031,0.61962
4032,0.63785
4033,0.54673
4034,0.54673
4035,0.63785
4036,0.61962
4037,0.58318
4038,0.58318
4039,0.94766
4040,1.4215
4041,1.4215
4042,2.1687
4043,1.8042
4044,2.7701
4045,1.5308
4046,1.3486
4047,0.87476
4048,1.1299
4049,1.4944
4050,1.622
4051,0.98411
4052,1.3121
4053,1.622
4054,1.6037
4055,1.622
4056,1.622
4057,1.2757
4058,0.94766
4059,0.6743
4060,0.58318
4061,0.54673
4062,0.61962
4063,0.6014
4064,0.71074
4065,0.5285
4066,0.58318
4067,0.61962
4068,1.0023
4069,1.5855
4070,0.94766
4071,0.56495
4072,0.58318
4073,0.65607
4074,1.0206
4075,1.6584
4076,1.4033
4077,3.736
4078,1.5491
4079,1.6402
4080,1.3486
4081,0.63785
4082,0.58318
4083,0.63785
4084,0.6014
4085,0.58318
4086,0.54673
4087,0.6743
4088,0.6014
4089,1.0206
4090,0.61962
4091,0.6743
4092,0.80187
4093,0.94766
4094,1.2392
4095,1.6402
4096,3.3897
4097,2.8794
4098,2.3691
4099,2.3145
4100,2.1322
4101,1.8589
4102,1.2939
4103,1.1481
4104,1.0752
4105,1.0023
4106,0.94766
4107,0.91121
4108,0.83831
4109,0.85654
4110,0.89299
4111,1.2392
4112,1.057
4113,0.69252
4114,0.78364
4115,0.78364
4116,0.76542
4117,0.72897
4118,0.74719
4119,2.4603
4120,3.9911
4121,1.9864
4122,2.1869
4123,1.385
4124,1.3304
4125,1.8224
4126,1.5126
4127,1.5126
4128,1.0935
4129,0.80187
4130,0.74719
4131,0.71074
4132,0.69252
4133,0.74719
4134,0.72897
4135,0.6743
4136,0.6743
4137,0.72897
4138,0.94766
4139,1.2392
4140,0.6014
4141,0.54673
4142,0.58318
4143,2.0776
4144,1.1846
4145,1.1664
4146,1.3668
4147,1.9135
4148,1.6949
4149,1.8406
4150,1.221
4151,1.786
4152,1.786
4153,1.0023
4154,0.74719
4155,0.78364
4156,0.72897
4157,0.69252
4158,0.85654
4159,1.1846
4160,0.74719
4161,1.0206
4162,0.69252
4163,0.6014
4164,0.96588
4165,0.85654
4166,0.72897
4167,1.5673
4168,2.442
4169,1.7677
4170,1.1481
4171,1.2028
4172,2.1869
4173,2.3327
4174,1.2939
4175,0.80187
4176,0.83831
4177,0.80187
4178,0.69252
4179,0.71074
4180,0.74719
4181,0.74719
4182,0.74719
4183,1.5308
4184,0.6743
4185,0.63785
4186,0.58318
4187,0.58318
4188,0.74719
4189,0.80187
4190,0.78364
4191,0.83831
4192,1.221
4193,0.82009
4194,0.6743
4195,0.61962
4196,0.58318
4197,0.92944
4198,0.87476
4199,0.78364
4200,0.71074
4201,0.65607
4202,0.6743
4203,0.72897
4204,0.71074
4205,0.69252
4206,0.69252
4207,1.2575
4208,0.91121
4209,0.76542
4210,0.69252
4211,0.72897
4212,0.76542
4213,0.76542
4214,0.76542
4215,0.76542
4216,1.2028
4217,1.3121
4218,0.83831
4219,0.6743
4220,1.6037
4221,1.622
4222,1.2392
4223,1.4215
4224,0.98411
4225,0.92944
4226,0.85654
4227,0.82009
4228,0.71074
4229,0.71074
4230,0.78364
4231,1.2575
4232,0.63785
4233,0.6743
4234,0.65607
4235,0.6014
4236,0.72897
4237,0.78364
4238,0.69252
4239,0.61962
4240,1.1664
4241,0.74719
4242,1.057
4243,1.2028
4244,3.5719
4245,1.6949
4246,1.5673
4247,1.2757
4248,1.0388
4249,0.94766
4250,0.98411
4251,0.98411
4252,0.96588
4253,1.0935
4254,1.0023
4255,1.5308
4256,0.61962
4257,0.80187
4258,0.76542
4259,0.54673
4260,0.87476
4261,0.71074
4262,0.54673
4263,0.72897
4264,1.4397
4265,1.3668
4266,1.2939
4267,2.0411
4268,2.3509
4269,1.95
4270,1.6584
4271,1.1846
4272,1.3668
4273,1.1481
4274,0.78364
4275,0.82009
4276,0.72897
4277,0.72897
4278,0.78364
4279,0.80187
4280,0.76542
4281,0.74719
4282,1.0388
4283,1.6949
4284,1.2939
4285,1.3486
4286,1.8406
4287,2.0047
4288,2.0229
4289,1.7677
4290,3.8635
4291,1.4762
4292,1.7131
4293,2.2234
4294,1.8224
4295,1.6584
4296,1.7677
4297,1.1299
4298,1.2028
4299,1.0023
4300,0.71074
4301,0.85654
4302,0.76542
4303,0.92944
4304,0.89299
4305,0.85654
4306,1.7677
4307,0.83831
4308,4.8294
4309,6.3603
4310,2.1687
4311,1.786
4312,1.2757
4313,1.3668
4314,2.6607
4315,2.8977
4316,1.786
4317,1.5308
4318,1.5491
4319,1.9318
4320,1.221
4321,0.92944
4322,0.85654
4323,0.89299
4324,0.87476
4325,0.89299
4326,0.89299
4327,1.622
4328,1.2757
4329,1.1117
4330,1.1117
4331,1.4397
4332,1.6766
4333,1.6037
4334,1.786
4335,2.5149
4336,2.8612
4337,2.2963
4338,1.5308
4339,1.6949
4340,1.6766
4341,1.5126
4342,1.8589
4343,1.2028
4344,1.6394
4345,1.204
4346,1.2808
4347,1.2296
4348,1.2552
4349,1.2808
4350,1.3321
4351,1.9212
4352,1.204
4353,0.99904
4354,1.4345
4355,1.0759
4356,1.2552
4357,1.0247
4358,0.99904
4359,0.97342
4360,1.5882
4361,2.5873
4362,2.3311
4363,2.4079
4364,1.9725
4365,1.9725
4366,1.1271
4367,1.0503
4368,1.0247
4369,0.94781
4370,0.87096
4371,0.89657
4372,0.94781
4373,0.94781
4374,0.99904
4375,1.4601
4376,0.87096
4377,0.76849
4378,1.0247
4379,0.76849
4380,0.79411
4381,0.76849
4382,1.8444
4383,1.1784
4384,0.97342
4385,1.4857
4386,1.5626
4387,3.9705
4388,3.3301
4389,2.2542
4390,1.7675
4391,1.0503
4392,1.0247
4393,0.97342
4394,0.92219
4395,0.87096
4396,0.89657
4397,0.94781
4398,0.99904
4399,6.5578
4400,1.6394
4401,1.2296
4402,1.0247
4403,1.0247
4404,1.0503
4405,1.1015
4406,1.1015
4407,0.99904
4408,0.89657
4409,2.3823
4410,1.8956
4411,4.073
4412,8.8377
4413,7.3007
4414,5.61
4415,5.0977
4416,3.8168
4417,3.6375
4418,2.9459
4419,1.1015
4420,1.8444
4421,1.0503
4422,1.1784
4423,1.7419
4424,1.5882
4425,2.3055
4426,1.0759
4427,1.9725
4428,3.1764
4429,2.9971
4430,2.7666
4431,2.7922
4432,2.6129
4433,2.1774
4434,2.1518
4435,1.537
4436,1.7675
4437,1.4601
4438,2.9715
4439,2.6641
4440,1.9468
4441,1.3833
4442,1.3064
4443,1.204
4444,1.2552
4445,1.3321
4446,1.2808
4447,1.3577
4448,1.2296
4449,0.97342
4450,1.3321
4451,1.3833
4452,1.7675
4453,2.5104
4454,1.2296
4455,1.0503
4456,1.1271
4457,1.0247
4458,0.99904
4459,1.8956
4460,2.5616
4461,2.1774
4462,2.2542
4463,1.6907
4464,2.4848
4465,2.4336
4466,2.1774
4467,1.9468
4468,2.1518
4469,1.8188
4470,1.87
4471,2.6641
4472,1.6651
4473,2.3055
4474,2.5873
4475,2.3055
4476,1.9725
4477,2.1262
4478,2.4848
4479,3.3557
4480,2.8434
4481,2.6385
4482,2.6897
4483,7.8642
4484,8.2485
4485,6.3272
4486,12.859
4487,4.6109
4488,7.1982
4489,2.8178
4490,0.97342
4491,0.81972
4492,0.84534
4493,0.89657
4494,0.94781
4495,1.4345
4496,0.76849
4497,0.64041
4498,0.74287
4499,0.92219
4500,0.92219
4501,0.97342
4502,1.0247
4503,0.89657
4504,1.5626
4505,2.3567
4506,2.8434
4507,1.9468
4508,1.7419
4509,1.7163
4510,1.7419
4511,1.2552
4512,1.1527
4513,1.2296
4514,1.204
4515,1.1015
4516,1.1015
4517,1.1527
4518,1.204
4519,1.87
4520,1.1527
4521,0.94781
4522,0.99904
4523,0.92219
4524,1.3577
4525,1.2552
4526,1.0247
4527,0.99904
4528,1.3064
4529,5.2001
4530,6.5834
4531,5.3794
4532,3.6631
4533,2.203
4534,3.6375
4535,2.4079
4536,1.4089
4537,1.2808
4538,1.4857
4539,1.1784
4540,1.0503
4541,1.1784
4542,1.204
4543,1.7675
4544,1.2296
4545,1.204
4546,1.2296
4547,1.1784
4548,1.1271
4549,1.1271
4550,1.2296
4551,2.7153
4552,3.7144
4553,3.5351
4554,3.9193
4555,3.0483
4556,2.2286
4557,1.3321
4558,1.2808
4559,1.2808
4560,1.7163
4561,2.0237
4562,1.6138
4563,1.3321
4564,1.3321
4565,1.4089
4566,1.3321
4567,2.2286
4568,0.87096
4569,0.81972
4570,0.89657
4571,0.89657
4572,1.0503
4573,1.1271
4574,1.1784
4575,1.1271
4576,1.4345
4577,1.87
4578,2.8434
4579,1.2552
4580,1.3833
4581,1.3833
4582,1.1527
4583,0.97342
4584,2.43
4585,4.41
4586,1.39
4587,1.47
4588,1.04
4589,1.01
4590,1.03
4591,0.71
4592,1.02
4593,1.09
4594,2.46
4595,1.77
4596,2.18
4597,2.4
4598,2.65
4599,2.7
4600,2.53
4601,2.48
4602,2.3
4603,2.38
4604,2.61
4605,4.97
4606,5.12
4607,2.87
4608,2.46
4609,1.95
4610,1.72
4611,1.68
4612,1.58
4613,1.35
4614,1.25
4615,1.07
4616,1.45
4617,1.24
4618,1.79
4619,2.51
4620,2.76
4621,2.98
4622,3.5
4623,3.23
4624,3.25
4625,3.01
4626,2.87
4627,2.98
4628,3.22
4629,3.67
4630,2.64
4631,2.63
4632,2.43
4633,2.05
4634,1.62
4635,1.38
4636,1.33
4637,1.49
4638,1.21
4639,1.14
4640,1.15
4641,1.62
4642,1.76
4643,2.38
4644,2.85
4645,4.46
4646,4.89
4647,4.59
4648,3.39
4649,3.03
4650,2.85
4651,2.8
4652,2.51
4653,2.54
4654,2.5
4655,2.32
4656,2.28
4657,2.25
4658,1.72
4659,1.37
4660,1.62
4661,1.17
4662,1.46
4663,1.1
4664,1.11
4665,1.3
4666,1.74
4667,2.31
4668,2.71
4669,3.09
4670,3.04
4671,3.37
4672,3.52
4673,3.21
4674,3.17
4675,2.93
4676,2.65
4677,2.43
4678,2.33
4679,2.3
4680,2.24
4681,2.53
4682,3.9
4683,1.29
4684,1.45
4685,1.17
4686,1.06
4687,1.06
4688,1.07
4689,1.04
4690,1.83
4691,2.73
4692,2.28
4693,2.63
4694,2.43
4695,2.23
4696,2.4
4697,2.43
4698,2.18
4699,2.17
4700,2.64
4701,2.6
4702,2.27
4703,2.04
4704,1.77
4705,1.51
4706,1.07
4707,1.12
4708,1.23
4709,1.13
4710,0.8
4711,1.01
4712,0.99
4713,1.19
4714,1.87
4715,2.47
4716,2.79
4717,4.04
4718,5.26
4719,3.53
4720,2.92
4721,2.98
4722,2.76
4723,2.78
4724,2.65
4725,1.98
4726,2.06
4727,1.98
4728,2.01
4729,1.52
4730,1.2
4731,1.08
4732,1.12
4733,0.82
4734,0.91
4735,0.76
4736,0.81
4737,1.13
4738,1.56
4739,1.91
4740,2.11
4741,2.46
4742,2.72
4743,3.63
4744,2.6
4745,2.87
4746,5.37
4747,3.97
4748,2.4
4749,2.49
4750,2.23
4751,1.89
4752,1.75
4753,3.47
4754,2.5
4755,0.89
4756,1.15
4757,1.31
4758,1.05
4759,1.38
4760,1.18
4761,1.17
4762,1.35
4763,2.38
4764,2.3
4765,2.56
4766,2.73
4767,2.92
4768,5.13
4769,3.38
4770,3.4
4771,2.73
4772,2.46
4773,2.8
4774,2.5
4775,2.36
4776,1.66
4777,1.62
4778,1.34
4779,1.18
4780,1.07
4781,1.06
4782,0.71
4783,1
4784,0.78
4785,1.49
4786,1.61
4787,2.2
4788,2.45
4789,3.28
4790,3.59
4791,3
4792,2.94
4793,3.36
4794,4.63
4795,3.97
4796,3.85
4797,3.1
4798,2.32
4799,2.17
4800,1.97
4801,1.76
4802,1.56
4803,1.47
4804,1.51
4805,1.13
4806,1.06
4807,1.17
4808,1.31
4809,1.18
4810,2.39
4811,2.4
4812,3.03
4813,4.14
4814,5.4
4815,4.99
4816,4.91
4817,4.96
4818,4.49
4819,3.35
4820,3.72
4821,3.05
4822,3.13
4823,2.75
4824,2
4825,1.92
4826,1.62
4827,1.56
4828,1.21
4829,1.46
4830,1.12
4831,1.15
4832,1.11
4833,1.58
4834,1.89
4835,2.1
4836,3.96
4837,4.86
4838,4.5
4839,3.18
4840,3.26
4841,3.85
4842,4.59
4843,2.97
4844,2.69
4845,2.31
4846,2.56
4847,2.79
4848,3.25
4849,4.51
4850,2.1
4851,1.64
4852,1.6
4853,1.67
4854,1.2
4855,1.49
4856,1.21
4857,1.59
4858,1.75
4859,2.54
4860,2.84
4861,4.32
4862,5.29
4863,5.46
4864,5.28
4865,4.67
4866,4.71
4867,3.22
4868,3.19
4869,3.08
4870,3.11
4871,2.91
4872,2.42
4873,2.08
4874,1.83
4875,1.55
4876,1.62
4877,1.58
4878,1.27
4879,1.21
4880,1.54
4881,2.1
4882,2.53
4883,3.03
4884,3.66
4885,5.39
4886,6.01
4887,8.28
4888,5.88
4889,5.22
4890,4.85
4891,4.17
4892,3.68
4893,3.51
4894,2.83
4895,2.57
4896,2.59
4897,3.89
4898,1.7
4899,1.49
4900,1.67
4901,1.23
4902,1.44
4903,1.19
4904,1.21
4905,1.57
4906,1.74
4907,1.98
4908,2.63
4909,2.65
4910,2.66
4911,2.29
4912,2.83
4913,2.94
4914,2.4
4915,5.52
4916,4.51
4917,3.14
4918,2.83
4919,2.89
4920,3.44
4921,1.97
4922,1.81
4923,1.69
4924,1.25
4925,1.65
4926,1.17
4927,1.11
4928,1.11
4929,1.35
4930,1.77
4931,3.35
4932,3.98
4933,4.4
4934,5.04
4935,4.81
4936,4.4
4937,4.89
4938,4.42
4939,3.59
4940,2.7
4941,2.67
4942,2.56
4943,2.53
4944,2.49
4945,1.93
4946,1.68
4947,1.56
4948,1.47
4949,1.59
4950,1.22
4951,1.66
4952,1.27
4953,1.61
4954,1.93
4955,2.21
4956,2.48
4957,2.58
4958,3.03
4959,2.56
4960,2.92
4961,2.87
4962,3
4963,2.85
4964,2.57
4965,2.41
4966,2.6
4967,2.01
4968,1.64
4969,1.6
4970,1.24
4971,1.38
4972,1.12
4973,1.2
4974,1.07
4975,1.11
4976,1.06
4977,1.32
4978,1.65
4979,1.93
4980,2.36
4981,2.79
4982,3.23
4983,3.23
4984,3.44
4985,5.33
4986,2.99
4987,2.76
4988,2.57
4989,2.45
4990,2.41
4991,2.31
4992,1.84
4993,1.56
4994,1.53
4995,1.54
4996,1.16
4997,1.36
4998,1.03
4999,1.76
5000,1.74
5001,1.64
5002,1.71
5003,2.85
5004,3.43
5005,3.85
5006,3.61
5007,3.57
5008,3.14
5009,3.12
5010,3.4
5011,2.7
5012,2.59
5013,2.66
5014,2.61
5015,2.58
5016,2.11
5017,1.93
5018,1.73
5019,1.46
5020,1.62
5021,1.6
5022,1.21
5023,1.89
5024,1.35
5025,1.52
5026,1.86
5027,2.04
5028,3.66
5029,3.11
5030,4.23
5031,4.1
5032,2.83
5033,2.36
5034,2.67
5035,3.85
5036,3.23
5037,3.12
5038,2.28
5039,2.28
5040,2.08
5041,2.02
5042,1.88
5043,1.38
5044,1.45
5045,1.12
5046,1.05
5047,0.74
5048,1.21
5049,1.36
5050,1.79
5051,3.13
5052,2.77
5053,2.85
5054,2.6
5055,2.65
5056,2.34
5057,2.67
5058,3.35
5059,2.65
5060,2.8
5061,2.58
5062,2.38
5063,2.25
5064,1.79
5065,2.08
5066,1.24
5067,1.16
5068,0.77
5069,0.4
5070,0.44
5071,0.74
5072,1.06
5073,1.09
5074,1.26
5075,1.95
5076,2.55
5077,2.63
5078,2.65
5079,2.68
5080,2.77
5081,2.77
5082,2.76
5083,2.72
5084,2.37
5085,2.23
5086,2.32
5087,3.85
5088,2.34
5089,1.52
5090,1.21
5091,1.12
5092,1.08
5093,0.75
5094,1.04
5095,0.87
5096,1.11
5097,1.72
5098,1.73
5099,2.03
5100,2.34
5101,2.69
5102,2.86
5103,3.09
5104,2.84
5105,2.9
5106,4.63
5107,2.97
5108,2.82
5109,3.42
5110,3.1
5111,2.17
5112,1.79
5113,1.67
5114,1.6
5115,1.57
5116,1.2
5117,1.39
5118,1.14
5119,1.12
5120,1.22
5121,1.53
5122,1.45
5123,2.12
5124,1.9
5125,2.04
5126,2.1
5127,2.21
5128,2.21
5129,2.49
5130,4.89
5131,2.99
5132,2.68
5133,3.44
5134,3.22
5135,2.66
5136,1.81
5137,1.81
5138,1.34
5139,1.37
5140,1.11
5141,1.02
5142,1
5143,0.9
5144,1.24
5145,2.12
5146,1.71
5147,2.13
5148,2.42
5149,2.68
5150,2.96
5151,2.79
5152,3.01
5153,3.94
5154,3.25
5155,2.97
5156,2.83
5157,2.37
5158,1.97
5159,1.78
5160,1.75
5161,1.34
5162,1.63
5163,1.17
5164,1.16
5165,1.19
5166,1.11
5167,0.86
5168,1.15
5169,1.62
5170,1.58
5171,1.77
5172,1.84
5173,2.18
5174,2.59
5175,2.79
5176,2.91
5177,3.03
5178,3.11
5179,3.23
5180,4.02
5181,2.99
5182,3.15
5183,2.26
5184,1.74
5185,1.93
5186,4.47
5187,1.88
5188,1.2
5189,1.46
5190,1.13
5191,1.13
5192,1.25
5193,1.4
5194,2.89
5195,2.27
5196,2.73
5197,5.32
5198,2.81
5199,2.8
5200,2.81
5201,3.93
5202,3.06
5203,2.55
5204,3.64
5205,3.79
5206,2.65
5207,2.15
5208,1.62
5209,1.68
5210,1.3
5211,1.49
5212,1.2
5213,1.16
5214,1.1
5215,0.76
5216,1.38
5217,1.3
5218,1.87
5219,2.17
5220,2.43
5221,2.68
5222,2.62
5223,2.76
5224,2.89
5225,2.77
5226,2.58
5227,2.39
5228,2.33
5229,2.11
5230,2.03
5231,1.99
5232,2.03
5233,1.98
5234,1.63
5235,1.79
5236,1.68
5237,1.37
5238,1.23
5239,1.23
5240,1.67
5241,1.86
5242,1.71
5243,1.73
5244,1.34
5245,2.16
5246,2.11
5247,2.41
5248,2.4
5249,2.33
5250,2.06
5251,1.88
5252,1.8
5253,2.09
5254,1.95
5255,1.63
5256,2.02
5257,1.97
5258,4.17
5259,3.07
5260,1.5
5261,1.81
5262,1.28
5263,1.33
5264,1.54
5265,1.22
5266,2.37
5267,1.45
5268,1.84
5269,1.81
5270,1.68
5271,1.79
5272,1.93
5273,1.99
5274,2.74
5275,2.43
5276,2.13
5277,2.38
5278,2.19
5279,1.86
5280,1.83
5281,1.72
5282,1.7
5283,1.38
5284,1.46
5285,1.13
5286,1.07
5287,1.17
5288,1.48
5289,1.2
5290,1.2
5291,1.18
5292,1.31
5293,1.61
5294,1.66
5295,1.99
5296,2.05
5297,3.03
5298,2.97
5299,2.02
5300,1.94
5301,1.94
5302,1.96
5303,1.78
5304,1.53
5305,1.62
5306,1.74
5307,1.53
5308,1.21
5309,1.18
5310,1.21
5311,1.2
5312,1.29
5313,1.25
5314,1.26
5315,1.46
5316,1.85
5317,1.99
5318,1.99
5319,2.12
5320,2.13
5321,2.08
5322,2.29
5323,2.62
5324,2.29
5325,2.02
5326,2.01
5327,1.89
5328,1.17
5329,1.44
5330,1.21
5331,1.19
5332,1.14
5333,1.11
5334,1.14
5335,1.07
5336,0.79
5337,2.79
5338,4.81
5339,2.74
5340,3.2
5341,3.35
5342,3.69
5343,3.72
5344,2.52
5345,5.17
5346,2.16
5347,3.75
5348,4.38
5349,2.6
5350,2.41
5351,2.17
5352,2.4
5353,1.99
5354,1.27
5355,1.75
5356,1.27
5357,1.58
5358,1.16
5359,1.46
5360,1.42
5361,1.62
5362,1.57
5363,2.09
5364,2.42
5365,2.74
5366,2.86
5367,4.28
5368,4.17
5369,4.01
5370,3.19
5371,2.72
5372,2.27
5373,2.36
5374,2.04
5375,1.82
5376,2.04
5377,1.92
5378,1.77
5379,1.42
5380,1.5
5381,1.32
5382,1.15
5383,1.17
5384,1.19
5385,1.24
5386,1.69
5387,2.1
5388,2.37
5389,2.57
5390,2.75
5391,3.07
5392,3.04
5393,3.16
5394,3
5395,2.95
5396,2.91
5397,2.64
5398,2.21
5399,2.17
5400,4.11
5401,2.57
5402,1.99
5403,1.98
5404,2
5405,1.97
5406,1.68
5407,1.84
5408,2.12
5409,2.2
5410,2.24
5411,2.6
5412,2.59
5413,2.65
5414,2.92
5415,3.01
5416,2.59
5417,2.5
5418,2.08
5419,2.15
5420,2.17
5421,2.28
5422,2.33
5423,2.27
5424,1.77
5425,1.49
5426,1.41
5427,1.55
5428,1.18
5429,1.49
5430,1.28
5431,1.48
5432,1.66
5433,1.48
5434,1.8
5435,2.14
5436,2.75
5437,3.02
5438,3.52
5439,4.29
5440,4.75
5441,4.54
5442,4.61
5443,5.48
5444,4.63
5445,3.29
5446,2.48
5447,1.92
5448,1.83
5449,1.7
5450,1.66
5451,1.4
5452,1.43
5453,1.44
5454,1.34
5455,1.42
5456,1.6
5457,1.6
5458,2.06
5459,2.18
5460,2.44
5461,2.96
5462,3.26
5463,4.35
5464,5.24
5465,4.77
5466,4.48
5467,3.98
5468,3.17
5469,3.11
5470,2.99
5471,2.06
5472,1.87
5473,2.05
5474,1.91
5475,1.75
5476,1.66
5477,1.57
5478,1.45
5479,1.92
5480,1.89
5481,1.98
5482,2.25
5483,2.67
5484,3.11
5485,3.56
5486,3.58
5487,3.39
5488,3.83
5489,3.82
5490,3.33
5491,3.82
5492,3.05
5493,3.46
5494,3.18
5495,2.23
5496,2.1
5497,1.9
5498,1.77
5499,1.73
5500,1.65
5501,1.56
5502,1.23
5503,1.83
5504,1.55
5505,1.41
5506,1.53
5507,2.44
5508,2.5
5509,2.97
5510,3.02
5511,2.95
5512,2.99
5513,3.08
5514,4.34
5515,3.93
5516,3.78
5517,2.94
5518,2.57
5519,2.11
5520,1.96
5521,1.76
5522,1.58
5523,1.25
5524,1.43
5525,1.39
5526,1.08
5527,1.12
5528,1.54
5529,1.7
5530,2.19
5531,2.47
5532,2.83
5533,5.83
5534,3.97
5535,3.94
5536,3.92
5537,3.52
5538,3.33
5539,3
5540,4.87
5541,3.94
5542,3.46
5543,3.03
5544,1.87
5545,1.76
5546,1.67
5547,1.56
5548,1.22
5549,1.5
5550,1.35
5551,1.25
5552,1.2
5553,1.95
5554,2.71
5555,3.09
5556,2.71
5557,3.07
5558,3.09
5559,3.32
5560,3.41
5561,3.43
5562,3.34
5563,3.15
5564,3.43
5565,2.64
5566,3.75
5567,2.53
5568,1.66
5569,1.69
5570,1.72
5571,1.65
5572,1.47
5573,1.27
5574,1.6
5575,1.54
5576,1.59
5577,1.76
5578,1.75
5579,2.48
5580,2.93
5581,4.6
5582,4.76
5583,4.62
5584,3.75
5585,3.78
5586,3.15
5587,3.1
5588,3.07
5589,2.79
5590,2.31
5591,2.13
5592,1.8
5593,1.71
5594,1.69
5595,1.44
5596,1.41
5597,1.58
5598,1.15
5599,1.22
5600,1.3
5601,1.44
5602,1.85
5603,2.46
5604,3.33
5605,5.01
5606,4.68
5607,5.02
5608,5.02
5609,4.59
5610,4.6
5611,4.05
5612,3.11
5613,3.01
5614,2.93
5615,1.89
5616,1.81
5617,1.72
5618,1.67
5619,1.54
5620,1.52
5621,1.49
5622,1.16
5623,1.72
5624,1.43
5625,1.64
5626,1.81
5627,2.38
5628,2.73
5629,2.99
5630,2.91
5631,3.49
5632,3.45
5633,3.74
5634,4
5635,3.35
5636,3.1
5637,2.97
5638,2.29
5639,1.97
5640,1.78
5641,1.56
5642,1.47
5643,1.57
5644,1.11
5645,1.14
5646,1.12
5647,1.31
5648,1.5
5649,1.09
5650,1.58
5651,1.7
5652,1.94
5653,2.2
5654,2.8
5655,2.93
5656,2.65
5657,2.46
5658,3.46
5659,2.92
5660,2.75
5661,2.74
5662,2.04
5663,1.53
5664,1.45
5665,1.67
5666,1.13
5667,1.13
5668,1.1
5669,1.04
5670,1.04
5671,1.3
5672,1.08
5673,0.95
5674,1.07
5675,1.59
5676,1.78
5677,1.85
5678,2.49
5679,3.39
5680,3.69
5681,3.75
5682,3.38
5683,2.36
5684,2.17
5685,2.2
5686,1.89
5687,1.49
5688,1.38
5689,1.15
5690,1.35
5691,1.01
5692,0.98
5693,1.02
5694,0.94
5695,0.89
5696,0.96
5697,0.83
5698,1.24
5699,1.44
5700,2.01
5701,1.87
5702,2.66
5703,2.67
5704,2.76
5705,2.67
5706,2.64
5707,2.51
5708,2.37
5709,2.2
5710,1.97
5711,1.72
5712,1.37
5713,1.46
5714,1.15
5715,1.03
5716,1.01
5717,0.7
5718,1.03
5719,0.66
5720,0.83
5721,1.53
5722,1.15
5723,1.6
5724,1.75
5725,1.87
5726,1.89
5727,1.89
5728,1.85
5729,1.8
5730,1.69
5731,2.55
5732,2
5733,2.45
5734,1.7
5735,5.72
5736,2.38
5737,1.41
5738,1.08
5739,0.97
5740,0.66
5741,0.68
5742,0.43
5743,0.92
5744,1.02
5745,0.99
5746,0.97
5747,1.18
5748,1.32
5749,1.5
5750,1.39
5751,1.21
5752,2.49
5753,2.68
5754,1.77
5755,3.75
5756,4
5757,2.8
5758,1.86
5759,1.34
5760,1.04
5761,1.15
5762,1.22
5763,1.25
5764,0.87
5765,0.93
5766,0.77
5767,1.55
5768,1.4
5769,1.25
5770,1.67
5771,1.49
5772,1.76
5773,2.04
5774,2.21
5775,2.27
5776,2.45
5777,2.7
5778,2.37
5779,2.47
5780,2.18
5781,1.64
5782,1.34
5783,1.01
5784,1.08
5785,0.98
5786,0.7
5787,0.72
5788,0.45
5789,0.67
5790,0.7
5791,0.92
5792,1.11
5793,1.11
5794,1.18
5795,0.87
5796,1.4
5797,1.56
5798,1.52
5799,1.78
5800,1.35
5801,2.11
5802,2.13
5803,1.92
5804,1.91
5805,2.14
5806,1.54
5807,1.37
5808,1.15
5809,0.75
5810,1.11
5811,0.68
5812,0.74
5813,0.5
5814,0.67
5815,0.97
5816,1.05
5817,0.93
5818,0.6
5819,0.88
5820,0.59
5821,0.89
5822,0.6
5823,0.85
5824,0.8
5825,1.34
5826,1.29
5827,3.15
5828,2.01
5829,1.55
5830,1.45
5831,1.4
5832,1.13
5833,0.72
5834,0.71
5835,0.92
5836,0.74
5837,0.69
5838,0.36
5839,1.18
5840,1.25
5841,1.09
5842,1.06
5843,1.07
5844,1.14
5845,1.19
5846,1.67
5847,1.18
5848,2.09
5849,1.99
5850,2.08
5851,1.86
5852,2.14
5853,2.24
5854,1.87
5855,1.45
5856,1.34
5857,1.36
5858,0.81
5859,0.35
5860,0.38
5861,0.38
5862,0.32
5863,0.33
5864,0.5
5865,0.95
5866,1.15
5867,1.34
5868,2.18
5869,2.23
5870,2.16
5871,2.27
5872,1.97
5873,1.84
5874,1.82
5875,1.92
5876,2.14
5877,2
5878,1.47
5879,1.7
5880,1.12
5881,0.75
5882,0.45
5883,0.39
5884,0.41
5885,0.41
5886,0.39
5887,0.37
5888,0.38
5889,0.59
5890,1.1
5891,1.83
5892,1.44
5893,1.59
5894,1.73
5895,1.74
5896,1.69
5897,1.59
5898,1.33
5899,1.72
5900,1.87
5901,2.06
5902,1.88
5903,1.48
5904,1.39
5905,0.84
5906,0.42
5907,0.41
5908,0.39
5909,0.35
5910,0.37
5911,0.49
5912,0.36
5913,0.4
5914,1.31
5915,2.11
5916,3.24
5917,3.8
5918,3.92
5919,2.95
5920,2.95
5921,3.65
5922,3.6
5923,2.77
5924,2.37
5925,2.03
5926,1.74
5927,1.2
5928,1.09
5929,0.79
5930,0.85
5931,0.43
5932,0.46
5933,0.43
5934,0.43
5935,0.95
5936,1.15
5937,0.74
5938,1.09
5939,1.74
5940,1.96
5941,2.23
5942,2.29
5943,2.39
5944,3.1
5945,2.55
5946,2.36
5947,2.18
5948,2.29
5949,2.01
5950,1.29
5951,1.03
5952,0.98
5953,1.09
5954,0.67
5955,0.69
5956,0.66
5957,0.34
5958,0.65
5959,0.93
5960,1.15
5961,1.07
5962,0.71
5963,0.73
5964,0.72
5965,0.75
5966,0.81
5967,0.66
5968,1.07
5969,1.26
5970,1.07
5971,1.25
5972,0.84
5973,1.35
5974,1.45
5975,0.95
5976,0.71
5977,0.39
5978,0.35
5979,0.36
5980,0.35
5981,0.48
5982,0.34
5983,0.38
5984,0.4
5985,0.52
5986,0.31
5987,0.63
5988,1.01
5989,1.23
5990,1.26
5991,1.25
5992,1.96
5993,1.55
5994,3.14
5995,2.25
5996,1.55
5997,1.29
5998,0.97
5999,0.37
6000,0.35
6001,0.36
6002,0.36
6003,0.35
6004,0.33
6005,0.32
6006,0.34
6007,0.72
6008,0.42
6009,0.41
6010,0.44
6011,1.36
6012,1.14
6013,1.55
6014,1.25
6015,1.67
6016,1.49
6017,1.92
6018,1.75
6019,2.22
6020,2.11
6021,1.93
6022,1.5
6023,1.31
6024,1.35
6025,0.6
6026,0.74
6027,0.43
6028,0.41
6029,0.41
6030,0.41
6031,0.57
6032,0.81
6033,0.81
6034,1.26
6035,1.31
6036,1.35
6037,1.91
6038,2.08
6039,1.77
6040,1.73
6041,1.95
6042,2.01
6043,1.63
6044,1.87
6045,1.85
6046,2.02
6047,1.53
6048,0.9
6049,0.4
6050,0.38
6051,0.38
6052,0.4
6053,0.4
6054,0.41
6055,0.45
6056,0.44
6057,0.68
6058,1.22
6059,1.55
6060,4.06
6061,0.85
6062,0.9
6063,1.17
6064,0.83
6065,1.3
6066,1.45
6067,1.61
6068,1.4
6069,1.59
6070,1.42
6071,3.36
6072,0.74
6073,0.47
6074,0.5
6075,0.45
6076,0.39
6077,0.39
6078,0.42
6079,0.41
6080,0.46
6081,0.45
6082,0.46
6083,0.48
6084,0.77
6085,0.86
6086,0.82
6087,0.87
6088,0.81
6089,0.6
6090,0.66
6091,0.72
6092,0.72
6093,0.54
6094,0.47
6095,0.49
6096,0.5
6097,0.47
6098,0.46
6099,0.43
6100,0.48
6101,0.53
6102,0.42
6103,0.47
6104,0.45
6105,0.45
6106,0.44
6107,0.72
6108,0.73
6109,1.99
6110,1.21
6111,1.32
6112,1.08
6113,0.7
6114,0.74
6115,1.43
6116,1.21
6117,1.2
6118,1.18
6119,1
6120,0.71
6121,0.41
6122,0.37
6123,0.33
6124,0.35
6125,0.4
6126,0.31
6127,0.64
6128,0.42
6129,0.36
6130,0.27
6131,0.55
6132,0.92
6133,1.21
6134,1.21
6135,1.43
6136,1.53
6137,2.2
6138,1.88
6139,1.66
6140,1.87
6141,2
6142,1.4
6143,0.86
6144,0.71
6145,0.38
6146,0.34
6147,0.32
6148,0.31
6149,0.33
6150,0.35
6151,0.86
6152,0.67
6153,0.87
6154,0.57
6155,1.04
6156,1.03
6157,1.05
6158,1.17
6159,1.9
6160,3.13
6161,2.86
6162,2.49
6163,1.86
6164,1.93
6165,1.85
6166,1.22
6167,0.92
6168,0.9
6169,0.74
6170,0.44
6171,0.4
6172,0.37
6173,0.42
6174,0.48
6175,0.62
6176,0.36
6177,0.55
6178,0.85
6179,1.31
6180,1.76
6181,2
6182,1.97
6183,1.89
6184,1.82
6185,1.88
6186,2.02
6187,1.91
6188,2.03
6189,1.83
6190,1.48
6191,1.44
6192,1.4
6193,1.36
6194,1.25
6195,0.73
6196,0.45
6197,0.4
6198,0.33
6199,0.33
6200,0.67
6201,0.91
6202,1.66
6203,1.77
6204,2.37
6205,2.62
6206,2.77
6207,2.63
6208,2.6
6209,2.68
6210,2.5
6211,2.81
6212,2.28
6213,2.07
6214,1.96
6215,1.12
6216,1.07
6217,0.83
6218,0.84
6219,0.36
6220,0.35
6221,0.34
6222,0.31
6223,0.3
6224,0.33
6225,1.44
6226,2.97
6227,3.5
6228,3.74
6229,3.91
6230,3.94
6231,4.47
6232,4.25
6233,3.28
6234,2.83
6235,2.45
6236,2.43
6237,2.13
6238,1.52
6239,1.25
6240,1.07
6241,0.99
6242,0.62
6243,0.62
6244,0.64
6245,0.4
6246,0.38
6247,0.54
6248,1.03
6249,0.76
6250,1.09
6251,1.6
6252,1.84
6253,1.88
6254,1.99
6255,2.21
6256,2.76
6257,2.69
6258,2.94
6259,3.19
6260,2.34
6261,2.14
6262,1.92
6263,1.47
6264,1.29
6265,1.07
6266,1.04
6267,1
6268,0.69
6269,1.06
6270,0.64
6271,0.89
6272,0.74
6273,0.94
6274,1.06
6275,1.41
6276,1.61
6277,1.99
6278,2.35
6279,2.45
6280,2.69
6281,2.69
6282,3.33
6283,3.27
6284,2.48
6285,2.19
6286,1.81
6287,1.44
6288,0.99
6289,1.07
6290,0.96
6291,0.95
6292,0.93
6293,0.61
6294,0.6
6295,0.83
6296,1.16
6297,1.13
6298,1.13
6299,1.72
6300,2.04
6301,2.69
6302,2.53
6303,2.6
6304,2.87
6305,3.19
6306,2.87
6307,2.51
6308,2.37
6309,2.12
6310,1.92
6311,1.52
6312,1.04
6313,0.98
6314,0.97
6315,0.96
6316,0.65
6317,0.61
6318,0.62
6319,0.95
6320,0.8
6321,0.76
6322,1.18
6323,1.87
6324,2.35
6325,2.67
6326,2.69
6327,2.54
6328,2.47
6329,2.45
6330,2.73
6331,2.25
6332,2.09
6333,2.09
6334,1.62
6335,1.17
6336,1.47
6337,1.03
6338,0.99
6339,0.97
6340,0.99
6341,0.98
6342,0.69
6343,2.19
6344,1.67
6345,1.1
6346,1.57
6347,1.85
6348,2.05
6349,2.37
6350,2.4
6351,2.87
6352,2.93
6353,2.44
6354,2.31
6355,2.21
6356,1.79
6357,1.71
6358,2.03
6359,1.81
6360,1.75
6361,1.79
6362,1.5
6363,1.23
6364,0.76
6365,0.91
6366,0.69
6367,0.66
6368,0.35
6369,0.93
6370,1.43
6371,2.33
6372,2.32
6373,2.55
6374,2.3
6375,2.86
6376,2.74
6377,2.76
6378,2.73
6379,2.42
6380,2.08
6381,1.77
6382,1.95
6383,1.56
6384,1.83
6385,1.57
6386,1.73
6387,1.09
6388,0.93
6389,0.9
6390,0.7
6391,0.62
6392,0.6
6393,0.94
6394,1.69
6395,1.84
6396,2.65
6397,3.3
6398,2.8
6399,2.49
6400,2.37
6401,3.09
6402,3.76
6403,5.08
6404,4.42
6405,2.41
6406,4.24
6407,1.48
6408,1.41
6409,0.99
6410,1.28
6411,1.03
6412,0.81
6413,0.74
6414,0.92
6415,0.76
6416,0.63
6417,1.14
6418,1.47
6419,1.76
6420,2.4
6421,2.54
6422,2.85
6423,2.97
6424,3.03
6425,2.97
6426,3.4
6427,4.65
6428,3.38
6429,2.28
6430,2.06
6431,1.84
6432,1.2
6433,1.4
6434,0.98
6435,0.96
6436,0.97
6437,0.66
6438,0.94
6439,1.02
6440,1.16
6441,1.01
6442,1.05
6443,1.58
6444,1.96
6445,2.3
6446,2.46
6447,2.61
6448,2.8
6449,3.4
6450,2.92
6451,2.36
6452,2.15
6453,1.97
6454,1.88
6455,1.47
6456,1.14
6457,1.02
6458,1.01
6459,0.96
6460,0.63
6461,0.95
6462,0.4
6463,1.04
6464,1.38
6465,0.96
6466,1.03
6467,1.85
6468,2.04
6469,2.56
6470,2.72
6471,2.73
6472,2.72
6473,2.92
6474,2.75
6475,2.52
6476,2.31
6477,2.2
6478,2.02
6479,1.58
6480,1.46
6481,1.02
6482,1.02
6483,1.06
6484,1
6485,0.62
6486,0.31
6487,0.88
6488,1.15
6489,1.17
6490,1.46
6491,1.96
6492,2.17
6493,2.67
6494,3.19
6495,3.14
6496,3.06
6497,2.9
6498,2.31
6499,2.44
6500,2.67
6501,2.42
6502,2.09
6503,1.55
6504,1.43
6505,1.61
6506,1.08
6507,1.41
6508,1.04
6509,0.99
6510,0.98
6511,1.22
6512,1.04
6513,0.96
6514,1
6515,1.59
6516,1.82
6517,1.95
6518,2.11
6519,2.17
6520,2.69
6521,2.58
6522,2.32
6523,2.37
6524,2.84
6525,2.44
6526,2.3
6527,1.73
6528,1.74
6529,1.34
6530,1.31
6531,1.04
6532,0.69
6533,0.98
6534,0.64
6535,0.63
6536,0.52
6537,1.29
6538,1.76
6539,1.71
6540,2.17
6541,2.35
6542,2.39
6543,2.45
6544,2.35
6545,2.46
6546,2.41
6547,3.47
6548,2.21
6549,2.02
6550,1.46
6551,0.79
6552,0.65
6553,0.36
6554,0.37
6555,0.35
6556,0.32
6557,0.33
6558,0.35
6559,0.36
6560,0.6
6561,0.54
6562,0.57
6563,0.5
6564,0.58
6565,0.57
6566,0.7
6567,0.66
6568,0.92
6569,1.06
6570,1.05
6571,1.21
6572,0.93
6573,0.58
6574,0.56
6575,0.48
6576,0.42
6577,0.4
6578,0.4
6579,0.36
6580,0.36
6581,0.37
6582,0.41
6583,0.66
6584,0.41
6585,0.35
6586,0.32
6587,0.29
6588,0.65
6589,1.02
6590,1.33
6591,1.24
6592,1.64
6593,2.16
6594,1.7
6595,1.87
6596,1.61
6597,3.6
6598,1.37
6599,0.77
6600,0.63
6601,0.37
6602,0.36
6603,0.34
6604,0.33
6605,0.35
6606,0.37
6607,0.64
6608,0.35
6609,0.21
6610,0.48
6611,0.75
6612,1.26
6613,1.32
6614,1.29
6615,1.47
6616,1.48
6617,1.8
6618,1.83
6619,1.73
6620,1.94
6621,1.66
6622,1.38
6623,1.54
6624,1.45
6625,1.2
6626,1.29
6627,1.11
6628,0.45
6629,0.34
6630,0.44
6631,0.63
6632,0.39
6633,0.32
6634,0.67
6635,1.08
6636,1.57
6637,1.44
6638,1.7
6639,1.68
6640,1.66
6641,1.81
6642,2.34
6643,1.67
6644,1.93
6645,1.69
6646,0.83
6647,0.5
6648,0.44
6649,0.4
6650,0.38
6651,0.42
6652,0.41
6653,0.4
6654,0.4
6655,0.59
6656,0.39
6657,0.34
6658,0.32
6659,0.65
6660,1.11
6661,1.63
6662,1.49
6663,1.57
6664,1.7
6665,1.73
6666,2.11
6667,2.31
6668,2.32
6669,1.7
6670,1.78
6671,1.26
6672,0.97
6673,0.73
6674,0.38
6675,0.44
6676,0.39
6677,0.36
6678,0.42
6679,0.76
6680,0.35
6681,0.39
6682,0.71
6683,1.02
6684,1.43
6685,1.58
6686,1.68
6687,2.04
6688,2.7
6689,2.43
6690,2.33
6691,2.32
6692,2.21
6693,2.13
6694,1.75
6695,2.13
6696,1.08
6697,1.01
6698,0.98
6699,0.66
6700,0.65
6701,0.65
6702,0.67
6703,0.73
6704,1
6705,1.04
6706,1.51
6707,1.69
6708,1.83
6709,2.39
6710,2.44
6711,2.56
6712,2.42
6713,2.57
6714,3.34
6715,2.29
6716,2.2
6717,2.12
6718,1.96
6719,2.09
6720,1.27
6721,1.18
6722,1.07
6723,0.84
6724,0.68
6725,0.92
6726,0.9
6727,0.58
6728,0.88
6729,1
6730,1.62
6731,1.89
6732,2.02
6733,2.24
6734,2.17
6735,2.93
6736,2.33
6737,2.22
6738,2.05
6739,1.93
6740,1.95
6741,1.91
6742,1.79
6743,1.47
6744,1.09
6745,1.19
6746,1.11
6747,0.99
6748,0.99
6749,0.97
6750,0.96
6751,1.19
6752,1.48
6753,0.93
6754,0.91
6755,1.02
6756,1.33
6757,1.23
6758,1.6
6759,1.9
6760,2.19
6761,3.11
6762,2.27
6763,2.07
6764,2.18
6765,2.18
6766,1.71
6767,1.2
6768,1.2
6769,0.97
6770,0.97
6771,0.94
6772,0.93
6773,0.91
6774,0.98
6775,1.35
6776,1.07
6777,1.15
6778,1.15
6779,0.92
6780,2.31
6781,1.55
6782,1.65
6783,1.78
6784,2.14
6785,2.2
6786,2.21
6787,2.25
6788,2.21
6789,2.35
6790,2.69
6791,2.08
6792,1.71
6793,1.56
6794,1.62
6795,1.55
6796,1.36
6797,1.26
6798,1.24
6799,1.87
6800,1.39
6801,1.33
6802,1.36
6803,1.8
6804,1.97
6805,2.39
6806,2.52
6807,2.77
6808,2.94
6809,2.74
6810,2.56
6811,2.83
6812,2.9
6813,2.7
6814,1.79
6815,1.52
6816,1.07
6817,1.11
6818,1.11
6819,0.95
6820,0.62
6821,0.78
6822,0.43
6823,1.06
6824,1.03
6825,1.21
6826,1.13
6827,1.56
6828,1.81
6829,1.95
6830,2.02
6831,2.65
6832,2.62
6833,2.61
6834,2.39
6835,2.44
6836,2.38
6837,2.21
6838,1.95
6839,1.55
6840,1.5
6841,1.11
6842,1.12
6843,1.09
6844,1.03
6845,1.01
6846,0.76
6847,1.26
6848,1.09
6849,0.72
6850,1.14
6851,0.75
6852,1.08
6853,1.26
6854,1
6855,1.12
6856,2.25
6857,1.5
6858,1.88
6859,2.03
6860,1.63
6861,1.74
6862,1.57
6863,1.29
6864,0.97
6865,0.65
6866,0.69
6867,0.32
6868,0.3
6869,0.63
6870,0.34
6871,0.32
6872,1.08
6873,0.67
6874,1.06
6875,1.07
6876,1.72
6877,1.99
6878,1.85
6879,2.19
6880,3.28
6881,2.49
6882,2.29
6883,2.15
6884,2.08
6885,2.1
6886,1.55
6887,1.72
6888,1.12
6889,0.66
6890,0.61
6891,0.65
6892,0.36
6893,0.32
6894,0.3
6895,0.35
6896,0.43
6897,0.81
6898,0.94
6899,1.41
6900,1.58
6901,2.17
6902,1.96
6903,1.81
6904,1.98
6905,1.79
6906,1.82
6907,3.06
6908,4.16
6909,2.34
6910,2.04
6911,1.12
6912,1.26
6913,0.79
6914,1.02
6915,0.95
6916,0.63
6917,0.73
6918,0.71
6919,0.8
6920,0.64
6921,0.3
6922,0.24
6923,0.86
6924,0.29
6925,0.87
6926,0.55
6927,0.66
6928,0.72
6929,1.96
6930,1.55
6931,1.03
6932,1.09
6933,0.77
6934,0.94
6935,0.6
6936,0.57
6937,0.51
6938,0.36
6939,0.35
6940,0.33
6941,0.37
6942,0.4
6943,0.56
6944,0.26
6945,0.26
6946,0.28
6947,0.24
6948,0.23
6949,0.33
6950,0.38
6951,0.42
6952,0.63
6953,0.83
6954,0.91
6955,1
6956,0.92
6957,0.92
6958,0.35
6959,0.34
6960,0.35
6961,0.3
6962,0.3
6963,0.35
6964,0.34
6965,0.32
6966,0.32
6967,0.52
6968,0.78
6969,0.78
6970,1.19
6971,0.99
6972,1.52
6973,0.84
6974,0.74
6975,0.48
6976,0.62
6977,0.82
6978,0.89
6979,0.54
6980,0.72
6981,0.89
6982,0.88
6983,0.89
6984,0.89
6985,0.7
6986,0.52
6987,0.37
6988,0.32
6989,0.3
6990,0.34
6991,0.33
6992,0.39
6993,0.29
6994,0.32
6995,0.34
6996,0.55
6997,0.87
6998,0.52
6999,0.31
7000,0.32
7001,0.36
7002,0.56
7003,0.91
7004,0.77
7005,2.05
7006,0.85
7007,0.9
7008,0.74
7009,0.35
7010,0.32
7011,0.35
7012,0.33
7013,0.32
7014,0.3
7015,0.37
7016,0.33
7017,0.56
7018,0.34
7019,0.37
7020,0.44
7021,0.52
7022,0.68
7023,0.9
7024,1.86
7025,1.58
7026,1.3
7027,1.27
7028,1.17
7029,1.02
7030,0.71
7031,0.63
7032,0.59
7033,0.55
7034,0.52
7035,0.5
7036,0.46
7037,0.47
7038,0.49
7039,0.68
7040,0.58
7041,0.38
7042,0.43
7043,0.43
7044,0.42
7045,0.4
7046,0.41
7047,1.35
7048,2.19
7049,1.09
7050,1.2
7051,0.76
7052,0.73
7053,1
7054,0.83
7055,0.83
7056,0.6
7057,0.44
7058,0.41
7059,0.39
7060,0.38
7061,0.41
7062,0.4
7063,0.37
7064,0.37
7065,0.4
7066,0.52
7067,0.68
7068,0.33
7069,0.3
7070,0.32
7071,1.14
7072,0.65
7073,0.64
7074,0.75
7075,1.05
7076,0.93
7077,1.01
7078,0.67
7079,0.98
7080,0.98
7081,0.55
7082,0.41
7083,0.43
7084,0.4
7085,0.38
7086,0.47
7087,0.65
7088,0.41
7089,0.56
7090,0.38
7091,0.33
7092,0.53
7093,0.47
7094,0.4
7095,0.86
7096,1.34
7097,0.97
7098,0.63
7099,0.66
7100,1.2
7101,1.28
7102,0.71
7103,0.44
7104,0.46
7105,0.44
7106,0.38
7107,0.39
7108,0.41
7109,0.41
7110,0.41
7111,0.84
7112,0.37
7113,0.35
7114,0.32
7115,0.32
7116,0.41
7117,0.44
7118,0.43
7119,0.46
7120,0.67
7121,0.45
7122,0.37
7123,0.34
7124,0.32
7125,0.51
7126,0.48
7127,0.43
7128,0.39
7129,0.36
7130,0.37
7131,0.4
7132,0.39
7133,0.38
7134,0.38
7135,0.69
7136,0.5
7137,0.42
7138,0.38
7139,0.4
7140,0.42
7141,0.42
7142,0.42
7143,0.42
7144,0.66
7145,0.72
7146,0.46
7147,0.37
7148,0.88
7149,0.89
7150,0.68
7151,0.78
7152,0.54
7153,0.51
7154,0.47
7155,0.45
7156,0.39
7157,0.39
7158,0.43
7159,0.69
7160,0.35
7161,0.37
7162,0.36
7163,0.33
7164,0.4
7165,0.43
7166,0.38
7167,0.34
7168,0.64
7169,0.41
7170,0.58
7171,0.66
7172,1.96
7173,0.93
7174,0.86
7175,0.7
7176,0.57
7177,0.52
7178,0.54
7179,0.54
7180,0.53
7181,0.6
7182,0.55
7183,0.84
7184,0.34
7185,0.44
7186,0.42
7187,0.3
7188,0.48
7189,0.39
7190,0.3
7191,0.4
7192,0.79
7193,0.75
7194,0.71
7195,1.12
7196,1.29
7197,1.07
7198,0.91
7199,0.65
7200,0.75
7201,0.63
7202,0.43
7203,0.45
7204,0.4
7205,0.4
7206,0.43
7207,0.44
7208,0.42
7209,0.41
7210,0.57
7211,0.93
7212,0.71
7213,0.74
7214,1.01
7215,1.1
7216,1.11
7217,0.97
7218,2.12
7219,0.81
7220,0.94
7221,1.22
7222,1
7223,0.91
7224,0.97
7225,0.62
7226,0.66
7227,0.55
7228,0.39
7229,0.47
7230,0.42
7231,0.51
7232,0.49
7233,0.47
7234,0.97
7235,0.46
7236,2.65
7237,3.49
7238,1.19
7239,0.98
7240,0.7
7241,0.75
7242,1.46
7243,1.59
7244,0.98
7245,0.84
7246,0.85
7247,1.06
7248,0.67
7249,0.51
7250,0.47
7251,0.49
7252,0.48
7253,0.49
7254,0.49
7255,0.89
7256,0.7
7257,0.61
7258,0.61
7259,0.79
7260,0.92
7261,0.88
7262,0.98
7263,1.38
7264,1.57
7265,1.26
7266,0.84
7267,0.93
7268,0.92
7269,0.83
7270,1.02
7271,0.66
7272,0.54
7273,0.69
7274,0.66
7275,0.63
7276,0.59
7277,0.67
7278,0.56
7279,1.03
7280,0.51
7281,0.56
7282,0.5
7283,0.5
7284,0.36
7285,0.48
7286,0.39
7287,0.44
7288,0.76
7289,0.62
7290,0.89
7291,1.01
7292,0.82
7293,0.78
7294,0.82
7295,0.67
7296,0.64
7297,0.47
7298,0.5
7299,0.48
7300,0.49
7301,0.5
7302,0.52
7303,0.75
7304,0.47
7305,0.39
7306,0.56
7307,0.42
7308,0.49
7309,0.4
7310,0.39
7311,0.38
7312,0.62
7313,1.01
7314,0.91
7315,0.94
7316,0.77
7317,0.77
7318,0.44
7319,0.41
7320,0.4
7321,0.37
7322,0.34
7323,0.35
7324,0.37
7325,0.37
7326,0.39
7327,0.57
7328,0.34
7329,0.3
7330,0.4
7331,0.3
7332,0.31
7333,0.3
7334,0.72
7335,0.46
7336,0.38
7337,0.58
7338,0.61
7339,1.55
7340,1.3
7341,0.88
7342,0.69
7343,0.41
7344,0.4
7345,0.38
7346,0.36
7347,0.34
7348,0.35
7349,0.37
7350,0.39
7351,2.56
7352,0.64
7353,0.48
7354,0.4
7355,0.4
7356,0.41
7357,0.43
7358,0.43
7359,0.39
7360,0.35
7361,0.93
7362,0.74
7363,1.59
7364,3.45
7365,2.85
7366,2.19
7367,1.99
7368,1.49
7369,1.42
7370,1.15
7371,0.43
7372,0.72
7373,0.41
7374,0.46
7375,0.68
7376,0.62
7377,0.9
7378,0.42
7379,0.77
7380,1.24
7381,1.17
7382,1.08
7383,1.09
7384,1.02
7385,0.85
7386,0.84
7387,0.6
7388,0.69
7389,0.57
7390,1.16
7391,1.04
7392,0.76
7393,0.54
7394,0.54
7395,0.51
7396,0.47
7397,0.49
7398,0.52
7399,0.5
7400,0.53
7401,0.48
7402,0.38
7403,0.52
7404,0.54
7405,0.69
7406,0.98
7407,0.48
7408,0.41
7409,0.44
7410,0.4
7411,0.39
7412,0.74
7413,1
7414,0.85
7415,0.88
7416,0.66
7417,0.97
7418,0.95
7419,0.85
7420,0.76
7421,0.84
7422,0.71
7423,0.73
7424,1.04
7425,0.65
7426,0.9
7427,1.01
7428,0.9
7429,0.77
7430,0.83
7431,0.97
7432,1.31
7433,1.11
7434,1.03
7435,1.05
7436,3.07
7437,3.22
7438,2.47
7439,5.02
7440,1.8
7441,2.81
7442,1.1
7443,0.38
7444,0.32
7445,0.33
7446,0.35
7447,0.37
7448,0.56
7449,0.3
7450,0.25
7451,0.29
7452,0.36
7453,0.36
7454,0.38
7455,0.4
7456,0.35
7457,0.61
7458,0.92
7459,1.11
7460,0.76
7461,0.68
7462,0.67
7463,0.68
7464,0.49
7465,0.45
7466,0.48
7467,0.47
7468,0.43
7469,0.43
7470,0.45
7471,0.47
7472,0.73
7473,0.45
7474,0.37
7475,0.39
7476,0.36
7477,0.53
7478,0.49
7479,0.4
7480,0.39
7481,0.51
7482,2.03
7483,2.57
7484,2.1
7485,1.43
7486,0.86
7487,1.42
7488,0.94
7489,0.55
7490,0.5
7491,0.58
7492,0.46
7493,0.41
7494,0.46
7495,0.47
7496,0.69
7497,0.48
7498,0.47
7499,0.48
7500,0.46
7501,0.44
7502,0.44
7503,0.48
7504,1.06
7505,1.45
7506,1.38
7507,1.53
7508,1.19
7509,0.87
7510,0.52
7511,0.5
7512,0.5
7513,0.67
7514,0.79
7515,0.63
7516,0.52
7517,0.52
7518,0.55
7519,0.52
7520,0.87
7521,0.34
7522,0.32
7523,0.35
7524,0.35
7525,0.41
7526,0.44
7527,0.46
7528,0.44
7529,0.56
7530,0.73
7531,1.11
7532,0.49
7533,0.54
7534,0.54
7535,0.45
7536,0.38
7537,0.34
7538,0.33
7539,0.34
7540,0.34
7541,0.34
7542,0.32
7543,0.31
7544,0.33
7545,0.52
7546,0.64
7547,0.84
7548,0.77
7549,0.69
7550,0.72
7551,0.84
7552,0.73
7553,0.89
7554,1.53
7555,1.15
7556,0.85
7557,0.87
7558,1.02
7559,0.73
7560,0.7
7561,0.58
7562,0.45
7563,0.4
7564,0.37
7565,0.35
7566,0.33
7567,0.33
7568,0.35
7569,0.36
7570,0.35
7571,0.64
7572,0.99
7573,1.67
7574,2.25
7575,1.89
7576,2.17
7577,3.08
7578,2.31
7579,2.78
7580,1.61
7581,1.88
7582,0.92
7583,0.65
7584,0.34
7585,0.47
7586,0.35
7587,0.37
7588,0.41
7589,0.32
7590,0.31
7591,0.34
7592,0.56
7593,0.39
7594,0.24
7595,0.26
7596,0.28
7597,0.28
7598,0.3
7599,0.36
7600,0.33
7601,0.94
7602,1.25
7603,2.37
7604,1.7
7605,1.12
7606,1.24
7607,0.91
7608,0.73
7609,0.69
7610,0.7
7611,0.7
7612,0.78
7613,0.69
7614,0.68
7615,0.71
7616,1.01
7617,0.5
7618,0.44
7619,0.43
7620,0.48
7621,0.56
7622,0.34
7623,0.34
7624,0.45
7625,1.2
7626,0.72
7627,0.64
7628,0.58
7629,0.71
7630,0.58
7631,0.55
7632,0.44
7633,0.41
7634,0.4
7635,0.39
7636,0.43
7637,0.43
7638,0.4
7639,0.41
7640,0.68
7641,0.39
7642,0.32
7643,0.31
7644,0.32
7645,0.33
7646,0.46
7647,0.35
7648,0.66
7649,0.98
7650,0.89
7651,0.86
7652,0.82
7653,0.85
7654,0.77
7655,0.67
7656,0.35
7657,0.34
7658,0.32
7659,0.32
7660,0.32
7661,0.32
7662,0.31
7663,0.36
7664,0.67
7665,0.63
7666,0.81
7667,0.49
7668,0.39
7669,0.45
7670,0.76
7671,0.64
7672,1.3
7673,0.48
7674,0.7
7675,0.67
7676,0.79
7677,0.81
7678,0.76
7679,0.34
7680,0.34
7681,0.5
7682,0.6
7683,0.48
7684,0.39
7685,0.39
7686,0.41
7687,0.39
7688,0.65
7689,0.26
7690,0.24
7691,0.27
7692,0.26
7693,0.31
7694,0.33
7695,0.34
7696,0.34
7697,0.42
7698,0.56
7699,0.84
7700,0.37
7701,0.4
7702,0.41
7703,0.34
7704,0.29
7705,0.33
7706,0.32
7707,0.34
7708,0.32
7709,0.3
7710,0.3
7711,0.3
7712,0.34
7713,2.21
7714,0.78
7715,0.73
7716,0.74
7717,0.59
7718,0.38
7719,0.39
7720,0.69
7721,1.46
7722,0.9
7723,1.34
7724,0.84
7725,0.72
7726,0.69
7727,0.66
7728,0.68
7729,0.62
7730,0.52
7731,0.34
7732,0.35
7733,0.33
7734,0.31
7735,0.3
7736,0.32
7737,0.58
7738,0.26
7739,0.26
7740,0.67
7741,1.62
7742,1.22
7743,1.06
7744,1.68
7745,1.47
7746,1.49
7747,1.06
7748,1.74
7749,1
7750,0.84
7751,0.68
7752,0.62
7753,0.41
7754,0.39
7755,0.41
7756,0.4
7757,0.4
7758,0.39
7759,0.43
7760,0.68
7761,0.4
7762,0.34
7763,0.32
7764,0.32
7765,0.4
7766,0.62
7767,0.34
7768,0.39
7769,1.04
7770,2.01
7771,1.41
7772,1.32
7773,1.13
7774,0.72
7775,0.46
7776,0.45
7777,0.41
7778,0.46
7779,0.43
7780,0.41
7781,0.41
7782,0.41
7783,0.42
7784,0.74
7785,0.51
7786,0.43
7787,0.42
7788,0.42
7789,0.54
7790,0.41
7791,0.4
7792,0.62
7793,0.82
7794,1.1
7795,1.23
7796,0.87
7797,0.97
7798,0.8
7799,0.66
7800,0.45
7801,0.37
7802,0.31
7803,0.32
7804,0.33
7805,0.32
7806,0.32
7807,0.4
7808,0.34
7809,0.39
7810,0.43
7811,0.57
7812,0.29
7813,0.28
7814,0.28
7815,0.51
7816,0.25
7817,0.23
7818,0.58
7819,0.78
7820,0.64
7821,0.63
7822,1.2
7823,0.47
7824,0.4
7825,0.25
7826,0.24
7827,0.25
7828,0.25
7829,0.25
7830,0.23
7831,0.22
7832,0.24
7833,0.38
7834,0.46
7835,0.61
7836,0.56
7837,0.5
7838,0.52
7839,0.61
7840,0.53
7841,0.64
7842,1.11
7843,0.83
7844,0.62
7845,0.63
7846,0.74
7847,0.53
7848,0.41
7849,0.3
7850,0.3
7851,0.3
7852,0.31
7853,0.32
7854,0.31
7855,0.3
7856,0.31
7857,0.3
7858,0.32
7859,0.29
7860,0.3
7861,0.3
7862,0.31
7863,0.32
7864,0.33
7865,0.32
7866,0.31
7867,0.3
7868,0.3
7869,0.3
7870,0.69
7871,0.73
7872,0.71
7873,0.65
7874,0.42
7875,0.38
7876,0.37
7877,0.37
7878,0.36
7879,0.35
7880,0.41
7881,0.48
7882,0.42
7883,0.68
7884,0.73
7885,0.72
7886,0.59
7887,0.59
7888,1.23
7889,0.84
7890,1.58
7891,1.13
7892,0.75
7893,0.75
7894,1.03
7895,0.89
7896,0.76
7897,0.76
7898,0.44
7899,0.34
7900,0.32
7901,0.31
7902,0.33
7903,0.33
7904,0.33
7905,0.34
7906,0.33
7907,0.77
7908,0.28
7909,0.28
7910,0.29
7911,0.28
7912,0.28
7913,0.49
7914,0.69
7915,0.78
7916,0.73
7917,0.94
7918,0.77
7919,0.35
7920,0.33
7921,0.32
7922,0.31
7923,0.3
7924,0.29
7925,0.3
7926,0.29
7927,0.34
7928,0.83
7929,0.34
7930,0.25
7931,0.23
7932,0.23
7933,0.23
7934,0.5
7935,0.27
7936,0.35
7937,0.55
7938,0.43
7939,1.37
7940,1.13
7941,0.81
7942,1
7943,0.47
7944,0.32
7945,0.31
7946,0.33
7947,0.32
7948,0.31
7949,0.31
7950,0.31
7951,0.34
7952,0.59
7953,0.26
7954,0.25
7955,0.24
7956,0.24
7957,0.3
7958,0.28
7959,0.23
7960,0.27
7961,0.69
7962,0.97
7963,0.86
7964,0.84
7965,0.84
7966,0.91
7967,0.49
7968,0.4
7969,0.46
7970,0.42
7971,0.39
7972,0.39
7973,0.36
7974,0.36
7975,0.39
7976,0.61
7977,0.45
7978,0.58
7979,0.56
7980,0.56
7981,0.59
7982,0.74
7983,0.84
7984,0.79
7985,0.91
7986,1.22
7987,1.35
7988,1.46
7989,1.83
7990,1.67
7991,0.57
7992,0.34
7993,0.33
7994,0.31
7995,0.32
7996,0.3
7997,0.3
7998,0.44
7999,0.36
8000,0.62
8001,0.28
8002,0.25
8003,0.25
8004,0.25
8005,0.25
8006,0.25
8007,0.23
8008,0.23
8009,0.28
8010,0.48
8011,0.72
8012,0.64
8013,0.68
8014,2.73
8015,2.62
8016,3.31
8017,3.65
8018,0.74
8019,0.56
8020,0.44
8021,0.33
8022,0.3
8023,0.3
8024,0.48
8025,0.41
8026,0.29
8027,0.38
8028,0.28
8029,0.29
8030,0.31
8031,0.29
8032,0.28
8033,0.27
8034,0.27
8035,0.29
8036,0.31
8037,0.29
8038,0.28
8039,0.27
8040,0.27
8041,0.29
8042,0.3
8043,0.29
8044,0.29
8045,0.27
8046,0.27
8047,0.27
8048,0.28
8049,0.3
8050,0.28
8051,0.28
8052,0.28
8053,0.27
8054,0.27
8055,0.28
8056,0.28
8057,0.41
8058,0.27
8059,0.28
8060,0.29
8061,0.3
8062,0.29
8063,0.28
8064,0.27
8065,0.26
8066,0.27
8067,0.29
8068,0.28
8069,0.28
8070,0.28
8071,0.28
8072,0.27
8073,0.28
8074,0.26
8075,0.27
8076,0.28
8077,0.28
8078,0.28
8079,0.3
8080,0.28
8081,0.28
8082,0.27
8083,0.27
8084,0.27
8085,0.29
8086,0.28
8087,0.28
8088,0.28
8089,0.28
8090,0.28
8091,0.28
8092,0.26
8093,0.26
8094,0.26
8095,0.28
8096,0.27
8097,0.29
8098,0.27
8099,0.28
8100,0.28
8101,0.27
8102,0.27
8103,0.28
8104,0.27
8105,0.28
8106,0.28
8107,0.28
8108,0.28
8109,0.29
8110,0.28
8111,0.27
8112,0.26
8113,0.26
8114,0.26
8115,0.29
8116,0.28
8117,0.28
8118,0.28
8119,0.28
8120,0.28
8121,0.29
8122,0.26
8123,0.26
8124,0.26
8125,0.27
8126,0.28
8127,0.29
8128,0.28
8129,0.28
8130,0.28
8131,0.56
8132,1.69
8133,1.44
8134,1.25
8135,0.96
8136,0.98
8137,0.84
8138,0.76
8139,0.77
8140,0.73
8141,0.59
8142,0.54
8143,0.6
8144,0.83
8145,0.49
8146,0.48
8147,0.48
8148,0.77
8149,0.79
8150,0.96
8151,0.98
8152,0.92
8153,1.82
8154,1.66
8155,1.35
8156,1.35
8157,1.3
8158,1.39
8159,1.18
8160,0.92
8161,0.81
8162,0.79
8163,0.81
8164,0.68
8165,0.56
8166,0.53
8167,0.65
8168,0.79
8169,0.47
8170,0.57
8171,0.92
8172,1.06
8173,0.93
8174,0.86
8175,0.98
8176,0.97
8177,2.27
8178,0.89
8179,0.86
8180,0.97
8181,1.13
8182,1.07
8183,0.95
8184,0.8
8185,0.44
8186,0.41
8187,0.4
8188,0.41
8189,0.45
8190,0.49
8191,0.45
8192,0.64
8193,0.49
8194,0.39
8195,0.46
8196,0.35
8197,0.34
8198,0.45
8199,0.38
8200,0.51
8201,0.99
8202,0.99
8203,1.54
8204,1.2
8205,1.03
8206,1.03
8207,0.98
8208,1.05
8209,0.61
8210,0.5
8211,0.56
8212,0.43
8213,0.54
8214,0.44
8215,0.46
8216,0.53
8217,0.43
8218,1.29
8219,1.72
8220,0.87
8221,0.92
8222,0.69
8223,0.72
8224,0.86
8225,0.99
8226,0.69
8227,0.91
8228,1.47
8229,1.22
8230,0.84
8231,1.15
8232,1.19
8233,1.23
8234,1.14
8235,1.23
8236,0.83
8237,0.65
8238,0.54
8239,0.65
8240,0.54
8241,0.68
8242,0.73
8243,0.59
8244,0.79
8245,0.44
8246,0.44
8247,0.49
8248,0.49
8249,0.47
8250,0.5
8251,0.5
8252,0.5
8253,0.45
8254,0.65
8255,0.54
8256,0.66
8257,1.11
8258,0.72
8259,0.56
8260,0.6
8261,0.59
8262,0.58
8263,0.62
8264,1.11
8265,0.62
8266,0.52
8267,0.49
8268,0.4
8269,0.4
8270,0.41
8271,0.39
8272,0.38
8273,0.4
8274,0.43
8275,0.62
8276,0.73
8277,0.72
8278,0.92
8279,0.84
8280,0.54
8281,0.67
8282,0.61
8283,0.6
8284,0.58
8285,0.5
8286,0.43
8287,0.57
8288,0.97
8289,0.51
8290,0.41
8291,0.37
8292,0.21
8293,0.37
8294,0.39
8295,0.34
8296,0.28
8297,0.44
8298,0.77
8299,0.73
8300,0.81
8301,0.56
8302,0.8
8303,0.8
8304,0.71
8305,0.6
8306,0.55
8307,0.54
8308,0.55
8309,0.52
8310,0.55
8311,0.53
8312,1.37
8313,0.73
8314,0.62
8315,0.56
8316,0.43
8317,0.39
8318,0.41
8319,0.48
8320,0.37
8321,0.44
8322,0.59
8323,0.59
8324,1.2
8325,1.38
8326,0.83
8327,0.78
8328,0.71
8329,0.57
8330,0.43
8331,0.57
8332,0.44
8333,0.58
8334,0.48
8335,0.55
8336,0.76
8337,0.42
8338,0.42
8339,0.44
8340,0.39
8341,0.37
8342,0.23
8343,0.41
8344,0.38
8345,0.47
8346,0.4
8347,0.49
8348,1.05
8349,0.71
8350,0.83
8351,0.88
8352,0.78
8353,0.64
8354,0.6
8355,0.58
8356,0.59
8357,0.65
8358,0.71
8359,0.66
8360,0.93
8361,0.71
8362,0.56
8363,0.67
8364,0.52
8365,0.49
8366,0.66
8367,0.55
8368,0.74
8369,1.45
8370,1.44
8371,2.24
8372,1.74
8373,1.49
8374,1.5
8375,1.43
8376,1.52
8377,0.7
8378,0.57
8379,0.64
8380,0.49
8381,0.62
8382,0.51
8383,0.54
8384,0.61
8385,0.5
8386,1.49
8387,1.98
8388,1
8389,1.06
8390,0.79
8391,0.83
8392,0.99
8393,1.14
8394,0.79
8395,1.05
8396,1.7
8397,1.41
8398,0.97
8399,1.32
8400,1.37
8401,1.11
8402,0.49
8403,0.53
8404,0.44
8405,0.58
8406,0.43
8407,0.58
8408,0.46
8409,0.55
8410,0.47
8411,0.59
8412,0.99
8413,0.81
8414,0.59
8415,0.76
8416,0.99
8417,1.08
8418,1.97
8419,1.76
8420,2.4
8421,1.91
8422,1.75
8423,1.4
8424,0.59
8425,0.46
8426,0.44
8427,0.42
8428,0.41
8429,0.4
8430,0.4
8431,0.49
8432,0.65
8433,0.37
8434,0.36
8435,0.49
8436,0.4
8437,0.41
8438,0.39
8439,0.39
8440,0.32
8441,1.09
8442,0.81
8443,1.23
8444,1.16
8445,1.34
8446,1.1
8447,0.79
8448,0.44
8449,0.41
8450,0.41
8451,0.47
8452,0.48
8453,0.41
8454,0.4
8455,0.45
8456,0.72
8457,0.36
8458,0.39
8459,0.31
8460,0.37
8461,0.27
8462,0.28
8463,0.36
8464,0.3
8465,0.43
8466,1.04
8467,1.09
8468,1.13
8469,1.39
8470,1.77
8471,1.82
8472,0.58
8473,0.4
8474,0.41
8475,0.33
8476,0.43
8477,0.41
8478,0.28
8479,0.4
8480,0.67
8481,0.26
8482,0.46
8483,0.4
8484,0.29
8485,0.43
8486,0.22
8487,0.42
8488,0.33
8489,0.54
8490,0.66
8491,0.81
8492,0.8
8493,0.67
8494,1
8495,0.9
8496,0.9
8497,0.99
8498,0.77
8499,0.34
8500,0.29
8501,0.38
8502,0.37
8503,0.37
8504,0.36
8505,0.34
8506,0.34
8507,0.52
8508,0.37
8509,0.35
8510,0.36
8511,0.52
8512,0.41
8513,0.56
8514,0.78
8515,1.18
8516,1.72
8517,1.65
8518,3.64
8519,4.1
8520,1.54
8521,1.52
8522,2.42
8523,4.67
8524,0.95
8525,0.82
8526,0.62
8527,0.41
8528,0.45
8529,0.48
8530,0.39
8531,0.37
8532,0.26
8533,0.47
8534,0.56
8535,0.57
8536,0.64
8537,0.89
8538,1
8539,0.91
8540,0.98
8541,0.99
8542,0.99
8543,1.27
8544,1.16
8545,0.71
8546,0.65
8547,0.63
8548,0.31
8549,0.34
8550,0.41
8551,0.4
8552,0.51
8553,0.29
8554,0.46
8555,0.65
8556,0.4
8557,0.22
8558,0.33
8559,0.27
8560,0.43
8561,0.37
8562,0.25
8563,0.37
8564,0.69
8565,1.55
8566,1.75
8567,1.63
8568,1.5
8569,0.34
8570,0.43
8571,0.4
8572,0.33
8573,0.4
8574,0.51
8575,0.42
8576,0.43
8577,0.53
8578,0.64
8579,0.34
8580,0.34
8581,0.33
8582,0.33
8583,0.25
8584,0.31
8585,0.32
8586,0.31
8587,0.32
8588,0.34
8589,0.41
8590,1.45
8591,1.32
8592,1.46
8593,0.55
8594,0.4
8595,0.4
8596,0.48
8597,0.52
8598,0.41
8599,0.46
8600,0.61
8601,0.68
8602,0.5
8603,0.55
8604,0.5
8605,0.45
8606,0.5
8607,0.54
8608,0.45
8609,0.45
8610,0.51
8611,0.51
8612,0.44
8613,0.53
8614,0.52
8615,0.45
8616,0.59
8617,0.48
8618,0.52
8619,0.55
8620,0.47
8621,0.61
8622,0.47
8623,0.56
8624,0.53
8625,0.51
8626,0.57
8627,0.43
8628,0.47
8629,0.49
8630,0.43
8631,0.42
8632,0.43
8633,0.42
8634,0.45
8635,0.53
8636,0.48
8637,1.12
8638,1.81
8639,2.65
8640,1.89
8641,1.5
8642,1.56
8643,1.52
8644,1.52
8645,1.55
8646,1.44
8647,1.57
8648,1.43
8649,1.53
8650,1.48
8651,1.53
8652,1.99
8653,1.84
8654,1.81
8655,1.83
8656,1.88
8657,1.91
8658,1.84
8659,1.85
8660,1.85
8661,1.88
8662,2.06
8663,1.94
8664,1.97
8665,1.99
8666,1.9
8667,1.87
8668,1.9
8669,1.94
8670,1.82
8671,1.81
8672,1.8
8673,1.74
8674,1.69
8675,1.51
8676,1.75
8677,1.7
8678,1.79
8679,1.78
8680,1.83
8681,1.98
8682,1.87
8683,1.88
8684,1.83
8685,1.9
8686,2.03
8687,1.82
8688,1.87
8689,1.73
8690,1.57
8691,1.65
8692,1.55
8693,1.51
8694,1.57
8695,1.51
8696,1.59
8697,1.53
8698,1.68
8699,1.69
8700,1.72
8701,1.59
8702,1.53
8703,1.79
8704,1.83
8705,1.83
8706,1.8
8707,1.8
8708,1.93
8709,1.86
8710,1.99
8711,2.03
8712,1.91
8713,1.7
8714,1.53
8715,1.63
8716,1.6
8717,1.58
8718,1.5
8719,1.57
8720,1.5
8721,1.6
8722,1.65
8723,1.78
8724,1.73
8725,1.73
8726,1.69
8727,1.75
8728,1.81
8729,1.74
8730,1.83
8731,1.84
8732,1.2
8733,1
8734,0.82
8735,0.76
8736,0.76
8737,0.75
8738,0.77
8739,0.5
8740,0.64
8741,0.57
8742,0.48
8743,0.47
8744,0.54
8745,0.63
8746,0.54
8747,0.48
8748,0.79
8749,0.96
8750,0.84
8751,0.7
8752,0.76
8753,0.64
8754,0.87
8755,0.88
8756,1.47
8757,1.25
8758,1.3
8759,1.27
8760,1.33
