Interval,Energy Purchase Price
1,35.82
2,31.04
3,31.01
4,31.45
5,31.78
6,31.93
7,31.98
8,32.0
9,29.09
10,29.22
11,26.02
12,27.1
13,22.51
14,21.34
15,25.73
16,29.27
17,32.52
18,37.24
19,37.71
20,37.65
21,37.41
22,36.54
23,34.21
24,32.43
25,31.27
26,31.06
27,31.04
28,31.23
29,32.36
30,34.64
31,36.19
32,37.13
33,33.2
34,31.13
35,30.9
36,30.92
37,31.06
38,31.07
39,31.27
40,33.84
41,42.9
42,46.76
43,49.58
44,50.83
45,49.54
46,47.38
47,44.68
48,42.02
49,39.66
50,39.42
51,39.03
52,39.06
53,42.57
54,44.89
55,49.92
56,71.53
57,47.97
58,38.77
59,38.39
60,37.63
61,36.85
62,35.5
63,35.99
64,38.68
65,49.69
66,137.76
67,236.75
68,59.55
69,58.88
70,54.34
71,45.37
72,44.18
73,42.26
74,42.21
75,42.19
76,42.19
77,43.25
78,45.63
79,53.23
80,58.23
81,45.12
82,30.01
83,30.17
84,34.28
85,35.34
86,35.63
87,33.77
88,36.9
89,45.11
90,48.59
91,56.93
92,61.28
93,48.39
94,44.92
95,42.53
96,37.9
97,37.61
98,38.31
99,37.82
100,38.08
101,39.05
102,44.05
103,49.44
104,54.47
105,41.11
106,30.09
107,28.4
108,30.49
109,30.34
110,29.24
111,0.01
112,30.94
113,38.21
114,44.35
115,46.42
116,58.15
117,43.18
118,42.36
119,39.0
120,37.49
121,36.5
122,35.53
123,35.51
124,35.51
125,37.2
126,41.92
127,45.31
128,70.91
129,35.09
130,30.71
131,29.75
132,29.58
133,24.8
134,26.64
135,1.69
136,27.34
137,36.24
138,40.11
139,40.7
140,40.18
141,40.11
142,37.84
143,35.21
144,33.14
145,31.89
146,31.77
147,31.72
148,31.75
149,32.24
150,33.52
151,34.98
152,35.36
153,31.05
154,25.78
155,29.62
156,30.46
157,31.16
158,31.13
159,31.1
160,30.12
161,39.35
162,48.92
163,54.01
164,47.37
165,43.66
166,41.32
167,39.92
168,38.55
169,38.0
170,37.4
171,37.35
172,38.0
173,38.26
174,38.77
175,40.35
176,41.42
177,37.64
178,32.25
179,32.07
180,31.77
181,32.21
182,32.04
183,31.81
184,34.23
185,39.4
186,47.41
187,52.41
188,50.63
189,46.84
190,42.99
191,39.38
192,38.05
193,37.31
194,36.83
195,36.83
196,37.1
197,37.91
198,42.58
199,46.84
200,57.14
201,48.23
202,41.49
203,38.87
204,38.45
205,37.08
206,34.59
207,32.32
208,37.91
209,43.84
210,48.71
211,62.32
212,49.99
213,46.62
214,42.74
215,38.09
216,36.75
217,35.69
218,35.38
219,36.2
220,37.81
221,40.04
222,45.49
223,52.26
224,202.74
225,47.08
226,33.24
227,32.91
228,33.71
229,34.83
230,34.04
231,33.19
232,32.62
233,41.41
234,50.57
235,49.52
236,49.3
237,49.29
238,47.72
239,42.88
240,38.83
241,38.22
242,38.06
243,37.93
244,37.93
245,38.07
246,41.7
247,48.0
248,51.11
249,46.66
250,38.5
251,34.89
252,38.03
253,38.62
254,38.96
255,38.57
256,39.17
257,45.45
258,48.04
259,50.02
260,48.65
261,46.93
262,42.68
263,38.76
264,37.34
265,36.1
266,35.92
267,35.8
268,35.73
269,36.14
270,38.36
271,42.34
272,43.54
273,39.79
274,38.55
275,39.13
276,37.89
277,37.46
278,37.34
279,37.93
280,37.79
281,43.65
282,48.81
283,164.08
284,211.6
285,51.59
286,46.05
287,40.62
288,38.59
289,38.14
290,38.36
291,38.37
292,38.37
293,39.49
294,45.78
295,52.49
296,54.57
297,46.16
298,39.27
299,40.39
300,40.38
301,40.35
302,40.32
303,39.1
304,40.24
305,49.15
306,54.75
307,52.12
308,51.37
309,52.51
310,51.45
311,50.1
312,46.78
313,44.42
314,44.0
315,43.98
316,44.11
317,44.45
318,45.76
319,50.83
320,54.55
321,46.76
322,39.78
323,38.33
324,38.29
325,37.81
326,37.43
327,35.52
328,36.56
329,41.56
330,50.71
331,49.68
332,51.33
333,51.47
334,49.1
335,46.75
336,44.48
337,42.44
338,41.48
339,40.68
340,40.69
341,41.7
342,42.67
343,46.32
344,47.58
345,37.69
346,35.01
347,0.01
348,26.42
349,27.45
350,28.72
351,26.11
352,0.0
353,37.35
354,47.2
355,48.71
356,48.77
357,48.22
358,47.83
359,46.0
360,41.52
361,38.96
362,38.63
363,38.55
364,39.73
365,42.0
366,44.05
367,52.81
368,53.41
369,44.23
370,37.64
371,29.82
372,35.84
373,37.67
374,38.12
375,38.08
376,33.76
377,43.13
378,47.94
379,46.57
380,46.2
381,44.3
382,40.97
383,37.54
384,35.33
385,35.11
386,34.82
387,34.49
388,34.49
389,34.84
390,37.78
391,41.68
392,42.18
393,39.32
394,38.04
395,37.85
396,37.37
397,35.97
398,36.41
399,35.9
400,36.97
401,38.95
402,45.53
403,49.88
404,50.29
405,48.24
406,45.42
407,41.87
408,39.98
409,39.39
410,39.36
411,39.32
412,38.79
413,38.76
414,42.01
415,50.96
416,56.59
417,44.15
418,34.2
419,33.3
420,30.87
421,30.68
422,28.62
423,24.8
424,28.76
425,42.22
426,50.13
427,49.98
428,50.25
429,50.03
430,48.27
431,45.62
432,42.09
433,41.41
434,40.8
435,40.79
436,40.8
437,43.76
438,48.18
439,50.63
440,56.26
441,46.84
442,40.56
443,38.29
444,37.92
445,37.9
446,37.88
447,37.77
448,38.55
449,44.26
450,54.73
451,58.98
452,55.7
453,52.94
454,52.88
455,47.52
456,43.58
457,43.18
458,43.15
459,43.16
460,43.17
461,44.36
462,48.65
463,55.28
464,137.96
465,57.15
466,52.32
467,47.64
468,44.98
469,44.59
470,44.82
471,44.11
472,44.79
473,48.16
474,56.17
475,55.67
476,54.49
477,52.0
478,48.59
479,45.57
480,43.27
481,40.03
482,39.16
483,38.25
484,37.92
485,38.19
486,38.83
487,40.36
488,43.47
489,43.11
490,38.01
491,38.0
492,38.48
493,37.13
494,36.03
495,34.13
496,33.69
497,40.92
498,51.61
499,51.13
500,49.9
501,49.43
502,45.15
503,41.23
504,38.54
505,37.05
506,36.48
507,36.05
508,35.98
509,36.05
510,36.47
511,37.9
512,38.23
513,35.98
514,36.22
515,36.77
516,36.16
517,36.07
518,36.07
519,0.0
520,33.99
521,38.55
522,46.07
523,49.15
524,46.71
525,45.11
526,39.09
527,37.26
528,35.37
529,34.97
530,34.93
531,34.47
532,34.69
533,35.21
534,37.81
535,44.07
536,45.45
537,40.97
538,39.83
539,38.75
540,38.16
541,38.09
542,38.15
543,37.86
544,38.34
545,41.36
546,48.55
547,51.87
548,49.95
549,47.35
550,40.13
551,37.81
552,35.2
553,35.49
554,35.47
555,35.62
556,35.76
557,37.44
558,39.15
559,46.76
560,53.72
561,43.67
562,38.9
563,38.35
564,37.82
565,36.34
566,35.97
567,35.77
568,36.76
569,38.86
570,53.22
571,58.91
572,60.01
573,52.81
574,50.59
575,47.67
576,42.52
577,39.8
578,39.77
579,39.47
580,39.69
581,41.19
582,45.0
583,52.28
584,56.75
585,44.44
586,36.88
587,36.77
588,37.65
589,38.01
590,37.97
591,37.2
592,39.65
593,46.8
594,54.21
595,57.41
596,56.31
597,52.77
598,46.37
599,42.98
600,39.1
601,38.34
602,38.24
603,38.21
604,38.23
605,38.53
606,41.73
607,46.87
608,49.27
609,44.07
610,43.31
611,42.99
612,42.71
613,39.19
614,39.29
615,39.53
616,41.77
617,45.03
618,52.7
619,87.54
620,70.77
621,52.89
622,44.18
623,39.51
624,38.11
625,35.33
626,35.17
627,35.13
628,34.83
629,34.87
630,37.54
631,41.99
632,48.98
633,40.13
634,35.17
635,34.27
636,30.02
637,30.89
638,29.81
639,29.51
640,29.57
641,35.22
642,45.03
643,52.02
644,43.51
645,43.15
646,41.53
647,39.12
648,38.28
649,36.99
650,35.67
651,35.26
652,35.26
653,36.99
654,38.93
655,39.93
656,41.65
657,35.52
658,0.0
659,0.0
660,27.21
661,25.57
662,23.08
663,0.0
664,0.0
665,30.02
666,42.01
667,44.49
668,42.93
669,42.14
670,40.95
671,38.4
672,36.84
673,34.97
674,34.78
675,34.64
676,34.89
677,35.31
678,37.11
679,39.43
680,38.94
681,32.85
682,29.69
683,30.09
684,29.58
685,27.36
686,26.2
687,1.6
688,26.76
689,34.14
690,43.78
691,46.76
692,65.74
693,49.36
694,45.21
695,44.43
696,39.11
697,39.02
698,38.51
699,38.47
700,38.66
701,40.27
702,48.06
703,77.46
704,56.94
705,44.44
706,37.51
707,35.95
708,32.87
709,30.01
710,29.58
711,0.01
712,0.0
713,35.41
714,44.83
715,57.34
716,75.1
717,45.88
718,42.06
719,38.17
720,37.05
721,34.98
722,34.7
723,34.68
724,34.69
725,36.85
726,40.08
727,45.85
728,44.46
729,33.55
730,0.0
731,0.0
732,0.01
733,30.7
734,29.94
735,29.93
736,26.76
737,33.44
738,41.2
739,41.83
740,42.87
741,41.22
742,38.42
743,35.33
744,33.53
745,33.11
746,34.25
747,34.72
748,35.13
749,37.52
750,38.95
751,43.92
752,52.78
753,46.34
754,37.63
755,36.87
756,36.78
757,36.82
758,35.46
759,36.04
760,36.56
761,39.71
762,50.55
763,57.19
764,55.32
765,51.66
766,48.95
767,45.26
768,41.57
769,39.67
770,39.48
771,39.47
772,39.61
773,40.85
774,45.12
775,50.94
776,57.24
777,44.07
778,37.87
779,35.43
780,33.52
781,33.25
782,32.16
783,30.96
784,31.37
785,37.37
786,48.49
787,47.52
788,47.78
789,47.31
790,44.69
791,41.56
792,39.07
793,38.24
794,38.02
795,38.14
796,38.03
797,38.98
798,42.44
799,53.76
800,82.3
801,41.97
802,37.87
803,37.88
804,37.73
805,36.7
806,34.96
807,34.88
808,36.45
809,39.11
810,46.96
811,49.0
812,46.62
813,44.96
814,42.83
815,41.17
816,37.94
817,37.03
818,36.62
819,36.56
820,36.45
821,37.03
822,37.74
823,38.83
824,39.37
825,38.79
826,38.71
827,37.17
828,33.87
829,31.86
830,28.49
831,0.01
832,0.01
833,35.62
834,45.83
835,48.43
836,46.3
837,44.36
838,42.71
839,38.6
840,37.33
841,34.98
842,34.02
843,33.96
844,34.0
845,34.01
846,35.05
847,37.05
848,37.63
849,34.44
850,32.62
851,32.28
852,32.66
853,32.65
854,32.4
855,31.6
856,31.62
857,34.03
858,44.62
859,64.22
860,52.79
861,47.36
862,45.89
863,44.78
864,41.15
865,38.77
866,38.54
867,38.41
868,38.74
869,39.76
870,43.83
871,51.91
872,58.73
873,41.65
874,38.37
875,37.6
876,35.9
877,35.42
878,33.93
879,30.62
880,32.14
881,34.11
882,42.88
883,50.71
884,51.71
885,43.87
886,40.44
887,38.53
888,37.22
889,37.0
890,37.03
891,37.24
892,37.37
893,38.12
894,42.48
895,49.83
896,55.52
897,40.55
898,39.92
899,37.53
900,37.56
901,36.68
902,36.16
903,36.61
904,36.86
905,38.31
906,48.41
907,52.01
908,65.07
909,49.2
910,47.37
911,42.36
912,38.86
913,38.45
914,38.4
915,38.39
916,38.98
917,41.49
918,47.01
919,53.18
920,56.88
921,47.97
922,40.32
923,38.2
924,38.62
925,39.28
926,39.08
927,37.42
928,35.82
929,39.05
930,55.11
931,62.99
932,55.21
933,54.98
934,51.26
935,45.81
936,41.4
937,39.06
938,38.8
939,38.62
940,38.69
941,40.2
942,45.26
943,54.89
944,54.47
945,38.5
946,35.16
947,34.58
948,33.5
949,31.93
950,30.27
951,29.08
952,28.79
953,34.85
954,48.51
955,49.38
956,53.61
957,49.51
958,48.87
959,44.0
960,39.24
961,38.8
962,38.68
963,38.66
964,38.66
965,41.75
966,48.05
967,55.35
968,55.1
969,50.64
970,43.78
971,42.35
972,39.25
973,38.55
974,38.74
975,38.73
976,39.2
977,45.56
978,50.18
979,52.45
980,49.76
981,48.47
982,45.62
983,40.92
984,38.48
985,37.95
986,36.86
987,36.88
988,37.27
989,37.2
990,38.44
991,40.61
992,41.81
993,32.58
994,35.16
995,33.15
996,33.14
997,32.98
998,32.24
999,32.83
1000,35.01
1001,37.61
1002,47.04
1003,50.67
1004,51.22
1005,51.16
1006,52.05
1007,49.09
1008,44.31
1009,42.53
1010,42.11
1011,42.0
1012,42.09
1013,42.48
1014,43.58
1015,48.1
1016,45.75
1017,35.32
1018,32.83
1019,29.55
1020,0.0
1021,0.0
1022,0.0
1023,0.0
1024,0.0
1025,0.01
1026,44.07
1027,48.7
1028,48.61
1029,46.35
1030,44.22
1031,43.16
1032,41.42
1033,39.77
1034,39.72
1035,39.94
1036,41.86
1037,42.88
1038,52.61
1039,63.65
1040,48.7
1041,37.71
1042,34.49
1043,36.61
1044,34.77
1045,33.79
1046,34.19
1047,35.18
1048,38.24
1049,39.73
1050,47.24
1051,49.01
1052,51.55
1053,49.43
1054,46.58
1055,44.18
1056,40.99
1057,39.2
1058,39.08
1059,39.28
1060,39.0
1061,41.55
1062,45.41
1063,50.2
1064,51.91
1065,47.74
1066,44.44
1067,44.96
1068,42.14
1069,39.87
1070,38.84
1071,39.19
1072,39.21
1073,39.17
1074,46.73
1075,47.75
1076,45.96
1077,45.29
1078,43.06
1079,39.02
1080,37.59
1081,37.3
1082,37.25
1083,37.22
1084,37.23
1085,38.11
1086,42.21
1087,52.21
1088,56.93
1089,39.84
1090,33.53
1091,32.88
1092,31.78
1093,33.4
1094,33.43
1095,31.72
1096,36.15
1097,38.25
1098,47.53
1099,55.31
1100,60.12
1101,46.14
1102,42.78
1103,38.28
1104,36.92
1105,35.22
1106,35.07
1107,35.05
1108,35.07
1109,36.76
1110,38.74
1111,44.74
1112,47.35
1113,37.42
1114,42.04
1115,40.71
1116,38.05
1117,37.82
1118,37.39
1119,32.15
1120,0.01
1121,32.64
1122,46.36
1123,47.14
1124,59.85
1125,45.48
1126,42.65
1127,38.6
1128,37.05
1129,35.12
1130,35.1
1131,35.1
1132,35.75
1133,37.75
1134,40.3
1135,50.05
1136,89.2
1137,33.74
1138,29.15
1139,30.91
1140,29.76
1141,29.56
1142,29.8
1143,28.86
1144,29.52
1145,32.37
1146,39.27
1147,46.84
1148,46.27
1149,41.96
1150,39.21
1151,37.88
1152,37.42
1153,36.66
1154,35.68
1155,35.65
1156,35.9
1157,36.62
1158,37.71
1159,38.64
1160,37.94
1161,34.3
1162,30.11
1163,26.55
1164,24.86
1165,24.69
1166,24.78
1167,1.3
1168,0.0
1169,29.08
1170,43.01
1171,49.74
1172,49.3
1173,45.09
1174,42.49
1175,40.74
1176,38.9
1177,38.24
1178,38.03
1179,38.25
1180,38.48
1181,38.52
1182,39.09
1183,40.94
1184,43.96
1185,34.06
1186,0.01
1187,0.01
1188,26.36
1189,0.01
1190,0.0
1191,0.0
1192,0.0
1193,28.77
1194,46.09
1195,47.48
1196,49.35
1197,49.16
1198,47.3
1199,45.91
1200,41.83
1201,39.82
1202,38.97
1203,38.9
1204,40.07
1205,43.53
1206,47.91
1207,55.38
1208,49.55
1209,32.45
1210,0.01
1211,26.47
1212,22.47
1213,20.58
1214,1.51
1215,0.0
1216,0.0
1217,30.93
1218,47.69
1219,48.79
1220,51.55
1221,48.76
1222,46.95
1223,42.49
1224,39.02
1225,38.0
1226,37.95
1227,37.95
1228,37.96
1229,38.98
1230,45.57
1231,73.0
1232,48.83
1233,40.05
1234,37.65
1235,35.68
1236,33.9
1237,33.99
1238,33.56
1239,33.95
1240,34.32
1241,36.24
1242,40.96
1243,45.53
1244,55.75
1245,43.95
1246,40.32
1247,38.14
1248,36.99
1249,34.57
1250,33.65
1251,33.65
1252,34.54
1253,36.22
1254,39.78
1255,49.78
1256,44.47
1257,35.09
1258,32.84
1259,33.54
1260,32.84
1261,31.07
1262,30.2
1263,28.85
1264,30.9
1265,33.82
1266,44.03
1267,45.89
1268,45.06
1269,45.26
1270,46.86
1271,43.73
1272,40.32
1273,38.81
1274,38.79
1275,38.08
1276,37.98
1277,38.03
1278,39.58
1279,44.62
1280,43.44
1281,37.47
1282,35.21
1283,34.12
1284,33.16
1285,31.72
1286,32.01
1287,32.49
1288,33.35
1289,37.32
1290,43.45
1291,44.78
1292,45.7
1293,42.76
1294,41.85
1295,38.21
1296,36.05
1297,34.6
1298,34.0
1299,33.92
1300,33.13
1301,33.03
1302,36.26
1303,39.18
1304,39.94
1305,38.13
1306,37.75
1307,36.51
1308,33.79
1309,33.88
1310,33.83
1311,35.1
1312,35.08
1313,38.75
1314,41.43
1315,44.91
1316,54.6
1317,44.74
1318,41.69
1319,38.54
1320,37.52
1321,34.8
1322,34.86
1323,34.55
1324,34.74
1325,35.4
1326,38.12
1327,40.38
1328,38.75
1329,32.4
1330,32.59
1331,29.92
1332,1.71
1333,1.75
1334,1.75
1335,1.74
1336,28.66
1337,32.72
1338,41.52
1339,44.02
1340,46.01
1341,44.61
1342,44.64
1343,44.46
1344,41.64
1345,38.85
1346,38.47
1347,38.46
1348,38.65
1349,38.82
1350,40.15
1351,41.95
1352,36.93
1353,28.18
1354,0.0
1355,0.0
1356,0.0
1357,0.0
1358,0.0
1359,0.0
1360,0.0
1361,0.0
1362,37.73
1363,42.42
1364,57.54
1365,41.25
1366,39.4
1367,38.4
1368,36.92
1369,34.79
1370,34.45
1371,34.51
1372,34.99
1373,37.42
1374,39.9
1375,55.72
1376,41.3
1377,20.73
1378,31.6
1379,29.95
1380,29.44
1381,28.21
1382,29.42
1383,28.5
1384,29.97
1385,32.2
1386,45.59
1387,91.13
1388,64.67
1389,49.6
1390,46.18
1391,40.66
1392,38.59
1393,37.85
1394,37.09
1395,37.14
1396,37.25
1397,37.92
1398,41.51
1399,58.06
1400,43.57
1401,32.97
1402,33.52
1403,32.39
1404,30.12
1405,28.59
1406,26.49
1407,30.02
1408,28.45
1409,29.95
1410,40.98
1411,50.57
1412,50.65
1413,47.97
1414,40.48
1415,38.19
1416,35.97
1417,33.51
1418,32.79
1419,32.78
1420,32.79
1421,33.37
1422,37.64
1423,39.83
1424,39.82
1425,0.0
1426,34.68
1427,30.32
1428,0.0
1429,0.0
1430,0.0
1431,0.0
1432,0.0
1433,32.82
1434,39.72
1435,41.13
1436,46.69
1437,40.93
1438,39.81
1439,36.63
1440,32.75
1441,31.84
1442,31.37
1443,31.12
1444,31.38
1445,32.0
1446,37.66
1447,42.1
1448,44.07
1449,38.1
1450,34.34
1451,34.17
1452,32.47
1453,32.24
1454,32.15
1455,31.36
1456,32.33
1457,36.2
1458,47.33
1459,49.52
1460,58.95
1461,45.79
1462,45.08
1463,39.88
1464,37.53
1465,35.67
1466,34.23
1467,34.11
1468,34.12
1469,36.34
1470,39.0
1471,41.64
1472,43.84
1473,41.31
1474,39.76
1475,38.25
1476,37.5
1477,36.92
1478,36.57
1479,32.63
1480,32.68
1481,37.3
1482,40.15
1483,43.08
1484,41.16
1485,39.82
1486,37.88
1487,36.93
1488,32.38
1489,31.54
1490,31.12
1491,31.12
1492,31.11
1493,31.22
1494,31.51
1495,32.94
1496,33.71
1497,31.96
1498,32.42
1499,31.23
1500,29.28
1501,29.62
1502,28.94
1503,29.39
1504,29.9
1505,32.35
1506,37.96
1507,40.44
1508,40.53
1509,42.33
1510,46.53
1511,43.29
1512,41.93
1513,41.83
1514,39.69
1515,39.61
1516,39.42
1517,40.15
1518,42.8
1519,46.81
1520,43.1
1521,35.13
1522,30.96
1523,29.85
1524,28.71
1525,27.38
1526,27.97
1527,28.01
1528,27.79
1529,32.82
1530,39.6
1531,48.32
1532,54.06
1533,50.12
1534,50.67
1535,45.57
1536,41.23
1537,37.68
1538,37.66
1539,38.08
1540,38.53
1541,41.56
1542,48.52
1543,206.19
1544,53.16
1545,38.87
1546,30.39
1547,29.53
1548,29.5
1549,28.02
1550,26.52
1551,0.01
1552,0.0
1553,0.01
1554,43.03
1555,57.36
1556,108.39
1557,54.42
1558,50.18
1559,44.18
1560,41.46
1561,38.59
1562,38.54
1563,38.5
1564,38.54
1565,39.95
1566,48.51
1567,51.07
1568,39.67
1569,32.25
1570,27.18
1571,0.0
1572,0.0
1573,0.0
1574,0.0
1575,0.0
1576,0.0
1577,0.0
1578,37.44
1579,42.49
1580,49.96
1581,48.28
1582,41.05
1583,37.54
1584,36.54
1585,34.31
1586,34.09
1587,34.08
1588,34.23
1589,36.74
1590,38.87
1591,49.52
1592,38.25
1593,27.29
1594,0.0
1595,0.0
1596,1.55
1597,1.49
1598,1.48
1599,26.67
1600,28.41
1601,29.08
1602,38.22
1603,42.95
1604,41.52
1605,40.79
1606,38.54
1607,36.62
1608,32.27
1609,31.63
1610,31.17
1611,31.16
1612,31.16
1613,31.95
1614,36.32
1615,37.73
1616,38.9
1617,33.63
1618,32.28
1619,32.39
1620,31.6
1621,29.82
1622,29.23
1623,26.53
1624,0.0
1625,0.0
1626,38.11
1627,44.97
1628,73.05
1629,43.5
1630,40.99
1631,37.34
1632,37.09
1633,33.71
1634,32.23
1635,32.2
1636,32.24
1637,33.01
1638,38.23
1639,44.98
1640,44.04
1641,33.29
1642,29.66
1643,28.35
1644,26.76
1645,27.21
1646,0.0
1647,0.0
1648,0.0
1649,0.01
1650,39.28
1651,46.68
1652,47.03
1653,47.35
1654,45.6
1655,42.2
1656,39.49
1657,38.29
1658,37.7
1659,37.65
1660,37.66
1661,38.16
1662,41.34
1663,42.68
1664,32.32
1665,0.0
1666,0.0
1667,0.0
1668,0.0
1669,0.0
1670,0.0
1671,0.0
1672,0.0
1673,0.0
1674,32.91
1675,42.5
1676,46.37
1677,41.47
1678,40.85
1679,40.66
1680,38.03
1681,37.34
1682,36.56
1683,36.56
1684,37.1
1685,38.18
1686,40.14
1687,41.26
1688,31.8
1689,0.0
1690,0.01
1691,1.29
1692,1.31
1693,0.01
1694,0.0
1695,0.0
1696,0.0
1697,25.56
1698,35.35
1699,40.52
1700,41.18
1701,38.72
1702,36.32
1703,35.5
1704,33.0
1705,31.97
1706,31.87
1707,32.1
1708,34.42
1709,37.18
1710,43.97
1711,56.5
1712,42.04
1713,33.04
1714,34.08
1715,32.09
1716,0.01
1717,29.36
1718,29.05
1719,29.33
1720,30.25
1721,35.25
1722,40.54
1723,43.2
1724,42.93
1725,42.29
1726,40.09
1727,36.7
1728,33.21
1729,31.94
1730,31.92
1731,31.91
1732,33.35
1733,37.99
1734,43.41
1735,102.14
1736,38.06
1737,0.01
1738,0.01
1739,22.71
1740,0.01
1741,0.01
1742,0.01
1743,0.01
1744,0.01
1745,0.01
1746,38.0
1747,52.8
1748,54.07
1749,48.19
1750,43.3
1751,33.61
1752,32.68
1753,32.64
1754,32.59
1755,32.12
1756,32.82
1757,37.66
1758,40.44
1759,42.56
1760,30.57
1761,0.01
1762,0.0
1763,0.01
1764,0.01
1765,20.94
1766,0.01
1767,0.0
1768,0.0
1769,27.21
1770,37.01
1771,49.13
1772,44.78
1773,44.47
1774,38.61
1775,34.27
1776,32.47
1777,31.29
1778,30.83
1779,30.64
1780,31.26
1781,34.1
1782,37.1
1783,39.71
1784,33.51
1785,1.74
1786,1.73
1787,25.45
1788,1.69
1789,19.3
1790,1.52
1791,1.45
1792,24.04
1793,31.57
1794,43.79
1795,57.47
1796,59.28
1797,55.76
1798,40.81
1799,37.83
1800,33.72
1801,33.27
1802,33.02
1803,32.84
1804,33.23
1805,37.69
1806,39.25
1807,42.39
1808,36.95
1809,0.01
1810,0.01
1811,0.01
1812,0.01
1813,0.01
1814,0.01
1815,0.01
1816,26.42
1817,31.84
1818,42.18
1819,46.45
1820,45.48
1821,42.89
1822,38.8
1823,36.7
1824,35.11
1825,33.96
1826,33.62
1827,33.12
1828,33.11
1829,34.83
1830,35.82
1831,36.35
1832,28.9
1833,0.0
1834,0.0
1835,0.0
1836,0.0
1837,0.0
1838,0.0
1839,0.0
1840,0.0
1841,0.0
1842,37.18
1843,44.06
1844,39.75
1845,42.82
1846,35.01
1847,32.04
1848,30.46
1849,29.73
1850,29.76
1851,29.57
1852,30.68
1853,30.89
1854,31.67
1855,31.94
1856,30.37
1857,28.96
1858,28.15
1859,26.65
1860,21.14
1861,0.0
1862,0.0
1863,0.0
1864,0.0
1865,0.0
1866,36.11
1867,52.39
1868,42.96
1869,42.46
1870,37.13
1871,33.49
1872,32.03
1873,31.77
1874,31.67
1875,31.69
1876,32.0
1877,36.37
1878,39.12
1879,41.39
1880,32.26
1881,25.69
1882,0.01
1883,1.42
1884,25.85
1885,27.81
1886,27.82
1887,26.66
1888,30.09
1889,36.29
1890,43.43
1891,59.74
1892,45.15
1893,43.44
1894,37.7
1895,34.39
1896,31.95
1897,31.45
1898,31.09
1899,31.18
1900,31.39
1901,36.14
1902,37.19
1903,38.58
1904,34.93
1905,26.66
1906,22.54
1907,23.03
1908,22.81
1909,26.11
1910,10.09
1911,10.04
1912,22.17
1913,32.62
1914,40.58
1915,46.91
1916,41.38
1917,43.56
1918,37.89
1919,33.83
1920,31.74
1921,31.7
1922,31.66
1923,31.3
1924,31.68
1925,35.52
1926,37.22
1927,38.24
1928,35.02
1929,31.82
1930,31.83
1931,32.2
1932,31.89
1933,31.81
1934,31.38
1935,30.8
1936,32.3
1937,36.14
1938,46.7
1939,46.55
1940,46.58
1941,46.8
1942,38.94
1943,36.62
1944,33.39
1945,32.59
1946,31.53
1947,31.49
1948,31.85
1949,36.15
1950,37.33
1951,37.98
1952,33.12
1953,31.29
1954,30.38
1955,30.27
1956,30.69
1957,31.36
1958,31.95
1959,32.66
1960,33.5
1961,33.9
1962,44.8
1963,56.66
1964,62.18
1965,56.2
1966,46.66
1967,44.48
1968,38.66
1969,37.56
1970,36.61
1971,37.02
1972,37.9
1973,40.39
1974,44.83
1975,46.26
1976,43.34
1977,35.98
1978,36.48
1979,37.03
1980,35.74
1981,37.36
1982,36.02
1983,37.13
1984,37.51
1985,37.34
1986,39.99
1987,50.86
1988,60.83
1989,48.2
1990,44.84
1991,38.58
1992,37.56
1993,35.83
1994,35.27
1995,34.28
1996,34.23
1997,34.62
1998,36.31
1999,37.38
2000,35.42
2001,31.76
2002,31.31
2003,28.77
2004,29.16
2005,29.14
2006,29.14
2007,30.08
2008,29.12
2009,30.92
2010,36.72
2011,51.91
2012,44.69
2013,43.05
2014,37.76
2015,36.88
2016,35.65
2017,34.52
2018,33.65
2019,34.24
2020,34.36
2021,34.67
2022,36.01
2023,36.83
2024,31.44
2025,0.01
2026,0.0
2027,0.0
2028,0.0
2029,0.0
2030,0.0
2031,0.0
2032,0.0
2033,0.01
2034,32.19
2035,44.77
2036,40.16
2037,40.15
2038,36.17
2039,32.03
2040,31.26
2041,30.87
2042,30.74
2043,31.1
2044,31.97
2045,36.44
2046,38.87
2047,42.86
2048,32.4
2049,0.0
2050,0.0
2051,0.01
2052,0.0
2053,0.0
2054,0.0
2055,0.0
2056,0.0
2057,0.0
2058,35.61
2059,53.37
2060,51.93
2061,46.46
2062,38.6
2063,34.9
2064,33.67
2065,32.83
2066,32.82
2067,33.31
2068,35.17
2069,39.7
2070,57.18
2071,45.15
2072,30.67
2073,0.0
2074,1.83
2075,1.87
2076,0.0
2077,0.0
2078,0.0
2079,0.0
2080,0.0
2081,0.0
2082,33.27
2083,54.88
2084,53.73
2085,52.46
2086,37.81
2087,34.26
2088,32.62
2089,32.02
2090,31.99
2091,31.99
2092,33.37
2093,36.43
2094,41.1
2095,39.8
2096,26.5
2097,0.0
2098,0.0
2099,0.01
2100,0.0
2101,0.0
2102,0.0
2103,0.0
2104,0.0
2105,0.0
2106,32.56
2107,48.93
2108,43.99
2109,41.7
2110,38.56
2111,36.33
2112,32.03
2113,31.82
2114,31.69
2115,31.69
2116,32.0
2117,36.04
2118,39.15
2119,38.93
2120,27.84
2121,0.01
2122,0.01
2123,0.01
2124,0.01
2125,0.01
2126,0.01
2127,0.01
2128,0.01
2129,0.01
2130,36.47
2131,42.02
2132,41.98
2133,42.14
2134,37.58
2135,36.12
2136,32.28
2137,32.22
2138,32.98
2139,32.93
2140,33.02
2141,36.13
2142,37.75
2143,44.26
2144,43.39
2145,35.79
2146,34.97
2147,34.84
2148,34.6
2149,35.43
2150,33.96
2151,33.84
2152,34.02
2153,37.98
2154,46.11
2155,74.27
2156,55.66
2157,52.33
2158,44.6
2159,37.42
2160,35.71
2161,30.59
2162,28.59
2163,28.58
2164,28.89
2165,29.65
2166,31.07
2167,32.9
2168,30.11
2169,30.89
2170,28.13
2171,26.55
2172,25.72
2173,22.46
2174,21.72
2175,1.38
2176,0.0
2177,1.27
2178,34.31
2179,48.04
2180,37.73
2181,36.43
2182,36.45
2183,32.55
2184,30.96
2185,28.98
2186,28.85
2187,28.56
2188,28.29
2189,28.57
2190,30.1
2191,27.97
2192,23.89
2193,0.01
2194,0.0
2195,0.0
2196,0.0
2197,0.0
2198,1.53
2199,23.84
2200,24.41
2201,27.27
2202,36.29
2203,43.42
2204,40.78
2205,39.06
2206,34.92
2207,28.98
2208,28.26
2209,28.22
2210,27.86
2211,27.86
2212,28.76
2213,33.38
2214,37.91
2215,34.04
2216,23.78
2217,0.0
2218,0.0
2219,0.0
2220,0.0
2221,0.0
2222,0.0
2223,0.0
2224,0.0
2225,0.0
2226,29.37
2227,46.33
2228,41.25
2229,36.15
2230,36.4
2231,29.94
2232,29.16
2233,29.31
2234,29.12
2235,29.13
2236,30.17
2237,34.48
2238,38.21
2239,37.87
2240,26.79
2241,26.0
2242,21.16
2243,21.0
2244,24.86
2245,24.52
2246,24.68
2247,26.0
2248,28.9
2249,33.35
2250,42.83
2251,54.21
2252,50.66
2253,45.74
2254,36.21
2255,30.54
2256,29.61
2257,28.87
2258,28.42
2259,28.64
2260,28.97
2261,33.98
2262,35.9
2263,34.15
2264,22.86
2265,15.45
2266,0.01
2267,0.0
2268,0.0
2269,0.0
2270,0.0
2271,0.0
2272,0.0
2273,0.0
2274,26.94
2275,48.9
2276,47.38
2277,37.97
2278,34.0
2279,29.39
2280,28.63
2281,28.51
2282,28.31
2283,28.31
2284,28.98
2285,33.16
2286,38.47
2287,36.35
2288,1.41
2289,0.0
2290,0.0
2291,0.0
2292,0.0
2293,0.0
2294,0.0
2295,0.0
2296,0.0
2297,0.0
2298,26.38
2299,44.91
2300,44.97
2301,44.94
2302,38.03
2303,33.39
2304,28.92
2305,29.18
2306,29.1
2307,29.16
2308,29.47
2309,35.1
2310,38.44
2311,32.68
2312,0.0
2313,0.0
2314,0.0
2315,0.0
2316,0.0
2317,0.0
2318,0.0
2319,0.0
2320,0.0
2321,0.0
2322,25.16
2323,45.32
2324,45.39
2325,44.67
2326,38.3
2327,33.54
2328,29.99
2329,29.25
2330,29.25
2331,29.25
2332,30.78
2333,31.81
2334,33.58
2335,28.08
2336,0.0
2337,0.0
2338,0.0
2339,0.0
2340,0.0
2341,0.0
2342,0.0
2343,0.0
2344,0.0
2345,0.01
2346,28.04
2347,47.94
2348,48.48
2349,46.11
2350,39.09
2351,31.34
2352,28.98
2353,28.53
2354,28.5
2355,28.49
2356,28.5
2357,28.81
2358,28.9
2359,26.35
2360,0.0
2361,0.0
2362,0.0
2363,0.0
2364,0.0
2365,0.0
2366,0.0
2367,0.0
2368,0.0
2369,0.0
2370,26.17
2371,42.03
2372,43.18
2373,41.81
2374,39.13
2375,30.2
2376,28.71
2377,28.9
2378,28.6
2379,28.73
2380,31.58
2381,36.17
2382,63.82
2383,36.1
2384,0.0
2385,0.0
2386,0.0
2387,0.0
2388,0.0
2389,0.0
2390,0.0
2391,0.0
2392,0.0
2393,0.0
2394,25.75
2395,44.53
2396,38.5
2397,35.29
2398,30.31
2399,29.01
2400,28.51
2401,28.06
2402,28.05
2403,28.07
2404,29.13
2405,33.96
2406,41.19
2407,39.35
2408,26.69
2409,20.55
2410,17.18
2411,17.28
2412,18.87
2413,22.85
2414,23.98
2415,24.44
2416,26.04
2417,27.25
2418,34.9
2419,49.27
2420,48.24
2421,46.14
2422,35.43
2423,32.8
2424,30.63
2425,32.03
2426,31.65
2427,31.66
2428,34.19
2429,37.88
2430,52.86
2431,35.25
2432,23.3
2433,0.0
2434,0.0
2435,0.0
2436,1.19
2437,0.01
2438,0.01
2439,0.0
2440,0.0
2441,0.0
2442,26.96
2443,49.61
2444,83.65
2445,55.39
2446,46.48
2447,38.99
2448,36.87
2449,35.94
2450,35.91
2451,35.93
2452,36.65
2453,39.84
2454,79.68
2455,37.24
2456,0.7
2457,0.01
2458,0.01
2459,0.01
2460,0.01
2461,0.01
2462,0.01
2463,0.01
2464,0.01
2465,0.01
2466,27.08
2467,61.43
2468,61.41
2469,47.66
2470,43.33
2471,36.11
2472,34.16
2473,34.75
2474,34.27
2475,34.56
2476,37.32
2477,42.11
2478,81.12
2479,38.4
2480,24.29
2481,0.01
2482,0.0
2483,0.0
2484,0.0
2485,0.0
2486,0.0
2487,0.01
2488,1.4
2489,24.68
2490,30.84
2491,74.15
2492,48.76
2493,48.3
2494,40.66
2495,33.23
2496,29.26
2497,28.5
2498,28.33
2499,28.46
2500,28.46
2501,28.65
2502,30.66
2503,30.0
2504,25.66
2505,23.96
2506,1.57
2507,1.54
2508,1.44
2509,1.44
2510,1.3
2511,0.01
2512,1.65
2513,25.29
2514,29.21
2515,45.08
2516,44.98
2517,37.99
2518,29.69
2519,28.67
2520,27.38
2521,26.94
2522,26.58
2523,26.84
2524,27.25
2525,27.88
2526,28.12
2527,24.79
2528,1.57
2529,1.56
2530,1.56
2531,1.44
2532,0.0
2533,1.45
2534,1.41
2535,0.0
2536,23.76
2537,25.99
2538,30.31
2539,43.15
2540,39.44
2541,34.21
2542,29.69
2543,28.66
2544,27.33
2545,26.36
2546,26.31
2547,26.3
2548,27.19
2549,29.0
2550,31.58
2551,29.2
2552,24.49
2553,25.64
2554,24.75
2555,25.76
2556,1.47
2557,26.23
2558,25.12
2559,0.0
2560,26.07
2561,1.47
2562,0.0
2563,42.01
2564,49.27
2565,45.55
2566,41.96
2567,38.53
2568,36.02
2569,35.77
2570,33.75
2571,33.9
2572,35.1
2573,40.78
2574,49.23
2575,39.12
2576,25.93
2577,22.19
2578,0.01
2579,0.01
2580,0.01
2581,0.01
2582,0.01
2583,1.21
2584,0.0
2585,0.0
2586,32.18
2587,45.9
2588,50.01
2589,47.31
2590,37.81
2591,33.28
2592,29.56
2593,28.95
2594,28.94
2595,28.94
2596,29.1
2597,33.47
2598,38.69
2599,32.69
2600,0.0
2601,0.0
2602,0.0
2603,0.0
2604,0.0
2605,0.0
2606,0.0
2607,0.0
2608,28.52
2609,26.41
2610,33.35
2611,44.1
2612,46.37
2613,42.36
2614,37.79
2615,33.44
2616,29.54
2617,28.94
2618,28.93
2619,28.92
2620,28.97
2621,34.12
2622,37.19
2623,36.27
2624,37.97
2625,29.14
2626,28.69
2627,27.04
2628,0.0
2629,0.0
2630,0.0
2631,0.0
2632,0.0
2633,27.66
2634,34.01
2635,53.04
2636,45.16
2637,37.94
2638,35.42
2639,30.73
2640,28.91
2641,28.57
2642,28.21
2643,28.2
2644,28.61
2645,33.31
2646,35.95
2647,32.94
2648,28.83
2649,27.97
2650,28.67
2651,28.62
2652,27.48
2653,27.58
2654,27.48
2655,27.94
2656,28.1
2657,27.49
2658,33.52
2659,40.44
2660,60.95
2661,40.83
2662,38.25
2663,35.47
2664,30.65
2665,27.85
2666,27.83
2667,28.14
2668,29.39
2669,31.04
2670,32.85
2671,27.75
2672,0.01
2673,0.01
2674,0.01
2675,1.3
2676,0.01
2677,0.01
2678,1.26
2679,0.01
2680,0.01
2681,0.01
2682,24.38
2683,42.19
2684,82.69
2685,45.27
2686,41.49
2687,36.45
2688,33.61
2689,31.23
2690,29.0
2691,28.69
2692,28.71
2693,28.73
2694,28.9
2695,27.43
2696,21.7
2697,0.0
2698,0.0
2699,0.0
2700,0.0
2701,0.0
2702,0.0
2703,0.0
2704,0.0
2705,0.0
2706,24.96
2707,36.51
2708,47.42
2709,36.09
2710,35.01
2711,29.38
2712,28.72
2713,28.69
2714,28.68
2715,28.85
2716,31.76
2717,35.17
2718,42.14
2719,31.82
2720,0.01
2721,0.0
2722,0.0
2723,0.0
2724,0.0
2725,0.0
2726,0.0
2727,0.0
2728,0.0
2729,0.0
2730,0.0
2731,38.38
2732,53.14
2733,49.82
2734,41.63
2735,36.63
2736,30.19
2737,31.51
2738,31.5
2739,31.51
2740,33.2
2741,37.82
2742,42.48
2743,26.72
2744,0.01
2745,0.01
2746,0.01
2747,0.01
2748,0.01
2749,0.01
2750,0.01
2751,0.01
2752,0.01
2753,0.01
2754,26.1
2755,41.38
2756,51.78
2757,49.13
2758,40.89
2759,35.77
2760,31.48
2761,30.15
2762,30.17
2763,30.18
2764,34.15
2765,36.3
2766,42.17
2767,37.14
2768,30.02
2769,26.74
2770,25.31
2771,25.68
2772,25.72
2773,25.72
2774,25.72
2775,25.67
2776,29.47
2777,29.82
2778,37.59
2779,49.0
2780,54.06
2781,47.15
2782,39.35
2783,34.5
2784,32.89
2785,31.13
2786,29.87
2787,29.95
2788,30.35
2789,36.29
2790,39.08
2791,36.71
2792,29.14
2793,29.58
2794,25.43
2795,0.0
2796,0.0
2797,0.0
2798,0.0
2799,0.0
2800,0.0
2801,0.0
2802,0.0
2803,37.42
2804,54.15
2805,39.97
2806,38.28
2807,33.05
2808,28.91
2809,28.68
2810,28.67
2811,29.0
2812,29.19
2813,34.8
2814,38.33
2815,27.04
2816,0.0
2817,0.0
2818,0.0
2819,0.0
2820,0.0
2821,0.0
2822,0.0
2823,0.0
2824,0.0
2825,0.0
2826,29.06
2827,37.28
2828,47.24
2829,36.32
2830,35.42
2831,29.17
2832,28.79
2833,28.64
2834,28.31
2835,28.27
2836,28.53
2837,29.05
2838,29.76
2839,28.63
2840,28.77
2841,27.83
2842,28.49
2843,27.21
2844,27.52
2845,26.96
2846,26.94
2847,26.79
2848,27.5
2849,27.98
2850,35.77
2851,44.1
2852,48.9
2853,43.72
2854,40.05
2855,34.36
2856,30.84
2857,28.85
2858,29.18
2859,29.18
2860,28.84
2861,28.89
2862,28.96
2863,24.47
2864,11.93
2865,13.68
2866,1.55
2867,1.41
2868,1.38
2869,0.0
2870,1.38
2871,1.49
2872,25.39
2873,29.09
2874,34.25
2875,44.42
2876,125.88
2877,46.84
2878,42.09
2879,36.68
2880,33.02
2881,32.24
2882,32.36
2883,32.12
2884,33.52
2885,36.44
2886,41.85
2887,42.69
2888,36.16
2889,32.79
2890,31.37
2891,32.64
2892,32.95
2893,32.48
2894,31.68
2895,32.3
2896,34.65
2897,38.55
2898,42.17
2899,47.32
2900,57.03
2901,51.24
2902,44.2
2903,38.25
2904,36.07
2905,31.92
2906,31.54
2907,31.49
2908,31.7
2909,34.11
2910,38.24
2911,35.81
2912,31.7
2913,27.21
2914,0.01
2915,26.0
2916,0.01
2917,28.72
2918,31.71
2919,29.3
2920,31.66
2921,34.52
2922,43.67
2923,60.12
2924,54.8
2925,45.45
2926,42.48
2927,36.59
2928,32.97
2929,31.99
2930,31.26
2931,31.08
2932,31.47
2933,32.87
2934,36.27
2935,32.06
2936,30.41
2937,1.49
2938,0.01
2939,0.0
2940,0.0
2941,0.0
2942,0.0
2943,27.94
2944,23.75
2945,23.74
2946,38.7
2947,56.07
2948,55.12
2949,52.65
2950,42.69
2951,37.64
2952,36.59
2953,33.83
2954,32.46
2955,32.15
2956,32.68
2957,34.03
2958,38.09
2959,28.69
2960,28.16
2961,31.59
2962,32.29
2963,27.49
2964,20.84
2965,30.77
2966,27.12
2967,27.19
2968,29.91
2969,43.4
2970,41.46
2971,58.09
2972,59.26
2973,52.48
2974,45.41
2975,39.86
2976,38.09
2977,35.91
2978,33.73
2979,33.65
2980,33.68
2981,36.68
2982,39.89
2983,37.74
2984,37.88
2985,36.22
2986,33.47
2987,28.76
2988,27.29
2989,27.77
2990,3.86
2991,3.55
2992,28.83
2993,29.24
2994,38.34
2995,52.29
2996,54.22
2997,48.71
2998,44.04
2999,38.52
3000,35.52
3001,33.43
3002,31.93
3003,31.48
3004,31.61
3005,31.76
3006,31.83
3007,31.03
3008,31.21
3009,31.17
3010,29.96
3011,31.83
3012,31.4
3013,26.69
3014,29.94
3015,0.01
3016,0.01
3017,30.16
3018,38.46
3019,42.87
3020,46.16
3021,42.25
3022,37.25
3023,33.83
3024,32.2
3025,31.61
3026,31.01
3027,30.81
3028,30.8
3029,30.81
3030,30.81
3031,27.15
3032,0.01
3033,0.0
3034,0.01
3035,0.01
3036,0.01
3037,29.99
3038,30.44
3039,28.6
3040,30.89
3041,28.4
3042,37.29
3043,209.52
3044,62.4
3045,42.97
3046,37.69
3047,33.51
3048,32.49
3049,31.69
3050,31.48
3051,31.65
3052,32.3
3053,34.99
3054,38.97
3055,36.74
3056,32.59
3057,32.4
3058,32.25
3059,31.53
3060,31.22
3061,32.81
3062,33.0
3063,35.82
3064,37.26
3065,39.52
3066,42.31
3067,62.04
3068,51.7
3069,46.38
3070,41.63
3071,37.56
3072,35.79
3073,33.21
3074,32.5
3075,32.2
3076,32.29
3077,34.74
3078,35.58
3079,33.84
3080,32.29
3081,32.45
3082,29.73
3083,0.0
3084,0.0
3085,0.0
3086,0.0
3087,0.0
3088,0.0
3089,0.0
3090,26.72
3091,43.59
3092,54.45
3093,42.19
3094,41.12
3095,36.35
3096,35.31
3097,33.44
3098,32.73
3099,32.25
3100,32.79
3101,35.06
3102,36.74
3103,28.49
3104,1.52
3105,28.22
3106,30.1
3107,0.0
3108,1.59
3109,1.88
3110,25.41
3111,1.51
3112,1.58
3113,1.51
3114,28.08
3115,43.75
3116,53.0
3117,46.78
3118,40.71
3119,37.77
3120,37.08
3121,35.39
3122,33.04
3123,32.31
3124,33.11
3125,35.1
3126,36.68
3127,26.78
3128,0.0
3129,0.0
3130,0.0
3131,1.08
3132,0.01
3133,3.02
3134,0.01
3135,0.01
3136,0.01
3137,0.01
3138,17.7
3139,40.52
3140,58.89
3141,51.97
3142,43.87
3143,35.4
3144,34.15
3145,32.99
3146,32.77
3147,32.92
3148,33.29
3149,36.99
3150,36.76
3151,26.67
3152,0.0
3153,0.01
3154,0.0
3155,0.0
3156,0.0
3157,1.52
3158,18.32
3159,1.48
3160,0.01
3161,24.66
3162,29.3
3163,42.87
3164,47.03
3165,45.71
3166,40.72
3167,35.13
3168,33.67
3169,32.45
3170,32.27
3171,31.71
3172,31.8
3173,31.95
3174,32.13
3175,28.26
3176,27.26
3177,24.73
3178,22.3
3179,23.84
3180,24.03
3181,24.03
3182,26.5
3183,22.74
3184,22.37
3185,28.15
3186,32.03
3187,40.33
3188,46.89
3189,40.08
3190,39.72
3191,37.1
3192,33.91
3193,31.3
3194,30.95
3195,31.0
3196,31.09
3197,31.26
3198,31.25
3199,27.84
3200,23.63
3201,23.89
3202,0.0
3203,0.0
3204,0.0
3205,0.01
3206,22.49
3207,1.41
3208,0.01
3209,0.0
3210,0.01
3211,38.41
3212,50.25
3213,43.11
3214,44.39
3215,39.79
3216,36.82
3217,35.33
3218,33.59
3219,33.24
3220,34.2
3221,36.93
3222,40.17
3223,29.85
3224,0.01
3225,0.01
3226,0.01
3227,0.01
3228,26.76
3229,27.77
3230,27.79
3231,27.8
3232,27.9
3233,28.0
3234,34.01
3235,44.78
3236,60.83
3237,57.03
3238,46.69
3239,40.47
3240,36.99
3241,36.15
3242,33.27
3243,32.91
3244,33.37
3245,36.21
3246,36.9
3247,27.44
3248,0.0
3249,0.01
3250,0.0
3251,0.0
3252,0.0
3253,0.01
3254,0.01
3255,0.01
3256,27.41
3257,27.61
3258,34.2
3259,49.89
3260,58.2
3261,52.18
3262,43.26
3263,37.35
3264,36.08
3265,32.77
3266,31.86
3267,31.75
3268,32.19
3269,33.6
3270,36.05
3271,27.41
3272,0.0
3273,0.0
3274,0.0
3275,0.0
3276,0.0
3277,0.01
3278,0.01
3279,0.01
3280,0.01
3281,0.01
3282,26.81
3283,42.55
3284,59.64
3285,45.0
3286,41.84
3287,36.42
3288,34.34
3289,32.26
3290,31.54
3291,31.48
3292,32.16
3293,33.97
3294,33.28
3295,26.73
3296,0.0
3297,0.0
3298,0.0
3299,0.0
3300,0.0
3301,0.0
3302,0.01
3303,0.01
3304,0.01
3305,0.01
3306,27.3
3307,40.76
3308,55.83
3309,44.65
3310,40.8
3311,36.25
3312,33.66
3313,32.39
3314,31.85
3315,31.76
3316,32.19
3317,33.84
3318,33.3
3319,27.04
3320,0.0
3321,0.0
3322,0.01
3323,0.01
3324,0.01
3325,0.01
3326,0.01
3327,0.01
3328,0.01
3329,0.01
3330,27.59
3331,44.41
3332,62.64
3333,52.13
3334,43.75
3335,35.9
3336,34.04
3337,33.38
3338,32.4
3339,32.17
3340,32.12
3341,32.66
3342,31.27
3343,1.35
3344,0.0
3345,0.0
3346,0.0
3347,0.0
3348,0.0
3349,0.01
3350,0.01
3351,0.01
3352,0.01
3353,27.93
3354,30.54
3355,48.43
3356,59.99
3357,53.74
3358,46.63
3359,38.09
3360,35.39
3361,32.84
3362,31.82
3363,31.71
3364,31.39
3365,31.41
3366,30.48
3367,0.0
3368,0.0
3369,0.0
3370,0.0
3371,0.0
3372,0.01
3373,0.01
3374,27.66
3375,27.51
3376,30.01
3377,28.31
3378,34.28
3379,45.38
3380,57.37
3381,48.92
3382,46.31
3383,39.94
3384,37.5
3385,36.08
3386,34.61
3387,33.88
3388,33.54
3389,35.39
3390,36.36
3391,32.38
3392,31.21
3393,31.55
3394,27.24
3395,0.01
3396,0.0
3397,28.34
3398,30.01
3399,32.93
3400,34.72
3401,37.42
3402,42.59
3403,48.96
3404,58.93
3405,50.42
3406,43.74
3407,36.4
3408,33.27
3409,32.35
3410,31.41
3411,31.4
3412,31.8
3413,33.09
3414,32.5
3415,26.99
3416,0.0
3417,0.0
3418,0.0
3419,0.01
3420,0.01
3421,0.01
3422,0.01
3423,0.01
3424,0.01
3425,0.01
3426,0.01
3427,49.05
3428,109.01
3429,47.72
3430,42.32
3431,37.72
3432,35.81
3433,34.65
3434,32.83
3435,32.61
3436,33.46
3437,35.53
3438,33.9
3439,27.18
3440,0.01
3441,0.01
3442,0.01
3443,0.01
3444,0.01
3445,0.01
3446,0.01
3447,0.01
3448,0.01
3449,0.01
3450,27.73
3451,38.63
3452,56.72
3453,45.92
3454,43.16
3455,37.22
3456,34.62
3457,31.9
3458,31.46
3459,31.37
3460,31.46
3461,33.13
3462,31.63
3463,27.2
3464,0.0
3465,0.0
3466,0.0
3467,0.0
3468,0.0
3469,0.0
3470,0.0
3471,0.01
3472,6.87
3473,1.64
3474,27.48
3475,47.85
3476,108.93
3477,52.48
3478,47.61
3479,41.53
3480,37.41
3481,33.33
3482,32.01
3483,31.95
3484,32.65
3485,35.13
3486,36.64
3487,32.52
3488,27.72
3489,29.21
3490,30.7
3491,30.79
3492,35.36
3493,33.67
3494,34.33
3495,37.52
3496,42.59
3497,43.05
3498,44.92
3499,52.65
3500,63.51
3501,56.03
3502,47.3
3503,40.23
3504,37.49
3505,35.38
3506,33.5
3507,32.19
3508,32.18
3509,32.16
3510,31.91
3511,29.8
3512,29.64
3513,30.51
3514,27.79
3515,29.86
3516,31.21
3517,0.01
3518,27.19
3519,28.58
3520,28.45
3521,28.61
3522,43.48
3523,52.98
3524,58.44
3525,55.35
3526,47.55
3527,40.47
3528,36.94
3529,35.56
3530,33.45
3531,32.05
3532,32.07
3533,31.99
3534,31.09
3535,27.95
3536,1.49
3537,28.14
3538,0.0
3539,0.0
3540,0.01
3541,0.01
3542,0.01
3543,0.01
3544,27.22
3545,27.56
3546,31.57
3547,104.16
3548,110.2
3549,51.14
3550,43.13
3551,38.22
3552,36.36
3553,33.64
3554,31.82
3555,31.19
3556,31.16
3557,31.15
3558,28.76
3559,1.45
3560,0.0
3561,0.0
3562,0.0
3563,0.0
3564,0.01
3565,27.14
3566,27.23
3567,28.67
3568,45.01
3569,32.22
3570,41.27
3571,52.75
3572,61.21
3573,57.81
3574,47.07
3575,42.34
3576,39.7
3577,38.59
3578,37.75
3579,35.82
3580,35.6
3581,37.32
3582,37.45
3583,32.98
3584,29.16
3585,29.16
3586,33.27
3587,31.94
3588,32.47
3589,37.55
3590,37.85
3591,31.89
3592,27.91
3593,0.01
3594,41.55
3595,53.29
3596,62.82
3597,50.05
3598,44.92
3599,39.01
3600,37.19
3601,36.37
3602,35.94
3603,35.15
3604,36.2
3605,37.47
3606,36.77
3607,28.47
3608,0.01
3609,18.48
3610,0.0
3611,27.69
3612,23.35
3613,22.88
3614,25.16
3615,27.52
3616,29.31
3617,31.54
3618,38.24
3619,43.09
3620,59.23
3621,46.83
3622,43.9
3623,38.87
3624,36.38
3625,35.8
3626,34.12
3627,34.92
3628,34.64
3629,36.46
3630,36.23
3631,36.63
3632,34.5
3633,31.81
3634,31.06
3635,31.72
3636,32.28
3637,32.4
3638,34.3
3639,37.13
3640,40.47
3641,42.73
3642,42.81
3643,47.11
3644,57.4
3645,44.88
3646,41.46
3647,37.79
3648,36.53
3649,33.91
3650,33.21
3651,32.58
3652,33.42
3653,36.49
3654,37.69
3655,35.56
3656,35.35
3657,34.56
3658,34.28
3659,33.94
3660,33.76
3661,33.75
3662,32.71
3663,32.68
3664,35.15
3665,37.21
3666,32.11
3667,39.72
3668,56.79
3669,45.48
3670,42.53
3671,39.08
3672,37.5
3673,35.26
3674,33.77
3675,33.07
3676,32.41
3677,31.89
3678,28.55
3679,0.0
3680,0.0
3681,0.0
3682,0.0
3683,0.0
3684,0.0
3685,0.0
3686,0.0
3687,0.0
3688,0.0
3689,0.0
3690,23.89
3691,40.4
3692,207.02
3693,57.0
3694,47.18
3695,43.05
3696,38.44
3697,35.6
3698,35.36
3699,31.98
3700,32.95
3701,31.73
3702,29.2
3703,0.0
3704,0.0
3705,0.0
3706,0.0
3707,0.0
3708,0.0
3709,0.0
3710,1.53
3711,26.33
3712,29.72
3713,31.71
3714,33.16
3715,45.78
3716,51.19
3717,46.62
3718,41.7
3719,36.96
3720,37.45
3721,35.22
3722,32.74
3723,33.05
3724,33.61
3725,36.29
3726,38.13
3727,34.81
3728,32.17
3729,32.06
3730,31.51
3731,30.69
3732,30.61
3733,30.51
3734,32.0
3735,32.45
3736,31.12
3737,30.02
3738,32.36
3739,43.29
3740,56.87
3741,50.43
3742,46.84
3743,40.34
3744,37.45
3745,36.53
3746,33.97
3747,33.93
3748,35.09
3749,37.67
3750,38.06
3751,31.73
3752,28.54
3753,28.59
3754,26.34
3755,12.54
3756,29.1
3757,29.12
3758,32.8
3759,31.76
3760,32.59
3761,32.52
3762,40.34
3763,44.43
3764,48.73
3765,44.96
3766,42.77
3767,38.76
3768,35.36
3769,33.91
3770,32.22
3771,32.12
3772,33.64
3773,37.05
3774,34.88
3775,28.61
3776,25.92
3777,22.09
3778,24.69
3779,26.49
3780,27.6
3781,1.65
3782,28.56
3783,28.64
3784,29.41
3785,28.59
3786,28.99
3787,42.94
3788,56.08
3789,48.05
3790,44.25
3791,38.12
3792,36.59
3793,33.93
3794,33.18
3795,33.08
3796,33.67
3797,35.94
3798,33.53
3799,26.15
3800,19.56
3801,23.62
3802,23.66
3803,26.1
3804,26.4
3805,27.22
3806,29.38
3807,30.09
3808,30.92
3809,30.69
3810,34.02
3811,46.98
3812,59.94
3813,52.42
3814,46.08
3815,41.17
3816,38.7
3817,36.17
3818,35.29
3819,33.46
3820,33.81
3821,35.88
3822,33.82
3823,28.61
3824,1.42
3825,25.49
3826,26.16
3827,28.49
3828,29.31
3829,30.16
3830,31.11
3831,32.79
3832,33.59
3833,33.92
3834,36.45
3835,45.74
3836,53.13
3837,48.64
3838,44.29
3839,38.23
3840,34.63
3841,33.38
3842,31.31
3843,31.17
3844,31.16
3845,31.16
3846,29.8
3847,0.0
3848,0.0
3849,0.0
3850,0.0
3851,0.01
3852,0.01
3853,0.01
3854,0.01
3855,29.15
3856,29.65
3857,29.13
3858,31.65
3859,43.86
3860,57.45
3861,45.66
3862,43.89
3863,40.62
3864,36.9
3865,33.78
3866,31.3
3867,30.95
3868,30.92
3869,30.76
3870,29.71
3871,0.0
3872,0.0
3873,0.0
3874,0.0
3875,0.01
3876,0.01
3877,0.01
3878,29.06
3879,29.35
3880,31.02
3881,40.32
3882,41.91
3883,48.59
3884,74.64
3885,48.5
3886,46.0
3887,41.91
3888,37.46
3889,35.14
3890,34.04
3891,33.76
3892,34.1
3893,35.49
3894,37.78
3895,40.38
3896,36.28
3897,43.41
3898,45.69
3899,39.96
3900,37.6
3901,42.38
3902,44.24
3903,37.72
3904,39.69
3905,43.25
3906,46.9
3907,47.64
3908,62.41
3909,50.52
3910,46.59
3911,42.13
3912,37.53
3913,35.76
3914,34.11
3915,33.99
3916,34.37
3917,35.47
3918,32.42
3919,0.0
3920,0.0
3921,0.0
3922,0.01
3923,18.83
3924,20.14
3925,24.2
3926,22.24
3927,25.81
3928,29.0
3929,29.79
3930,29.17
3931,45.29
3932,115.85
3933,52.52
3934,46.65
3935,40.45
3936,35.74
3937,32.59
3938,31.01
3939,31.02
3940,31.31
3941,32.92
3942,28.75
3943,0.01
3944,21.62
3945,25.21
3946,22.32
3947,22.65
3948,21.51
3949,28.39
3950,29.59
3951,29.8
3952,32.79
3953,33.32
3954,39.83
3955,41.99
3956,105.33
3957,46.35
3958,39.85
3959,36.33
3960,33.92
3961,31.94
3962,30.98
3963,30.86
3964,31.02
3965,32.52
3966,30.6
3967,0.01
3968,0.0
3969,0.0
3970,0.0
3971,0.01
3972,0.01
3973,0.01
3974,29.04
3975,29.22
3976,29.11
3977,29.76
3978,31.47
3979,48.31
3980,57.66
3981,47.47
3982,41.51
3983,37.76
3984,35.59
3985,34.08
3986,33.69
3987,33.53
3988,32.24
3989,34.72
3990,33.52
3991,29.71
3992,29.38
3993,29.94
3994,30.98
3995,31.67
3996,34.52
3997,34.76
3998,37.49
3999,38.6
4000,38.37
4001,39.25
4002,41.83
4003,46.22
4004,57.9
4005,50.02
4006,46.15
4007,41.1
4008,37.19
4009,34.79
4010,32.7
4011,31.65
4012,31.37
4013,30.83
4014,30.32
4015,1.63
4016,23.24
4017,23.54
4018,22.41
4019,23.1
4020,29.59
4021,30.04
4022,31.44
4023,34.57
4024,36.62
4025,38.73
4026,38.65
4027,47.13
4028,54.2
4029,50.9
4030,46.79
4031,42.64
4032,38.59
4033,37.81
4034,34.57
4035,34.81
4036,35.11
4037,34.55
4038,33.15
4039,28.37
4040,28.44
4041,27.38
4042,28.97
4043,0.01
4044,0.01
4045,0.01
4046,1.7
4047,23.05
4048,28.11
4049,30.58
4050,32.95
4051,43.86
4052,53.89
4053,47.64
4054,46.13
4055,41.02
4056,37.29
4057,34.02
4058,33.07
4059,33.04
4060,32.78
4061,34.05
4062,34.43
4063,29.38
4064,29.5
4065,25.18
4066,29.71
4067,0.01
4068,29.75
4069,31.71
4070,34.85
4071,35.82
4072,36.85
4073,36.45
4074,40.96
4075,49.51
4076,59.67
4077,52.02
4078,49.39
4079,44.28
4080,40.0
4081,37.55
4082,36.56
4083,35.37
4084,35.38
4085,35.83
4086,35.38
4087,29.07
4088,0.0
4089,0.01
4090,1.53
4091,31.07
4092,36.97
4093,39.03
4094,41.07
4095,42.66
4096,43.63
4097,44.23
4098,45.58
4099,51.83
4100,874.86
4101,416.44
4102,51.69
4103,46.35
4104,42.42
4105,38.1
4106,36.9
4107,36.43
4108,36.43
4109,36.46
4110,35.8
4111,28.86
4112,0.0
4113,0.01
4114,0.01
4115,30.41
4116,36.82
4117,43.21
4118,44.16
4119,46.65
4120,45.11
4121,41.45
4122,40.11
4123,49.94
4124,885.79
4125,432.99
4126,52.79
4127,47.95
4128,43.15
4129,39.36
4130,37.84
4131,37.09
4132,37.49
4133,37.86
4134,37.86
4135,36.91
4136,30.76
4137,30.14
4138,31.75
4139,37.27
4140,48.87
4141,53.2
4142,52.66
4143,52.98
4144,61.34
4145,48.64
4146,40.26
4147,52.54
4148,454.73
4149,93.23
4150,62.14
4151,54.38
4152,47.59
4153,42.96
4154,39.94
4155,39.34
4156,39.3
4157,39.91
4158,39.66
4159,32.99
4160,21.37
4161,21.78
4162,29.04
4163,31.44
4164,34.32
4165,37.52
4166,38.35
4167,38.55
4168,39.05
4169,38.38
4170,38.5
4171,48.84
4172,61.74
4173,54.25
4174,48.42
4175,43.57
4176,39.43
4177,37.56
4178,36.52
4179,34.5
4180,34.46
4181,34.03
4182,32.31
4183,0.01
4184,0.0
4185,0.01
4186,0.01
4187,0.01
4188,23.92
4189,30.9
4190,31.7
4191,34.0
4192,39.6
4193,42.23
4194,42.8
4195,47.26
4196,50.61
4197,47.77
4198,44.52
4199,40.87
4200,38.54
4201,36.25
4202,33.16
4203,33.01
4204,32.19
4205,31.99
4206,30.4
4207,1.37
4208,1.34
4209,1.32
4210,30.26
4211,30.0
4212,34.39
4213,33.68
4214,36.19
4215,37.46
4216,42.27
4217,42.04
4218,47.89
4219,50.81
4220,56.08
4221,50.68
4222,45.99
4223,42.54
4224,39.48
4225,36.97
4226,34.98
4227,33.86
4228,34.46
4229,35.73
4230,32.29
4231,0.0
4232,0.0
4233,0.0
4234,0.0
4235,0.01
4236,0.01
4237,0.01
4238,2.54
4239,29.37
4240,30.05
4241,29.81
4242,29.6
4243,42.98
4244,210.92
4245,47.72
4246,43.22
4247,38.13
4248,37.23
4249,34.06
4250,33.2
4251,32.62
4252,32.71
4253,34.86
4254,31.43
4255,0.01
4256,0.0
4257,0.0
4258,0.01
4259,27.21
4260,29.54
4261,30.66
4262,31.17
4263,32.3
4264,32.86
4265,33.17
4266,36.95
4267,43.43
4268,59.5
4269,49.56
4270,45.35
4271,40.03
4272,37.21
4273,35.36
4274,33.46
4275,33.14
4276,33.16
4277,33.49
4278,32.17
4279,0.0
4280,0.0
4281,0.0
4282,0.0
4283,0.0
4284,0.01
4285,29.64
4286,31.79
4287,33.25
4288,35.44
4289,36.24
4290,37.93
4291,52.82
4292,60.45
4293,52.07
4294,50.18
4295,43.41
4296,38.99
4297,36.86
4298,33.87
4299,34.08
4300,34.09
4301,34.35
4302,34.13
4303,31.48
4304,30.46
4305,30.61
4306,33.12
4307,35.84
4308,40.87
4309,44.07
4310,46.27
4311,47.65
4312,48.64
4313,49.04
4314,270.53
4315,1484.17
4316,1733.83
4317,1359.28
4318,1016.51
4319,370.22
4320,49.73
4321,44.24
4322,42.0
4323,40.71
4324,40.37
4325,40.98
4326,40.49
4327,38.52
4328,36.89
4329,36.0
4330,37.4
4331,46.98
4332,52.15
4333,702.89
4334,987.48
4335,48.74
4336,45.55
4337,47.69
4338,49.56
4339,49.99
4340,62.69
4341,55.79
4342,51.2
4343,45.15
4344,41.75
4345,38.94
4346,38.74
4347,36.57
4348,37.59
4349,37.71
4350,37.35
4351,29.91
4352,1.46
4353,27.83
4354,32.75
4355,36.9
4356,37.06
4357,38.31
4358,40.49
4359,44.01
4360,45.18
4361,45.9
4362,51.63
4363,128.4
4364,126.27
4365,65.19
4366,60.35
4367,50.68
4368,47.22
4369,42.86
4370,40.27
4371,39.4
4372,38.96
4373,39.0
4374,38.26
4375,34.29
4376,31.28
4377,33.73
4378,34.41
4379,38.84
4380,37.1
4381,39.27
4382,43.22
4383,47.39
4384,38.46
4385,53.85
4386,39.07
4387,53.67
4388,61.32
4389,54.16
4390,51.16
4391,47.64
4392,40.42
4393,37.87
4394,37.71
4395,37.68
4396,37.38
4397,37.73
4398,38.15
4399,36.69
4400,35.06
4401,32.92
4402,35.46
4403,37.59
4404,41.8
4405,45.31
4406,47.72
4407,49.22
4408,53.38
4409,53.38
4410,56.79
4411,243.98
4412,933.86
4413,519.13
4414,58.89
4415,50.54
4416,46.71
4417,42.02
4418,40.54
4419,37.96
4420,37.94
4421,38.73
4422,39.62
4423,37.3
4424,34.77
4425,33.66
4426,35.64
4427,39.03
4428,41.06
4429,44.04
4430,47.29
4431,49.66
4432,50.97
4433,51.38
4434,56.31
4435,65.78
4436,716.27
4437,420.77
4438,55.85
4439,49.75
4440,44.38
4441,39.56
4442,38.2
4443,37.89
4444,37.52
4445,37.35
4446,34.74
4447,30.0
4448,0.01
4449,0.01
4450,31.24
4451,35.44
4452,38.16
4453,40.63
4454,45.49
4455,46.3
4456,47.83
4457,48.65
4458,52.3
4459,57.48
4460,880.14
4461,545.52
4462,55.0
4463,50.19
4464,47.08
4465,43.38
4466,41.96
4467,40.78
4468,40.32
4469,40.61
4470,40.82
4471,38.05
4472,34.84
4473,38.61
4474,41.77
4475,46.01
4476,52.42
4477,55.85
4478,58.39
4479,59.24
4480,56.94
4481,58.51
4482,61.88
4483,66.52
4484,1182.02
4485,922.14
4486,442.72
4487,57.71
4488,50.3
4489,46.15
4490,43.7
4491,42.78
4492,42.48
4493,43.06
4494,43.14
4495,40.2
4496,37.21
4497,39.86
4498,42.68
4499,46.65
4500,51.8
4501,57.95
4502,58.17
4503,59.95
4504,62.01
4505,62.63
4506,65.95
4507,946.38
4508,2133.24
4509,1751.53
4510,1234.37
4511,510.5
4512,53.75
4513,49.15
4514,46.92
4515,43.9
4516,43.42
4517,42.85
4518,40.56
4519,37.38
4520,36.21
4521,38.56
4522,40.29
4523,42.26
4524,48.49
4525,53.53
4526,54.57
4527,54.92
4528,55.52
4529,55.83
4530,55.68
4531,60.8
4532,965.95
4533,507.8
4534,56.4
4535,50.88
4536,46.08
4537,42.66
4538,40.36
4539,39.26
4540,39.24
4541,38.74
4542,38.31
4543,38.42
4544,37.42
4545,35.52
4546,35.92
4547,36.7
4548,39.26
4549,39.62
4550,44.02
4551,45.67
4552,44.56
4553,39.53
4554,39.54
4555,49.73
4556,55.99
4557,55.5
4558,52.29
4559,48.22
4560,42.97
4561,39.53
4562,38.48
4563,39.03
4564,40.01
4565,41.92
4566,41.96
4567,38.86
4568,38.3
4569,37.58
4570,37.81
4571,39.16
4572,40.77
4573,42.25
4574,44.06
4575,43.29
4576,46.55
4577,45.2
4578,45.61
4579,55.52
4580,428.31
4581,55.96
4582,53.49
4583,48.81
4584,44.99
4585,41.11
4586,39.19
4587,39.13
4588,38.53
4589,39.18
4590,39.19
4591,36.74
4592,34.62
4593,33.87
4594,35.03
4595,36.41
4596,38.12
4597,40.5
4598,41.21
4599,43.33
4600,42.5
4601,42.97
4602,43.54
4603,53.38
4604,97.77
4605,53.87
4606,48.94
4607,44.13
4608,39.61
4609,37.86
4610,37.56
4611,37.38
4612,37.51
4613,37.75
4614,38.59
4615,36.2
4616,34.67
4617,36.19
4618,36.78
4619,38.44
4620,40.03
4621,41.04
4622,45.52
4623,48.85
4624,45.58
4625,45.38
4626,47.71
4627,53.19
4628,275.92
4629,54.24
4630,49.91
4631,44.87
4632,40.08
4633,37.94
4634,37.4
4635,37.52
4636,37.53
4637,37.58
4638,38.07
4639,37.1
4640,35.27
4641,35.89
4642,36.61
4643,39.03
4644,41.03
4645,44.24
4646,46.85
4647,47.83
4648,49.05
4649,47.81
4650,50.74
4651,56.84
4652,838.31
4653,293.58
4654,53.16
4655,48.39
4656,43.7
4657,40.8
4658,38.26
4659,38.02
4660,38.14
4661,39.72
4662,40.14
4663,38.82
4664,37.98
4665,38.29
4666,38.53
4667,40.36
4668,46.28
4669,51.84
4670,48.04
4671,49.7
4672,50.29
4673,50.75
4674,52.37
4675,60.55
4676,284.98
4677,59.11
4678,52.32
4679,47.15
4680,42.24
4681,39.48
4682,38.97
4683,38.3
4684,38.19
4685,37.88
4686,38.36
4687,35.64
4688,33.05
4689,34.76
4690,35.55
4691,36.95
4692,38.75
4693,39.07
4694,40.7
4695,41.43
4696,50.01
4697,51.99
4698,53.88
4699,56.46
4700,63.16
4701,57.46
4702,51.99
4703,46.59
4704,42.23
4705,39.11
4706,38.18
4707,38.06
4708,37.41
4709,37.5
4710,36.52
4711,29.91
4712,0.01
4713,1.6
4714,27.84
4715,34.87
4716,38.81
4717,39.95
4718,40.46
4719,43.81
4720,44.15
4721,45.43
4722,48.18
4723,52.95
4724,533.15
4725,284.8
4726,55.55
4727,50.16
4728,44.04
4729,41.47
4730,39.91
4731,38.78
4732,38.53
4733,39.01
4734,39.15
4735,36.75
4736,34.89
4737,36.62
4738,39.11
4739,45.96
4740,49.9
4741,54.39
4742,54.79
4743,55.66
4744,59.05
4745,60.47
4746,60.05
4747,362.16
4748,1612.93
4749,1071.67
4750,338.34
4751,53.57
4752,47.64
4753,43.0
4754,41.5
4755,41.27
4756,41.39
4757,41.69
4758,42.21
4759,38.98
4760,36.05
4761,37.95
4762,43.2
4763,49.39
4764,59.01
4765,59.76
4766,59.95
4767,62.07
4768,62.04
4769,63.16
4770,269.15
4771,1031.54
4772,1853.72
4773,1217.76
4774,434.54
4775,57.52
4776,49.98
4777,45.74
4778,43.54
4779,42.67
4780,42.96
4781,43.81
4782,46.79
4783,45.12
4784,43.17
4785,40.4
4786,40.94
4787,60.3
4788,473.93
4789,54.13
4790,56.85
4791,57.17
4792,55.8
4793,57.35
4794,59.47
4795,772.49
4796,755.88
4797,354.16
4798,58.64
4799,50.63
4800,45.8
4801,42.59
4802,41.62
4803,42.46
4804,42.48
4805,43.93
4806,46.27
4807,45.47
4808,45.56
4809,46.51
4810,44.17
4811,42.97
4812,47.1
4813,55.48
4814,53.56
4815,56.3
4816,57.13
4817,56.26
4818,51.94
4819,59.89
4820,61.23
4821,57.24
4822,51.28
4823,46.52
4824,42.45
4825,38.81
4826,38.49
4827,38.46
4828,38.58
4829,39.73
4830,40.91
4831,40.08
4832,35.0
4833,35.12
4834,35.77
4835,36.57
4836,38.19
4837,38.05
4838,39.94
4839,40.33
4840,40.26
4841,40.2
4842,43.07
4843,49.83
4844,63.37
4845,52.36
4846,48.51
4847,42.11
4848,38.57
4849,37.51
4850,36.46
4851,36.23
4852,36.21
4853,36.11
4854,36.48
4855,32.36
4856,28.73
4857,31.12
4858,31.51
4859,34.07
4860,35.55
4861,36.25
4862,37.28
4863,39.42
4864,41.54
4865,45.96
4866,50.39
4867,53.51
4868,62.95
4869,51.46
4870,49.05
4871,43.6
4872,39.14
4873,37.77
4874,37.11
4875,36.68
4876,37.05
4877,36.89
4878,34.92
4879,28.62
4880,1.49
4881,31.39
4882,32.54
4883,33.41
4884,36.05
4885,37.59
4886,41.02
4887,44.66
4888,45.64
4889,50.33
4890,46.98
4891,51.65
4892,401.08
4893,54.35
4894,50.59
4895,45.92
4896,41.2
4897,38.14
4898,37.29
4899,37.62
4900,37.64
4901,37.66
4902,38.84
4903,37.56
4904,32.64
4905,35.57
4906,39.05
4907,41.72
4908,46.78
4909,50.0
4910,51.53
4911,52.91
4912,55.63
4913,54.52
4914,55.87
4915,247.2
4916,1491.47
4917,1101.63
4918,438.6
4919,52.78
4920,48.76
4921,44.35
4922,42.92
4923,42.08
4924,42.94
4925,43.3
4926,46.5
4927,45.76
4928,129.6
4929,220.23
4930,47.08
4931,45.43
4932,49.95
4933,51.37
4934,57.99
4935,61.83
4936,48.17
4937,49.39
4938,54.19
4939,62.03
4940,380.98
4941,55.86
4942,50.93
4943,45.65
4944,39.99
4945,38.29
4946,37.69
4947,37.21
4948,37.21
4949,37.79
4950,38.55
4951,36.26
4952,34.46
4953,38.7
4954,39.69
4955,36.49
4956,38.9
4957,41.4
4958,44.31
4959,47.88
4960,47.9
4961,49.06
4962,57.18
4963,449.82
4964,1190.61
4965,806.79
4966,282.49
4967,53.99
4968,48.84
4969,44.87
4970,43.0
4971,42.72
4972,42.71
4973,42.94
4974,44.57
4975,43.03
4976,42.23
4977,41.32
4978,44.87
4979,48.67
4980,52.49
4981,57.2
4982,47.56
4983,53.97
4984,61.23
4985,44.13
4986,44.07
4987,62.76
4988,721.63
4989,367.22
4990,60.9
4991,50.36
4992,48.01
4993,42.97
4994,41.42
4995,40.89
4996,40.54
4997,41.68
4998,42.18
4999,38.73
5000,40.88
5001,42.7
5002,45.08
5003,47.18
5004,57.12
5005,60.73
5006,39.42
5007,39.03
5008,38.93
5009,39.32
5010,44.51
5011,50.96
5012,61.41
5013,56.71
5014,54.57
5015,47.02
5016,42.65
5017,39.84
5018,38.25
5019,37.43
5020,37.63
5021,37.39
5022,37.71
5023,34.53
5024,28.58
5025,28.62
5026,32.02
5027,34.0
5028,35.37
5029,36.83
5030,37.16
5031,39.48
5032,40.64
5033,40.82
5034,44.37
5035,51.29
5036,56.78
5037,49.39
5038,46.18
5039,42.35
5040,38.16
5041,37.19
5042,37.02
5043,36.89
5044,36.5
5045,36.48
5046,34.9
5047,0.01
5048,0.0
5049,0.0
5050,23.46
5051,31.78
5052,35.37
5053,37.54
5054,38.54
5055,39.84
5056,40.11
5057,43.01
5058,47.2
5059,52.08
5060,51.5
5061,52.86
5062,49.39
5063,43.81
5064,39.57
5065,37.9
5066,37.04
5067,37.0
5068,37.18
5069,37.83
5070,39.38
5071,38.3
5072,36.31
5073,39.41
5074,39.15
5075,41.73
5076,46.14
5077,49.6
5078,49.02
5079,51.75
5080,51.85
5081,52.32
5082,54.12
5083,66.44
5084,883.45
5085,492.25
5086,59.26
5087,53.55
5088,46.28
5089,43.92
5090,42.63
5091,40.52
5092,40.29
5093,41.1
5094,42.49
5095,40.11
5096,37.93
5097,38.12
5098,38.84
5099,39.72
5100,42.88
5101,45.56
5102,47.67
5103,49.39
5104,50.27
5105,47.0
5106,48.83
5107,60.66
5108,602.95
5109,207.55
5110,54.76
5111,47.85
5112,42.59
5113,40.06
5114,39.06
5115,39.01
5116,39.1
5117,40.33
5118,41.5
5119,37.95
5120,33.93
5121,36.88
5122,37.52
5123,39.35
5124,42.49
5125,45.22
5126,49.78
5127,50.97
5128,51.06
5129,53.26
5130,57.62
5131,64.48
5132,852.35
5133,407.95
5134,59.23
5135,51.08
5136,45.41
5137,41.85
5138,39.05
5139,38.73
5140,39.03
5141,39.02
5142,41.05
5143,39.07
5144,37.7
5145,37.95
5146,39.7
5147,42.63
5148,46.52
5149,51.28
5150,61.25
5151,56.42
5152,60.57
5153,73.16
5154,63.41
5155,252.56
5156,1153.32
5157,619.89
5158,63.2
5159,54.91
5160,48.4
5161,44.93
5162,41.88
5163,40.66
5164,40.6
5165,41.85
5166,44.13
5167,40.95
5168,37.98
5169,39.43
5170,40.28
5171,42.61
5172,44.87
5173,50.44
5174,56.02
5175,58.87
5176,56.94
5177,57.49
5178,58.94
5179,266.38
5180,788.36
5181,316.87
5182,57.03
5183,50.18
5184,46.0
5185,41.6
5186,38.78
5187,38.73
5188,38.7
5189,38.67
5190,38.76
5191,38.27
5192,0.01
5193,34.63
5194,36.25
5195,39.04
5196,40.81
5197,41.43
5198,44.13
5199,42.1
5200,48.49
5201,55.75
5202,392.73
5203,347.1
5204,60.89
5205,53.62
5206,50.4
5207,46.74
5208,42.4
5209,39.45
5210,38.04
5211,37.43
5212,37.38
5213,37.37
5214,37.59
5215,36.17
5216,25.19
5217,0.0
5218,25.31
5219,25.37
5220,32.26
5221,33.69
5222,34.78
5223,36.24
5224,36.7
5225,38.52
5226,38.54
5227,51.94
5228,56.68
5229,56.49
5230,52.48
5231,46.39
5232,42.48
5233,39.46
5234,38.73
5235,38.62
5236,38.74
5237,39.09
5238,41.04
5239,37.27
5240,0.01
5241,33.21
5242,34.9
5243,37.68
5244,39.19
5245,39.99
5246,41.64
5247,44.63
5248,47.83
5249,47.82
5250,48.72
5251,60.67
5252,163.73
5253,59.75
5254,53.8
5255,47.51
5256,42.23
5257,39.34
5258,38.92
5259,38.87
5260,38.88
5261,39.88
5262,40.69
5263,38.01
5264,27.23
5265,34.36
5266,36.78
5267,39.01
5268,40.21
5269,43.63
5270,47.07
5271,52.06
5272,52.22
5273,52.78
5274,54.65
5275,60.35
5276,881.99
5277,481.94
5278,58.47
5279,53.55
5280,47.84
5281,44.11
5282,40.9
5283,39.89
5284,40.23
5285,41.09
5286,45.14
5287,40.79
5288,38.35
5289,39.3
5290,39.82
5291,41.69
5292,43.46
5293,42.05
5294,48.22
5295,47.58
5296,55.0
5297,59.58
5298,65.81
5299,694.58
5300,665.83
5301,158.14
5302,57.85
5303,49.54
5304,43.44
5305,43.24
5306,41.36
5307,40.37
5308,40.82
5309,41.38
5310,43.85
5311,42.71
5312,41.63
5313,40.96
5314,43.35
5315,44.5
5316,46.19
5317,47.67
5318,49.84
5319,49.22
5320,51.88
5321,53.08
5322,53.9
5323,79.02
5324,57.71
5325,51.71
5326,48.35
5327,43.27
5328,40.17
5329,38.64
5330,38.24
5331,38.2
5332,38.21
5333,39.42
5334,41.75
5335,41.84
5336,40.48
5337,42.62
5338,38.43
5339,37.45
5340,35.51
5341,37.61
5342,34.36
5343,40.12
5344,40.12
5345,35.32
5346,43.19
5347,52.32
5348,59.73
5349,53.78
5350,47.96
5351,43.1
5352,38.34
5353,36.89
5354,36.77
5355,36.55
5356,36.64
5357,36.87
5358,36.91
5359,35.72
5360,30.59
5361,1.49
5362,0.0
5363,0.0
5364,0.0
5365,0.01
5366,28.74
5367,34.39
5368,35.01
5369,35.24
5370,36.88
5371,49.47
5372,70.17
5373,49.85
5374,45.27
5375,40.59
5376,37.85
5377,37.21
5378,36.71
5379,36.56
5380,36.28
5381,36.34
5382,36.61
5383,32.18
5384,0.01
5385,28.09
5386,28.69
5387,30.54
5388,33.19
5389,34.86
5390,36.4
5391,36.79
5392,38.42
5393,39.0
5394,45.13
5395,67.51
5396,56.09
5397,48.49
5398,45.72
5399,40.89
5400,38.38
5401,37.54
5402,37.26
5403,37.27
5404,37.69
5405,38.75
5406,40.14
5407,39.13
5408,39.53
5409,40.78
5410,40.73
5411,41.64
5412,44.07
5413,45.26
5414,45.79
5415,48.72
5416,48.64
5417,48.71
5418,51.89
5419,56.53
5420,74.12
5421,60.61
5422,52.93
5423,46.74
5424,42.78
5425,39.88
5426,39.13
5427,38.85
5428,38.87
5429,40.32
5430,42.69
5431,39.64
5432,39.47
5433,35.36
5434,35.25
5435,36.34
5436,37.44
5437,37.84
5438,37.77
5439,37.98
5440,39.05
5441,38.9
5442,41.4
5443,54.85
5444,70.04
5445,57.87
5446,52.96
5447,46.49
5448,42.08
5449,39.02
5450,38.6
5451,38.58
5452,38.6
5453,39.16
5454,41.29
5455,39.2
5456,38.65
5457,38.54
5458,37.85
5459,38.25
5460,37.56
5461,38.33
5462,39.55
5463,39.78
5464,40.13
5465,41.49
5466,55.33
5467,211.5
5468,61.9
5469,56.22
5470,49.2
5471,42.88
5472,39.05
5473,37.49
5474,37.39
5475,37.36
5476,37.37
5477,37.8
5478,38.58
5479,38.26
5480,37.97
5481,38.54
5482,39.36
5483,39.55
5484,38.77
5485,38.49
5486,39.43
5487,46.17
5488,46.29
5489,48.53
5490,52.71
5491,65.36
5492,61.7
5493,53.64
5494,45.73
5495,41.72
5496,38.07
5497,36.99
5498,36.83
5499,36.8
5500,36.93
5501,37.97
5502,38.98
5503,37.38
5504,31.26
5505,32.43
5506,28.08
5507,32.52
5508,33.27
5509,33.81
5510,34.36
5511,34.38
5512,35.13
5513,36.09
5514,36.35
5515,52.48
5516,58.92
5517,53.45
5518,49.07
5519,44.35
5520,40.83
5521,39.19
5522,38.55
5523,38.31
5524,38.47
5525,38.75
5526,39.24
5527,35.4
5528,28.0
5529,29.26
5530,29.62
5531,30.89
5532,32.67
5533,34.04
5534,34.37
5535,34.42
5536,34.37
5537,34.67
5538,39.79
5539,48.67
5540,58.39
5541,52.14
5542,48.07
5543,42.77
5544,40.0
5545,38.79
5546,38.14
5547,37.97
5548,37.73
5549,37.47
5550,37.65
5551,36.34
5552,32.18
5553,29.0
5554,0.0
5555,0.0
5556,26.87
5557,29.16
5558,32.35
5559,31.62
5560,28.77
5561,34.2
5562,36.12
5563,45.27
5564,67.96
5565,50.98
5566,46.82
5567,41.71
5568,39.41
5569,38.9
5570,38.44
5571,38.65
5572,39.12
5573,40.87
5574,43.13
5575,38.9
5576,33.32
5577,31.19
5578,31.91
5579,32.12
5580,34.81
5581,37.15
5582,37.16
5583,36.15
5584,37.51
5585,39.31
5586,43.34
5587,56.62
5588,62.21
5589,57.04
5590,51.68
5591,44.88
5592,40.03
5593,38.53
5594,38.27
5595,37.41
5596,37.46
5597,38.5
5598,40.3
5599,37.68
5600,31.25
5601,0.0
5602,32.0
5603,33.46
5604,34.35
5605,36.63
5606,37.72
5607,38.28
5608,39.49
5609,38.96
5610,42.54
5611,56.97
5612,67.86
5613,52.94
5614,45.7
5615,41.73
5616,38.13
5617,37.09
5618,36.62
5619,36.55
5620,36.62
5621,37.52
5622,38.96
5623,36.81
5624,0.01
5625,1.51
5626,29.62
5627,30.1
5628,32.59
5629,34.84
5630,36.57
5631,37.99
5632,38.44
5633,38.89
5634,44.51
5635,75.35
5636,59.98
5637,54.4
5638,47.92
5639,41.44
5640,38.49
5641,37.38
5642,36.9
5643,36.62
5644,36.81
5645,37.27
5646,39.02
5647,36.93
5648,0.01
5649,0.01
5650,0.01
5651,0.01
5652,34.5
5653,38.23
5654,39.81
5655,41.37
5656,45.85
5657,45.71
5658,52.8
5659,110.55
5660,181.32
5661,56.84
5662,50.15
5663,43.54
5664,39.04
5665,37.47
5666,36.73
5667,36.29
5668,36.69
5669,37.67
5670,38.93
5671,37.15
5672,31.44
5673,31.83
5674,32.63
5675,35.28
5676,38.24
5677,39.87
5678,41.06
5679,43.91
5680,44.15
5681,44.89
5682,54.06
5683,69.45
5684,65.28
5685,55.29
5686,50.05
5687,42.31
5688,38.15
5689,37.35
5690,36.44
5691,36.1
5692,36.43
5693,36.44
5694,36.93
5695,35.71
5696,22.82
5697,1.44
5698,32.13
5699,34.77
5700,37.17
5701,37.98
5702,39.13
5703,41.57
5704,41.67
5705,41.27
5706,50.29
5707,59.5
5708,56.67
5709,52.88
5710,46.21
5711,42.59
5712,39.86
5713,38.79
5714,37.94
5715,37.43
5716,37.48
5717,37.66
5718,37.82
5719,35.77
5720,32.95
5721,32.62
5722,33.29
5723,34.71
5724,35.38
5725,36.78
5726,38.37
5727,40.37
5728,43.84
5729,44.09
5730,49.95
5731,60.35
5732,61.55
5733,57.3
5734,53.81
5735,47.78
5736,43.01
5737,41.64
5738,41.23
5739,41.03
5740,41.61
5741,43.62
5742,48.09
5743,47.05
5744,39.33
5745,38.51
5746,38.07
5747,38.89
5748,39.52
5749,41.68
5750,41.4
5751,41.52
5752,41.06
5753,41.78
5754,53.97
5755,68.71
5756,71.98
5757,64.99
5758,55.02
5759,47.72
5760,41.49
5761,39.16
5762,38.17
5763,37.85
5764,37.89
5765,39.11
5766,42.71
5767,41.12
5768,35.17
5769,31.69
5770,34.9
5771,36.49
5772,38.57
5773,39.77
5774,40.74
5775,41.77
5776,44.31
5777,41.88
5778,53.11
5779,62.69
5780,60.94
5781,55.71
5782,48.74
5783,42.56
5784,39.29
5785,38.2
5786,37.31
5787,37.07
5788,37.26
5789,38.43
5790,40.61
5791,38.08
5792,33.91
5793,32.59
5794,34.54
5795,35.36
5796,36.84
5797,38.03
5798,39.4
5799,40.28
5800,41.48
5801,44.2
5802,56.9
5803,65.79
5804,63.57
5805,58.6
5806,49.65
5807,42.64
5808,37.99
5809,37.01
5810,36.16
5811,36.3
5812,36.1
5813,37.31
5814,38.67
5815,36.98
5816,27.55
5817,33.69
5818,34.56
5819,34.4
5820,36.83
5821,39.41
5822,42.13
5823,44.01
5824,43.72
5825,44.41
5826,52.34
5827,143.8
5828,60.33
5829,54.92
5830,47.51
5831,39.76
5832,37.51
5833,35.3
5834,34.33
5835,34.29
5836,34.33
5837,35.55
5838,36.99
5839,35.76
5840,30.92
5841,32.49
5842,34.32
5843,36.55
5844,38.66
5845,42.29
5846,45.48
5847,47.63
5848,49.18
5849,51.23
5850,404.46
5851,569.01
5852,164.95
5853,52.36
5854,47.93
5855,43.56
5856,39.1
5857,37.94
5858,37.01
5859,36.09
5860,36.22
5861,36.09
5862,36.63
5863,34.83
5864,34.41
5865,34.51
5866,34.79
5867,31.9
5868,38.57
5869,39.24
5870,40.11
5871,44.72
5872,43.51
5873,44.91
5874,55.26
5875,52.7
5876,49.23
5877,46.21
5878,42.99
5879,40.25
5880,37.72
5881,36.78
5882,36.06
5883,34.61
5884,34.6
5885,36.03
5886,34.39
5887,34.33
5888,33.69
5889,33.46
5890,31.52
5891,32.21
5892,29.07
5893,31.52
5894,35.51
5895,38.15
5896,37.49
5897,38.12
5898,43.28
5899,52.57
5900,50.57
5901,47.79
5902,43.5
5903,38.47
5904,36.76
5905,35.92
5906,35.87
5907,35.75
5908,35.81
5909,35.52
5910,36.04
5911,35.34
5912,1.68
5913,27.85
5914,33.27
5915,34.81
5916,37.09
5917,37.28
5918,39.55
5919,42.33
5920,42.63
5921,46.66
5922,56.57
5923,113.05
5924,59.03
5925,51.23
5926,47.54
5927,42.93
5928,40.45
5929,38.61
5930,37.75
5931,38.06
5932,38.88
5933,42.11
5934,47.05
5935,48.91
5936,46.58
5937,40.81
5938,39.96
5939,40.07
5940,43.36
5941,46.05
5942,47.38
5943,48.72
5944,48.38
5945,49.14
5946,56.51
5947,882.32
5948,693.95
5949,197.5
5950,52.14
5951,47.65
5952,41.47
5953,38.95
5954,38.51
5955,38.12
5956,38.35
5957,39.92
5958,42.52
5959,42.43
5960,39.25
5961,41.68
5962,39.09
5963,39.13
5964,39.34
5965,35.89
5966,39.72
5967,50.6
5968,42.09
5969,43.16
5970,54.8
5971,65.61
5972,59.34
5973,55.88
5974,48.84
5975,44.39
5976,41.25
5977,39.75
5978,38.39
5979,38.1
5980,38.81
5981,40.11
5982,44.17
5983,43.2
5984,37.72
5985,33.75
5986,35.85
5987,39.85
5988,39.91
5989,40.24
5990,43.6
5991,47.79
5992,47.1
5993,43.91
5994,52.47
5995,645.29
5996,494.05
5997,56.08
5998,51.21
5999,45.21
6000,42.14
6001,38.46
6002,37.74
6003,37.31
6004,37.55
6005,38.56
6006,41.91
6007,40.67
6008,38.23
6009,39.31
6010,41.23
6011,39.39
6012,32.48
6013,39.66
6014,39.57
6015,49.63
6016,39.58
6017,49.66
6018,55.17
6019,56.32
6020,52.84
6021,49.92
6022,44.43
6023,41.89
6024,38.83
6025,36.97
6026,36.31
6027,34.29
6028,33.98
6029,34.08
6030,35.05
6031,34.07
6032,30.9
6033,1.49
6034,27.04
6035,0.0
6036,0.01
6037,0.01
6038,0.01
6039,0.0
6040,0.01
6041,0.0
6042,41.5
6043,53.46
6044,48.25
6045,44.9
6046,40.74
6047,37.48
6048,36.53
6049,35.96
6050,34.21
6051,33.47
6052,33.24
6053,33.27
6054,33.4
6055,29.5
6056,0.0
6057,0.0
6058,0.0
6059,0.0
6060,0.01
6061,25.31
6062,27.1
6063,0.01
6064,0.01
6065,0.01
6066,37.64
6067,58.27
6068,56.66
6069,52.39
6070,42.57
6071,37.7
6072,36.17
6073,33.65
6074,32.78
6075,32.78
6076,33.72
6077,36.53
6078,39.02
6079,34.8
6080,0.01
6081,0.0
6082,0.01
6083,1.25
6084,23.95
6085,25.1
6086,27.78
6087,27.1
6088,27.45
6089,25.22
6090,41.19
6091,77.42
6092,51.14
6093,46.6
6094,39.99
6095,35.97
6096,34.07
6097,32.55
6098,31.39
6099,31.15
6100,31.34
6101,33.82
6102,37.72
6103,31.66
6104,1.5
6105,0.0
6106,0.01
6107,0.01
6108,0.01
6109,0.01
6110,0.01
6111,0.01
6112,0.01
6113,31.5
6114,41.25
6115,62.24
6116,50.06
6117,45.34
6118,40.18
6119,36.5
6120,33.91
6121,32.04
6122,31.27
6123,31.27
6124,31.74
6125,35.43
6126,37.92
6127,32.99
6128,0.0
6129,0.0
6130,1.62
6131,1.64
6132,28.44
6133,30.7
6134,32.86
6135,31.99
6136,28.91
6137,30.87
6138,44.5
6139,56.97
6140,54.65
6141,48.75
6142,42.09
6143,38.19
6144,36.39
6145,33.74
6146,32.86
6147,32.6
6148,33.1
6149,37.22
6150,38.49
6151,39.03
6152,34.94
6153,32.21
6154,31.63
6155,32.33
6156,33.54
6157,35.26
6158,37.92
6159,40.35
6160,41.84
6161,43.85
6162,53.0
6163,62.33
6164,55.56
6165,54.1
6166,46.32
6167,40.1
6168,38.03
6169,36.28
6170,35.41
6171,34.87
6172,35.66
6173,37.62
6174,39.84
6175,39.73
6176,31.52
6177,25.58
6178,24.8
6179,25.62
6180,26.21
6181,25.74
6182,25.72
6183,29.07
6184,30.12
6185,32.46
6186,43.06
6187,57.77
6188,54.03
6189,50.89
6190,44.53
6191,40.44
6192,38.04
6193,36.75
6194,35.7
6195,34.97
6196,34.89
6197,35.4
6198,36.41
6199,33.64
6200,1.38
6201,0.0
6202,0.0
6203,0.01
6204,24.54
6205,26.12
6206,26.94
6207,27.31
6208,28.64
6209,29.76
6210,40.8
6211,93.77
6212,48.09
6213,44.36
6214,40.66
6215,38.12
6216,36.7
6217,34.29
6218,32.76
6219,32.36
6220,32.26
6221,32.38
6222,32.55
6223,32.14
6224,0.01
6225,0.0
6226,0.0
6227,0.0
6228,0.01
6229,0.0
6230,26.35
6231,1.47
6232,27.69
6233,31.73
6234,43.32
6235,51.08
6236,49.24
6237,44.01
6238,38.76
6239,36.71
6240,33.85
6241,32.7
6242,32.04
6243,32.67
6244,33.04
6245,37.5
6246,39.22
6247,40.39
6248,37.2
6249,35.91
6250,34.93
6251,33.85
6252,36.09
6253,34.86
6254,37.05
6255,36.75
6256,41.78
6257,41.79
6258,48.52
6259,58.83
6260,50.27
6261,44.37
6262,40.24
6263,37.11
6264,36.07
6265,34.42
6266,34.4
6267,34.38
6268,34.4
6269,36.47
6270,38.54
6271,39.55
6272,38.49
6273,38.3
6274,31.64
6275,37.09
6276,28.83
6277,26.99
6278,0.0
6279,0.01
6280,0.0
6281,27.62
6282,41.49
6283,62.08
6284,52.9
6285,48.8
6286,42.43
6287,37.9
6288,34.62
6289,32.84
6290,31.53
6291,31.27
6292,32.13
6293,35.89
6294,37.67
6295,34.22
6296,28.02
6297,0.0
6298,0.0
6299,0.0
6300,0.0
6301,0.0
6302,0.0
6303,0.0
6304,0.0
6305,28.74
6306,36.54
6307,55.96
6308,45.81
6309,41.3
6310,36.8
6311,33.79
6312,31.72
6313,30.83
6314,29.45
6315,29.46
6316,30.22
6317,32.64
6318,37.09
6319,38.24
6320,27.56
6321,0.0
6322,26.04
6323,24.73
6324,25.57
6325,26.93
6326,28.81
6327,31.13
6328,27.59
6329,33.15
6330,43.22
6331,56.7
6332,51.55
6333,49.98
6334,44.02
6335,39.65
6336,38.05
6337,37.34
6338,36.14
6339,34.62
6340,34.62
6341,36.7
6342,38.13
6343,37.39
6344,31.62
6345,27.92
6346,30.57
6347,27.97
6348,29.92
6349,31.35
6350,33.56
6351,33.6
6352,36.37
6353,38.37
6354,49.23
6355,67.22
6356,46.12
6357,40.09
6358,37.5
6359,36.57
6360,35.32
6361,33.77
6362,32.65
6363,32.42
6364,30.85
6365,31.09
6366,31.97
6367,30.51
6368,26.28
6369,26.63
6370,26.66
6371,27.57
6372,27.7
6373,27.58
6374,0.0
6375,0.0
6376,0.0
6377,0.0
6378,36.74
6379,56.08
6380,44.85
6381,40.01
6382,36.44
6383,34.66
6384,33.54
6385,32.59
6386,32.4
6387,32.66
6388,33.17
6389,35.74
6390,37.33
6391,35.37
6392,0.01
6393,0.0
6394,0.0
6395,0.0
6396,1.44
6397,21.11
6398,26.24
6399,26.72
6400,27.06
6401,31.5
6402,45.41
6403,65.59
6404,53.01
6405,48.17
6406,42.12
6407,39.4
6408,36.38
6409,33.98
6410,32.73
6411,32.45
6412,33.07
6413,36.99
6414,39.5
6415,39.5
6416,28.52
6417,26.94
6418,26.94
6419,26.62
6420,0.01
6421,0.01
6422,0.01
6423,0.01
6424,0.01
6425,28.8
6426,40.46
6427,70.99
6428,43.51
6429,39.71
6430,36.52
6431,33.52
6432,31.31
6433,30.24
6434,29.56
6435,30.22
6436,31.04
6437,35.46
6438,38.84
6439,42.55
6440,34.23
6441,27.8
6442,28.48
6443,27.06
6444,29.48
6445,30.86
6446,31.07
6447,32.66
6448,32.28
6449,36.94
6450,45.76
6451,66.32
6452,47.29
6453,42.93
6454,37.54
6455,34.03
6456,31.2
6457,30.38
6458,30.18
6459,30.35
6460,30.93
6461,33.72
6462,36.89
6463,38.01
6464,35.85
6465,31.75
6466,31.53
6467,31.55
6468,31.54
6469,32.26
6470,32.57
6471,33.32
6472,33.73
6473,35.71
6474,46.82
6475,58.65
6476,46.69
6477,41.56
6478,38.3
6479,36.22
6480,34.74
6481,33.37
6482,33.02
6483,32.88
6484,35.05
6485,37.58
6486,39.22
6487,41.35
6488,35.6
6489,30.32
6490,31.69
6491,34.46
6492,33.05
6493,34.47
6494,36.76
6495,36.9
6496,36.15
6497,39.46
6498,52.44
6499,100.32
6500,55.27
6501,51.28
6502,42.96
6503,38.27
6504,37.84
6505,37.25
6506,37.22
6507,37.1
6508,37.91
6509,38.79
6510,41.62
6511,46.49
6512,41.15
6513,37.28
6514,35.25
6515,32.25
6516,31.82
6517,32.43
6518,31.68
6519,32.39
6520,32.77
6521,37.02
6522,48.73
6523,58.93
6524,51.76
6525,46.07
6526,41.27
6527,38.87
6528,37.78
6529,37.24
6530,37.07
6531,37.08
6532,37.3
6533,37.76
6534,38.42
6535,38.98
6536,33.47
6537,29.28
6538,25.89
6539,25.16
6540,24.06
6541,24.07
6542,1.52
6543,1.5
6544,1.43
6545,30.53
6546,44.05
6547,52.88
6548,49.2
6549,45.75
6550,40.33
6551,37.67
6552,36.97
6553,35.2
6554,32.74
6555,32.25
6556,31.71
6557,31.67
6558,32.38
6559,32.24
6560,28.42
6561,0.0
6562,1.34
6563,1.32
6564,2.61
6565,2.61
6566,2.61
6567,25.74
6568,2.66
6569,31.92
6570,44.52
6571,207.24
6572,55.5
6573,43.65
6574,38.99
6575,36.48
6576,33.63
6577,33.22
6578,32.32
6579,32.05
6580,31.81
6581,35.24
6582,37.2
6583,39.08
6584,31.54
6585,0.01
6586,0.01
6587,28.74
6588,0.01
6589,3.56
6590,28.65
6591,28.74
6592,36.33
6593,37.48
6594,45.22
6595,58.09
6596,45.47
6597,41.02
6598,36.96
6599,33.25
6600,31.55
6601,31.35
6602,30.91
6603,30.82
6604,31.36
6605,33.72
6606,37.92
6607,39.29
6608,33.2
6609,0.01
6610,28.82
6611,28.08
6612,29.4
6613,29.79
6614,29.89
6615,33.55
6616,37.43
6617,38.59
6618,45.65
6619,56.63
6620,53.96
6621,50.08
6622,43.97
6623,38.75
6624,37.29
6625,36.42
6626,34.87
6627,34.39
6628,34.85
6629,37.34
6630,40.16
6631,44.73
6632,39.38
6633,34.06
6634,35.14
6635,34.44
6636,36.85
6637,35.87
6638,37.86
6639,38.45
6640,38.95
6641,44.29
6642,48.38
6643,50.47
6644,48.55
6645,45.53
6646,39.95
6647,36.69
6648,33.67
6649,31.61
6650,31.49
6651,31.48
6652,31.51
6653,35.72
6654,38.24
6655,39.3
6656,30.05
6657,0.01
6658,0.0
6659,0.0
6660,0.01
6661,0.0
6662,0.0
6663,0.0
6664,28.38
6665,37.9
6666,43.67
6667,58.37
6668,43.23
6669,42.38
6670,37.24
6671,33.53
6672,31.31
6673,30.55
6674,30.21
6675,30.52
6676,30.62
6677,33.71
6678,36.93
6679,38.77
6680,34.1
6681,29.53
6682,29.63
6683,31.08
6684,32.53
6685,31.41
6686,33.08
6687,34.38
6688,35.53
6689,39.74
6690,52.74
6691,53.82
6692,44.18
6693,40.19
6694,36.88
6695,35.49
6696,31.28
6697,29.82
6698,29.26
6699,28.87
6700,28.9
6701,29.31
6702,30.01
6703,30.31
6704,28.47
6705,26.8
6706,27.84
6707,27.47
6708,28.22
6709,28.49
6710,28.57
6711,29.33
6712,31.06
6713,37.6
6714,45.93
6715,53.75
6716,46.7
6717,42.67
6718,39.59
6719,37.53
6720,37.26
6721,35.21
6722,34.03
6723,34.01
6724,34.1
6725,35.27
6726,37.39
6727,37.89
6728,32.93
6729,31.54
6730,29.38
6731,29.97
6732,29.36
6733,29.33
6734,29.36
6735,0.01
6736,0.0
6737,35.47
6738,40.55
6739,47.71
6740,42.59
6741,39.93
6742,37.37
6743,35.68
6744,34.13
6745,32.84
6746,32.27
6747,31.95
6748,33.06
6749,36.82
6750,39.31
6751,40.96
6752,29.67
6753,0.0
6754,0.0
6755,0.0
6756,0.0
6757,0.0
6758,0.0
6759,0.0
6760,0.0
6761,29.3
6762,43.52
6763,68.98
6764,46.51
6765,42.4
6766,38.2
6767,36.68
6768,35.16
6769,33.14
6770,33.13
6771,33.14
6772,33.35
6773,37.07
6774,39.58
6775,41.1
6776,33.18
6777,0.0
6778,0.0
6779,0.01
6780,1.49
6781,1.49
6782,27.72
6783,0.01
6784,0.01
6785,32.85
6786,44.47
6787,81.91
6788,42.09
6789,40.27
6790,36.11
6791,33.55
6792,30.97
6793,31.09
6794,30.8
6795,31.0
6796,31.34
6797,35.84
6798,38.3
6799,39.0
6800,32.94
6801,30.66
6802,29.12
6803,29.08
6804,28.94
6805,27.45
6806,28.69
6807,27.82
6808,28.02
6809,32.02
6810,42.84
6811,54.93
6812,48.52
6813,42.86
6814,40.09
6815,37.18
6816,32.94
6817,32.4
6818,32.38
6819,32.39
6820,32.97
6821,37.04
6822,39.44
6823,39.82
6824,28.34
6825,0.0
6826,0.0
6827,0.0
6828,0.0
6829,0.0
6830,0.0
6831,0.0
6832,24.92
6833,35.87
6834,54.49
6835,54.77
6836,52.11
6837,43.27
6838,36.53
6839,35.33
6840,32.58
6841,31.21
6842,31.19
6843,31.2
6844,31.64
6845,36.44
6846,37.62
6847,39.74
6848,29.41
6849,0.0
6850,0.0
6851,0.0
6852,0.01
6853,24.72
6854,1.66
6855,0.01
6856,1.41
6857,32.8
6858,46.12
6859,41.91
6860,40.12
6861,40.5
6862,36.7
6863,35.9
6864,33.81
6865,31.4
6866,31.08
6867,31.04
6868,31.02
6869,32.83
6870,35.8
6871,34.72
6872,28.86
6873,27.34
6874,27.02
6875,26.15
6876,25.63
6877,27.28
6878,27.28
6879,27.35
6880,28.57
6881,31.9
6882,48.62
6883,49.12
6884,44.57
6885,36.85
6886,35.56
6887,31.29
6888,30.21
6889,29.69
6890,29.23
6891,29.29
6892,29.21
6893,29.7
6894,30.18
6895,30.24
6896,27.85
6897,21.55
6898,1.43
6899,0.0
6900,25.24
6901,26.83
6902,0.0
6903,0.0
6904,27.81
6905,34.63
6906,39.52
6907,58.54
6908,38.45
6909,35.98
6910,31.13
6911,29.96
6912,29.81
6913,29.6
6914,29.64
6915,29.68
6916,30.34
6917,31.91
6918,37.9
6919,43.48
6920,38.48
6921,33.54
6922,32.74
6923,31.38
6924,30.88
6925,30.28
6926,30.19
6927,29.85
6928,30.17
6929,33.38
6930,53.79
6931,53.66
6932,53.17
6933,43.19
6934,39.61
6935,36.79
6936,33.72
6937,33.13
6938,33.12
6939,33.13
6940,33.3
6941,38.32
6942,42.25
6943,43.63
6944,29.16
6945,0.01
6946,0.0
6947,0.0
6948,0.0
6949,0.0
6950,0.0
6951,0.0
6952,24.92
6953,35.34
6954,42.1
6955,50.31
6956,42.18
6957,41.03
6958,36.62
6959,33.3
6960,31.47
6961,31.2
6962,31.16
6963,31.17
6964,31.8
6965,36.81
6966,38.89
6967,41.47
6968,29.54
6969,0.0
6970,0.0
6971,0.0
6972,0.0
6973,25.46
6974,29.37
6975,28.04
6976,31.64
6977,38.35
6978,39.99
6979,40.63
6980,40.06
6981,40.87
6982,35.82
6983,33.19
6984,31.34
6985,30.93
6986,30.92
6987,30.91
6988,31.01
6989,35.47
6990,37.06
6991,38.42
6992,31.45
6993,27.02
6994,0.0
6995,0.0
6996,0.0
6997,28.86
6998,29.82
6999,30.32
7000,30.58
7001,37.08
7002,55.02
7003,55.79
7004,43.48
7005,40.71
7006,37.87
7007,33.44
7008,31.84
7009,31.97
7010,31.52
7011,31.51
7012,32.24
7013,36.62
7014,39.99
7015,45.25
7016,38.22
7017,31.76
7018,32.41
7019,30.8
7020,30.56
7021,30.55
7022,30.88
7023,31.7
7024,31.94
7025,39.63
7026,47.9
7027,52.8
7028,46.53
7029,45.67
7030,39.02
7031,36.03
7032,33.99
7033,33.37
7034,33.31
7035,33.19
7036,33.57
7037,37.32
7038,39.59
7039,41.66
7040,36.39
7041,28.7
7042,26.64
7043,27.1
7044,26.94
7045,27.95
7046,25.59
7047,26.81
7048,25.14
7049,30.26
7050,43.76
7051,42.64
7052,42.85
7053,41.73
7054,38.35
7055,33.37
7056,33.14
7057,32.22
7058,32.42
7059,32.4
7060,31.2
7061,31.89
7062,34.54
7063,34.62
7064,28.9
7065,0.0
7066,0.0
7067,0.0
7068,0.0
7069,0.0
7070,0.0
7071,0.0
7072,0.0
7073,31.5
7074,49.18
7075,41.18
7076,39.48
7077,36.48
7078,33.37
7079,31.4
7080,30.78
7081,30.58
7082,30.56
7083,30.56
7084,30.79
7085,35.54
7086,37.88
7087,39.96
7088,33.19
7089,26.83
7090,26.38
7091,32.58
7092,33.52
7093,36.99
7094,33.61
7095,34.71
7096,36.68
7097,42.19
7098,45.36
7099,45.34
7100,41.95
7101,41.37
7102,36.97
7103,32.47
7104,31.2
7105,30.83
7106,30.79
7107,30.78
7108,30.8
7109,34.87
7110,37.48
7111,39.97
7112,37.57
7113,32.5
7114,32.26
7115,33.05
7116,33.04
7117,33.69
7118,32.38
7119,32.66
7120,33.62
7121,41.81
7122,48.93
7123,53.76
7124,43.6
7125,42.24
7126,36.97
7127,35.04
7128,31.16
7129,30.72
7130,30.67
7131,30.67
7132,30.7
7133,33.36
7134,37.12
7135,39.4
7136,31.59
7137,0.01
7138,1.5
7139,28.89
7140,28.12
7141,26.54
7142,26.51
7143,0.01
7144,0.01
7145,40.11
7146,53.35
7147,52.18
7148,52.15
7149,43.28
7150,37.81
7151,36.16
7152,34.06
7153,31.03
7154,30.75
7155,30.74
7156,30.82
7157,33.9
7158,37.12
7159,38.1
7160,30.82
7161,0.0
7162,0.0
7163,0.0
7164,0.01
7165,0.01
7166,0.0
7167,0.01
7168,29.14
7169,39.14
7170,42.79
7171,43.32
7172,42.56
7173,41.56
7174,36.18
7175,31.33
7176,30.86
7177,30.55
7178,30.53
7179,30.5
7180,30.57
7181,32.42
7182,36.52
7183,37.97
7184,33.93
7185,30.87
7186,29.38
7187,29.89
7188,29.3
7189,0.01
7190,0.01
7191,0.01
7192,0.01
7193,40.13
7194,46.79
7195,47.78
7196,43.23
7197,40.18
7198,36.65
7199,35.29
7200,32.79
7201,31.92
7202,31.89
7203,31.95
7204,32.58
7205,34.04
7206,36.33
7207,38.58
7208,35.51
7209,28.43
7210,27.93
7211,27.66
7212,27.46
7213,27.07
7214,25.86
7215,25.63
7216,26.17
7217,35.58
7218,45.06
7219,47.2
7220,45.42
7221,43.94
7222,40.76
7223,37.75
7224,35.65
7225,34.13
7226,32.98
7227,32.58
7228,32.69
7229,33.39
7230,34.82
7231,36.64
7232,32.92
7233,26.41
7234,1.47
7235,1.63
7236,1.64
7237,1.57
7238,1.58
7239,29.16
7240,31.73
7241,36.56
7242,54.42
7243,47.14
7244,42.75
7245,38.71
7246,33.84
7247,31.2
7248,31.03
7249,30.92
7250,30.91
7251,30.93
7252,31.19
7253,35.37
7254,38.45
7255,49.38
7256,38.28
7257,28.31
7258,1.57
7259,30.47
7260,28.69
7261,28.68
7262,29.16
7263,29.27
7264,34.76
7265,40.79
7266,49.25
7267,46.35
7268,44.07
7269,41.85
7270,37.89
7271,34.28
7272,31.51
7273,31.2
7274,31.2
7275,31.2
7276,31.36
7277,35.95
7278,39.94
7279,49.07
7280,45.41
7281,37.66
7282,34.35
7283,33.18
7284,31.77
7285,31.67
7286,31.74
7287,31.5
7288,33.1
7289,41.84
7290,46.25
7291,58.32
7292,45.69
7293,41.54
7294,37.27
7295,33.63
7296,32.71
7297,32.23
7298,32.11
7299,32.54
7300,34.93
7301,37.44
7302,40.29
7303,56.04
7304,44.37
7305,32.81
7306,31.37
7307,31.08
7308,31.35
7309,31.12
7310,31.44
7311,31.5
7312,32.11
7313,37.39
7314,47.91
7315,54.35
7316,49.47
7317,44.38
7318,39.21
7319,38.32
7320,36.68
7321,35.17
7322,34.63
7323,35.17
7324,36.13
7325,37.57
7326,40.54
7327,59.61
7328,38.74
7329,30.92
7330,27.14
7331,29.06
7332,29.47
7333,29.56
7334,28.45
7335,29.75
7336,31.58
7337,38.07
7338,58.51
7339,56.65
7340,43.9
7341,38.12
7342,36.89
7343,34.12
7344,32.61
7345,32.41
7346,32.39
7347,32.41
7348,33.34
7349,37.17
7350,38.42
7351,41.81
7352,38.56
7353,28.1
7354,25.01
7355,28.22
7356,30.11
7357,30.5
7358,30.05
7359,29.3
7360,30.25
7361,38.73
7362,52.15
7363,47.4
7364,42.2
7365,39.26
7366,38.08
7367,36.84
7368,35.01
7369,34.58
7370,34.25
7371,34.56
7372,34.83
7373,35.0
7374,37.15
7375,38.27
7376,35.54
7377,28.01
7378,0.01
7379,27.21
7380,28.79
7381,29.09
7382,28.0
7383,31.32
7384,32.4
7385,39.22
7386,46.17
7387,49.44
7388,46.17
7389,44.47
7390,40.07
7391,38.07
7392,37.78
7393,37.12
7394,37.06
7395,37.59
7396,37.74
7397,38.08
7398,38.52
7399,39.06
7400,38.06
7401,33.82
7402,30.68
7403,30.82
7404,30.59
7405,30.78
7406,30.43
7407,30.75
7408,31.09
7409,38.04
7410,45.68
7411,46.36
7412,46.2
7413,45.09
7414,41.25
7415,38.75
7416,38.21
7417,37.22
7418,36.88
7419,36.88
7420,36.93
7421,37.74
7422,39.93
7423,44.18
7424,40.15
7425,33.99
7426,32.29
7427,32.63
7428,32.74
7429,32.93
7430,32.18
7431,31.94
7432,34.0
7433,43.41
7434,53.48
7435,58.46
7436,53.05
7437,50.96
7438,46.41
7439,42.95
7440,39.99
7441,38.36
7442,37.94
7443,37.45
7444,37.48
7445,38.32
7446,41.92
7447,43.92
7448,40.93
7449,33.17
7450,31.22
7451,32.34
7452,32.67
7453,32.87
7454,33.02
7455,36.37
7456,37.28
7457,44.34
7458,46.8
7459,66.21
7460,54.11
7461,46.21
7462,42.46
7463,39.61
7464,37.69
7465,37.14
7466,36.93
7467,36.81
7468,36.81
7469,37.64
7470,41.73
7471,46.17
7472,44.95
7473,34.75
7474,32.2
7475,34.66
7476,35.91
7477,35.64
7478,35.24
7479,35.23
7480,36.19
7481,42.27
7482,50.48
7483,49.62
7484,47.8
7485,46.96
7486,44.44
7487,41.03
7488,38.52
7489,37.35
7490,37.08
7491,36.87
7492,37.45
7493,38.0
7494,43.43
7495,49.28
7496,44.28
7497,34.97
7498,33.52
7499,31.72
7500,30.61
7501,29.08
7502,27.25
7503,1.56
7504,28.18
7505,38.68
7506,45.06
7507,45.87
7508,43.51
7509,43.47
7510,40.87
7511,37.95
7512,37.34
7513,36.83
7514,36.57
7515,36.24
7516,36.26
7517,37.41
7518,39.04
7519,45.68
7520,38.87
7521,29.36
7522,1.89
7523,1.95
7524,2.04
7525,2.04
7526,2.19
7527,1.78
7528,30.51
7529,38.23
7530,41.69
7531,41.43
7532,39.57
7533,38.38
7534,37.73
7535,37.12
7536,36.66
7537,34.16
7538,32.75
7539,32.72
7540,32.71
7541,33.85
7542,36.42
7543,37.48
7544,32.26
7545,24.71
7546,23.7
7547,28.51
7548,24.52
7549,23.72
7550,23.94
7551,24.09
7552,28.22
7553,36.98
7554,39.31
7555,57.01
7556,38.07
7557,37.53
7558,36.77
7559,34.8
7560,32.17
7561,31.76
7562,31.62
7563,31.47
7564,31.44
7565,31.59
7566,31.92
7567,35.32
7568,30.19
7569,0.0
7570,0.0
7571,0.0
7572,0.0
7573,0.0
7574,0.0
7575,0.0
7576,27.39
7577,35.61
7578,39.81
7579,40.32
7580,40.31
7581,39.95
7582,36.54
7583,33.74
7584,31.79
7585,31.59
7586,31.56
7587,31.55
7588,31.58
7589,32.0
7590,36.03
7591,40.42
7592,43.65
7593,34.86
7594,34.35
7595,32.94
7596,0.0
7597,0.0
7598,0.0
7599,30.86
7600,31.73
7601,38.3
7602,42.03
7603,53.97
7604,46.65
7605,44.48
7606,40.02
7607,38.71
7608,36.18
7609,36.33
7610,36.6
7611,36.81
7612,37.87
7613,38.89
7614,41.55
7615,49.37
7616,51.45
7617,37.96
7618,33.04
7619,32.64
7620,32.6
7621,32.26
7622,30.16
7623,1.64
7624,30.84
7625,43.11
7626,46.25
7627,54.79
7628,51.19
7629,46.41
7630,44.45
7631,42.09
7632,39.02
7633,38.25
7634,38.19
7635,38.14
7636,38.06
7637,39.03
7638,43.58
7639,50.43
7640,50.2
7641,33.57
7642,31.63
7643,32.42
7644,32.94
7645,32.56
7646,32.24
7647,31.33
7648,33.17
7649,46.39
7650,49.12
7651,50.18
7652,47.18
7653,47.14
7654,44.8
7655,41.52
7656,38.53
7657,37.92
7658,37.89
7659,37.99
7660,37.96
7661,39.17
7662,43.65
7663,51.28
7664,50.62
7665,37.27
7666,33.54
7667,35.26
7668,36.24
7669,35.64
7670,34.13
7671,33.35
7672,35.22
7673,48.57
7674,57.71
7675,65.67
7676,54.19
7677,50.48
7678,47.5
7679,43.09
7680,39.9
7681,38.5
7682,38.43
7683,38.23
7684,38.25
7685,40.3
7686,43.88
7687,52.94
7688,113.28
7689,37.46
7690,30.76
7691,30.64
7692,31.36
7693,31.12
7694,30.8
7695,29.37
7696,30.79
7697,40.27
7698,52.67
7699,59.27
7700,44.1
7701,42.64
7702,41.14
7703,39.3
7704,37.43
7705,37.04
7706,36.88
7707,36.68
7708,36.7
7709,37.24
7710,38.16
7711,38.98
7712,37.76
7713,29.27
7714,24.46
7715,22.36
7716,24.65
7717,1.52
7718,0.01
7719,0.01
7720,29.03
7721,38.88
7722,40.75
7723,41.51
7724,40.54
7725,40.09
7726,38.64
7727,37.38
7728,36.63
7729,32.84
7730,32.6
7731,33.41
7732,33.63
7733,35.47
7734,36.89
7735,38.2
7736,37.11
7737,28.13
7738,0.0
7739,0.0
7740,0.01
7741,0.01
7742,0.01
7743,0.01
7744,28.57
7745,37.66
7746,40.36
7747,40.67
7748,40.46
7749,38.86
7750,37.76
7751,37.01
7752,34.66
7753,34.44
7754,34.43
7755,34.44
7756,34.68
7757,36.95
7758,40.36
7759,42.44
7760,44.4
7761,38.36
7762,34.93
7763,32.55
7764,34.43
7765,35.47
7766,34.37
7767,35.36
7768,37.33
7769,46.78
7770,49.77
7771,58.59
7772,47.85
7773,46.36
7774,44.49
7775,40.0
7776,37.33
7777,36.16
7778,35.38
7779,35.71
7780,36.17
7781,37.24
7782,40.92
7783,43.36
7784,53.79
7785,42.85
7786,37.43
7787,36.29
7788,35.96
7789,35.72
7790,35.71
7791,35.62
7792,36.93
7793,46.71
7794,55.92
7795,64.03
7796,55.75
7797,51.49
7798,45.78
7799,41.55
7800,38.96
7801,37.69
7802,36.96
7803,36.49
7804,36.51
7805,37.43
7806,39.41
7807,43.51
7808,42.36
7809,32.87
7810,30.41
7811,29.28
7812,28.95
7813,28.09
7814,22.28
7815,0.01
7816,30.12
7817,39.36
7818,42.93
7819,42.44
7820,42.34
7821,40.28
7822,38.89
7823,37.5
7824,37.03
7825,36.5
7826,35.33
7827,33.98
7828,33.82
7829,35.62
7830,36.67
7831,39.15
7832,34.74
7833,25.93
7834,0.0
7835,0.0
7836,0.0
7837,0.0
7838,0.0
7839,0.0
7840,1.22
7841,31.93
7842,36.61
7843,36.66
7844,36.67
7845,36.66
7846,36.16
7847,32.72
7848,31.63
7849,31.45
7850,31.28
7851,31.28
7852,31.36
7853,32.47
7854,35.64
7855,36.38
7856,35.97
7857,30.18
7858,28.86
7859,29.39
7860,30.71
7861,29.83
7862,29.13
7863,30.22
7864,31.9
7865,37.49
7866,41.04
7867,48.26
7868,48.63
7869,43.63
7870,42.67
7871,40.85
7872,39.16
7873,38.71
7874,38.37
7875,38.61
7876,38.68
7877,38.86
7878,39.94
7879,42.04
7880,41.18
7881,33.91
7882,33.57
7883,33.42
7884,33.11
7885,31.63
7886,29.81
7887,30.35
7888,33.63
7889,39.51
7890,43.69
7891,53.15
7892,51.24
7893,41.77
7894,39.55
7895,38.23
7896,37.7
7897,37.22
7898,36.8
7899,35.24
7900,35.31
7901,35.18
7902,36.72
7903,37.41
7904,37.45
7905,28.11
7906,1.47
7907,32.19
7908,33.02
7909,31.51
7910,29.38
7911,27.89
7912,32.09
7913,39.6
7914,44.67
7915,83.44
7916,46.08
7917,41.08
7918,39.91
7919,38.15
7920,37.54
7921,36.74
7922,35.68
7923,36.23
7924,36.86
7925,37.91
7926,40.79
7927,126.02
7928,42.29
7929,37.09
7930,32.75
7931,32.88
7932,33.05
7933,34.11
7934,33.77
7935,33.65
7936,38.74
7937,47.22
7938,50.1
7939,59.9
7940,53.72
7941,48.62
7942,46.88
7943,42.77
7944,38.99
7945,37.73
7946,37.62
7947,37.6
7948,37.74
7949,38.48
7950,43.27
7951,49.69
7952,57.07
7953,47.56
7954,39.56
7955,38.9
7956,39.22
7957,39.18
7958,38.96
7959,35.51
7960,38.25
7961,49.67
7962,54.97
7963,68.87
7964,50.6
7965,49.89
7966,46.43
7967,39.28
7968,37.93
7969,37.2
7970,36.94
7971,36.94
7972,36.94
7973,37.63
7974,43.24
7975,49.7
7976,69.45
7977,39.52
7978,32.42
7979,32.16
7980,33.36
7981,33.42
7982,31.34
7983,29.68
7984,32.0
7985,44.21
7986,48.77
7987,48.52
7988,64.51
7989,47.63
7990,46.81
7991,42.32
7992,38.46
7993,37.51
7994,37.28
7995,37.27
7996,37.51
7997,38.98
7998,44.48
7999,47.26
8000,46.96
8001,35.01
8002,27.81
8003,31.26
8004,32.44
8005,32.55
8006,30.18
8007,27.42
8008,33.24
8009,43.42
8010,47.63
8011,61.24
8012,62.29
8013,45.96
8014,43.83
8015,38.46
8016,37.45
8017,36.62
8018,36.33
8019,36.06
8020,36.68
8021,38.64
8022,41.81
8023,48.99
8024,59.88
8025,40.32
8026,35.29
8027,36.03
8028,35.31
8029,35.52
8030,35.45
8031,34.41
8032,36.17
8033,45.01
8034,47.64
8035,47.03
8036,43.31
8037,42.45
8038,41.05
8039,39.23
8040,38.24
8041,37.13
8042,35.36
8043,35.28
8044,35.56
8045,36.82
8046,37.38
8047,38.84
8048,38.36
8049,34.53
8050,33.72
8051,31.26
8052,30.31
8053,29.81
8054,29.52
8055,32.3
8056,33.65
8057,39.23
8058,41.44
8059,49.8
8060,41.69
8061,42.15
8062,40.98
8063,38.76
8064,37.83
8065,34.87
8066,34.24
8067,33.89
8068,33.99
8069,34.19
8070,34.7
8071,36.58
8072,37.72
8073,34.49
8074,33.32
8075,33.31
8076,33.65
8077,33.99
8078,34.14
8079,34.09
8080,34.75
8081,39.61
8082,44.04
8083,62.17
8084,58.27
8085,43.16
8086,39.14
8087,36.84
8088,34.32
8089,33.41
8090,33.33
8091,33.32
8092,33.31
8093,33.46
8094,36.12
8095,39.12
8096,38.81
8097,34.58
8098,33.87
8099,34.08
8100,34.21
8101,33.87
8102,33.72
8103,33.69
8104,34.1
8105,41.81
8106,45.56
8107,81.12
8108,44.06
8109,42.83
8110,38.87
8111,35.0
8112,34.21
8113,32.84
8114,32.69
8115,32.63
8116,32.68
8117,33.1
8118,34.98
8119,38.09
8120,39.35
8121,37.07
8122,34.6
8123,34.96
8124,35.66
8125,35.66
8126,34.8
8127,34.57
8128,35.49
8129,47.45
8130,55.66
8131,62.46
8132,50.95
8133,47.55
8134,43.82
8135,40.68
8136,36.24
8137,34.07
8138,32.56
8139,32.67
8140,32.78
8141,33.13
8142,35.56
8143,39.19
8144,42.27
8145,37.43
8146,31.26
8147,33.18
8148,33.33
8149,33.26
8150,33.3
8151,32.46
8152,34.14
8153,44.57
8154,47.03
8155,48.26
8156,47.74
8157,46.46
8158,43.17
8159,40.13
8160,37.59
8161,35.55
8162,35.55
8163,35.5
8164,35.54
8165,36.56
8166,39.47
8167,42.8
8168,42.6
8169,38.04
8170,35.43
8171,35.39
8172,35.87
8173,36.27
8174,36.59
8175,37.59
8176,39.98
8177,47.58
8178,55.93
8179,56.14
8180,48.44
8181,44.9
8182,42.69
8183,38.8
8184,37.17
8185,36.71
8186,37.03
8187,37.04
8188,37.49
8189,37.98
8190,40.74
8191,46.76
8192,50.52
8193,51.96
8194,50.84
8195,47.2
8196,45.72
8197,45.04
8198,44.58
8199,45.38
8200,48.34
8201,51.28
8202,55.68
8203,55.23
8204,51.33
8205,51.83
8206,48.74
8207,43.3
8208,41.13
8209,39.01
8210,38.02
8211,37.48
8212,37.2
8213,37.0
8214,37.43
8215,38.62
8216,39.56
8217,37.18
8218,37.44
8219,38.34
8220,37.75
8221,37.78
8222,37.14
8223,37.19
8224,37.9
8225,42.86
8226,46.01
8227,45.26
8228,42.84
8229,41.39
8230,38.75
8231,37.13
8232,35.14
8233,34.09
8234,33.9
8235,33.8
8236,33.79
8237,33.8
8238,33.83
8239,33.9
8240,34.11
8241,34.28
8242,34.09
8243,34.57
8244,34.58
8245,34.71
8246,34.63
8247,33.23
8248,35.36
8249,39.66
8250,41.96
8251,42.0
8252,41.97
8253,40.33
8254,38.34
8255,36.57
8256,34.28
8257,33.92
8258,33.8
8259,33.89
8260,33.9
8261,34.0
8262,35.91
8263,39.62
8264,41.91
8265,40.64
8266,38.86
8267,39.54
8268,38.64
8269,38.75
8270,38.63
8271,41.02
8272,42.4
8273,48.27
8274,52.38
8275,57.63
8276,53.19
8277,51.42
8278,46.78
8279,41.94
8280,38.67
8281,37.46
8282,37.01
8283,36.89
8284,37.01
8285,37.74
8286,39.93
8287,43.59
8288,47.71
8289,42.43
8290,38.17
8291,35.96
8292,36.51
8293,35.65
8294,34.33
8295,32.27
8296,34.78
8297,47.09
8298,51.86
8299,57.77
8300,49.26
8301,49.0
8302,47.29
8303,40.94
8304,38.68
8305,37.91
8306,37.88
8307,37.87
8308,38.02
8309,39.32
8310,43.79
8311,49.2
8312,54.89
8313,40.26
8314,29.74
8315,29.83
8316,33.15
8317,33.1
8318,29.71
8319,0.01
8320,33.54
8321,49.61
8322,170.55
8323,91.7
8324,85.81
8325,51.38
8326,48.21
8327,43.04
8328,39.67
8329,38.32
8330,37.86
8331,37.86
8332,37.91
8333,40.4
8334,46.41
8335,50.13
8336,76.0
8337,38.56
8338,33.69
8339,0.01
8340,30.29
8341,30.7
8342,29.95
8343,29.98
8344,32.96
8345,44.1
8346,50.46
8347,51.62
8348,58.29
8349,50.26
8350,48.61
8351,46.53
8352,40.53
8353,38.99
8354,38.61
8355,38.61
8356,38.71
8357,40.32
8358,44.6
8359,62.61
8360,48.4
8361,38.59
8362,31.5
8363,31.4
8364,33.41
8365,33.96
8366,32.23
8367,31.01
8368,33.8
8369,42.64
8370,44.41
8371,46.82
8372,46.4
8373,45.31
8374,42.82
8375,41.46
8376,38.89
8377,37.4
8378,36.55
8379,35.96
8380,35.67
8381,36.16
8382,37.54
8383,39.5
8384,39.98
8385,38.41
8386,36.92
8387,34.86
8388,35.38
8389,34.72
8390,34.48
8391,35.43
8392,36.04
8393,39.92
8394,41.29
8395,41.65
8396,40.34
8397,39.18
8398,37.49
8399,34.78
8400,34.0
8401,33.49
8402,32.82
8403,32.57
8404,32.24
8405,32.56
8406,32.59
8407,33.74
8408,35.11
8409,35.39
8410,36.8
8411,36.87
8412,37.64
8413,37.81
8414,38.45
8415,35.44
8416,38.66
8417,44.33
8418,46.14
8419,48.16
8420,46.23
8421,45.3
8422,44.25
8423,40.89
8424,38.38
8425,37.51
8426,37.36
8427,37.29
8428,37.8
8429,38.4
8430,40.59
8431,45.05
8432,50.73
8433,50.8
8434,48.71
8435,48.32
8436,46.61
8437,46.39
8438,44.85
8439,46.05
8440,48.26
8441,50.04
8442,53.49
8443,57.56
8444,50.8
8445,50.2
8446,48.3
8447,42.67
8448,39.84
8449,37.15
8450,36.2
8451,35.73
8452,35.77
8453,36.2
8454,38.2
8455,41.82
8456,42.69
8457,37.96
8458,35.51
8459,34.92
8460,35.5
8461,34.99
8462,36.23
8463,34.95
8464,36.79
8465,43.62
8466,47.41
8467,52.79
8468,52.42
8469,48.75
8470,45.19
8471,40.81
8472,38.02
8473,37.36
8474,37.44
8475,37.45
8476,37.86
8477,38.49
8478,41.8
8479,50.54
8480,57.9
8481,44.7
8482,39.68
8483,38.68
8484,38.56
8485,37.07
8486,37.06
8487,37.31
8488,38.31
8489,45.26
8490,48.62
8491,49.94
8492,49.36
8493,48.57
8494,45.4
8495,40.63
8496,37.3
8497,35.95
8498,35.0
8499,34.79
8500,34.77
8501,35.41
8502,38.62
8503,42.47
8504,42.82
8505,40.04
8506,38.94
8507,38.07
8508,37.55
8509,37.54
8510,37.48
8511,37.5
8512,38.95
8513,43.66
8514,47.08
8515,58.57
8516,49.22
8517,46.32
8518,41.76
8519,38.99
8520,36.21
8521,35.64
8522,35.28
8523,35.2
8524,35.3
8525,37.06
8526,39.49
8527,42.44
8528,46.99
8529,41.94
8530,38.51
8531,38.53
8532,38.09
8533,37.2
8534,38.15
8535,38.01
8536,38.9
8537,44.81
8538,52.81
8539,63.72
8540,53.92
8541,50.33
8542,47.33
8543,44.34
8544,39.79
8545,38.47
8546,37.87
8547,36.87
8548,36.86
8549,37.63
8550,39.69
8551,40.46
8552,42.59
8553,35.74
8554,31.83
8555,31.47
8556,29.91
8557,30.15
8558,1.82
8559,0.02
8560,28.47
8561,40.73
8562,45.66
8563,46.37
8564,50.87
8565,46.11
8566,43.08
8567,41.38
8568,39.88
8569,37.97
8570,36.79
8571,36.07
8572,36.26
8573,37.51
8574,38.85
8575,39.71
8576,40.32
8577,35.15
8578,29.62
8579,31.68
8580,33.75
8581,33.34
8582,33.76
8583,34.71
8584,35.23
8585,45.33
8586,52.41
8587,80.79
8588,51.08
8589,47.18
8590,44.98
8591,41.53
8592,40.12
8593,38.3
8594,37.49
8595,37.01
8596,36.61
8597,36.83
8598,38.71
8599,40.62
8600,42.09
8601,40.67
8602,39.54
8603,38.88
8604,39.75
8605,39.26
8606,38.87
8607,39.85
8608,40.54
8609,46.55
8610,52.18
8611,42.87
8612,42.12
8613,40.95
8614,39.61
8615,37.72
8616,36.28
8617,34.35
8618,34.12
8619,33.96
8620,33.94
8621,33.95
8622,34.14
8623,34.52
8624,34.98
8625,34.15
8626,1.41
8627,26.74
8628,30.21
8629,30.18
8630,30.14
8631,29.05
8632,33.83
8633,37.36
8634,38.48
8635,38.7
8636,38.52
8637,38.51
8638,37.77
8639,35.85
8640,34.43
8641,34.01
8642,34.09
8643,34.09
8644,34.16
8645,34.16
8646,35.9
8647,38.13
8648,40.46
8649,40.07
8650,41.21
8651,40.18
8652,40.8
8653,42.02
8654,41.26
8655,39.22
8656,41.6
8657,45.46
8658,48.56
8659,52.04
8660,47.53
8661,47.7
8662,43.26
8663,40.68
8664,38.61
8665,37.38
8666,36.93
8667,36.55
8668,36.88
8669,37.27
8670,38.34
8671,40.41
8672,42.26
8673,40.86
8674,40.61
8675,41.67
8676,40.27
8677,39.22
8678,37.2
8679,36.67
8680,39.06
8681,50.7
8682,55.41
8683,68.85
8684,58.91
8685,50.58
8686,50.49
8687,46.93
8688,43.39
8689,41.71
8690,41.48
8691,41.44
8692,41.54
8693,42.09
8694,44.65
8695,47.73
8696,54.79
8697,50.34
8698,48.75
8699,45.57
8700,40.97
8701,41.22
8702,41.61
8703,42.98
8704,45.59
8705,50.57
8706,52.96
8707,54.84
8708,51.67
8709,49.66
8710,48.27
8711,44.27
8712,41.77
8713,37.38
8714,36.93
8715,36.55
8716,36.88
8717,37.27
8718,38.34
8719,40.41
8720,42.26
8721,40.86
8722,40.61
8723,41.67
8724,40.27
8725,39.22
8726,37.2
8727,36.67
8728,39.06
8729,50.7
8730,55.41
8731,68.85
8732,58.91
8733,50.58
8734,50.49
8735,46.93
8736,43.39
8737,41.71
8738,41.48
8739,41.44
8740,41.54
8741,42.09
8742,44.65
8743,47.73
8744,54.79
8745,50.34
8746,48.75
8747,45.57
8748,40.97
8749,41.22
8750,41.61
8751,42.98
8752,45.59
8753,50.57
8754,52.96
8755,54.84
8756,51.67
8757,49.66
8758,48.27
8759,44.27
8760,41.77
