,Scenario Choice,Count,Site Lat,Site Lon,ATB Year,Resource Year,Site Name,Critical Load Factor,kW continuous load,PTC,ITC,Hub Height (m),Useful Life,Storage Enabled,Wind Cost kW,Solar Cost kW,Storage Cost kW,Storage Cost kWh,Storage Hours,Wind MW built,Solar MW built,Storage MW built,Storage MWh built,Battery Can Grid Charge,Built Interconnection Size,REOpt Interconnection Size,LCOE,Levelized cost of H2 (excl. electricity) (H2A),Levelized H2 Elec Feedstock Cost/kg (HOPP),Total H2 cost/kg,Total Annual H2 production (kg),H2 Elec Feedstock Cost/kg (HOPP) Net Cap Cost Method,H2 Elec Feedstock Cost/kg (REopt) Net Cap Cost Method,Electrolyzer Size,Electrolyzer Total System Size,H2A scaled total install cost,H2A scaled total install cost per kw,REOpt Energy Shortfall,REOpt Curtailment,Grid Connected HOPP,HOPP Total Generation,HOPP Energy Shortfall,HOPP Curtailment,Battery Generation,Electricity to Grid
0,3MW 160HH GA,1,33.162,-83.8,2030,2013,Special_Hybrid_H2,0.9,150,no,no,160,30,False,1359,9999,1000,1100,13.700527711349219,150,0,0,0,False,150000,150,3.902507229926041,1.6741814647273112,2.165891512608953,3.840072977336264,1235826.3477387328,5.925969417770846,223.24475064916285,9.08108108108108,10,4339579.041312115,433.95790413121154,0,239174203.379,True,485693072.8233753,171894.64261181,0.0,0.0,0.0
1,3MW 90HH GA,1,33.162,-83.8,2030,2013,Special_Hybrid_H2,0.9,150,no,no,90,30,False,1133,9999,1000,1100,13.700527711349219,150,0,0,0,False,150000,150,4.570418329321172,1.763482283736674,2.5365821727732505,4.300064456509924,1150069.5908249535,5.294548113546664,223.24475064916285,9.08108108108108,10,4100196.7328113825,410.01967328113824,0,239174203.379,True,382717088.00454015,218821.0540801049,0.0,0.0,0.0
2,2018 COE 160HH GA,1,33.162,-83.8,2030,2013,Special_Hybrid_H2,0.9,150,no,no,160,30,False,1380,9999,1000,1100,13.700527711349219,150,0,0,0,False,150000,150,3.944857135958449,1.6741814647273112,2.189395710456939,3.86357717518425,1235826.3477387328,6.010874279146727,223.24475064916285,9.08108108108108,10,4339579.041312115,433.95790413121154,0,239174203.379,True,485693072.8233753,171894.64261181,0.0,0.0,0.0
3,2018 COE 90HH GA,1,33.162,-83.8,2030,2013,Special_Hybrid_H2,0.9,150,no,no,90,30,False,1185,9999,1000,1100,13.700527711349219,150,0,0,0,False,150000,150,4.703507649203748,1.763482283736674,2.6104467453080797,4.373929029044754,1150069.5908249535,5.520465646006839,223.24475064916285,9.08108108108108,10,4100196.7328113825,410.01967328113824,0,239174203.379,True,382717088.00454015,218821.0540801049,0.0,0.0,0.0
4,ATB ADV GA,1,33.162,-83.8,2030,2013,Special_Hybrid_H2,0.9,150,no,no,135,30,False,940,9999,1000,1100,13.700527711349219,150,0,0,0,False,150000,150,4.5172076756478425,1.7865714214502852,2.5070502599845526,4.293621681434837,1130564.719274857,4.414084360432345,223.24475064916285,9.08108108108108,10,4051744.42976659,405.17444297665895,0,239174203.379,True,343576975.79577637,253819.3341245377,0.0,0.0,0.0
5,3MW 160HH High TX,1,35.23328,-102.287,2030,2013,Special_Hybrid_H2,0.9,150,no,no,160,30,False,1359,9999,1000,1100,13.700527711349219,150,0,0,0,False,150000,150,2.346674880023548,1.5171466595622365,1.3024045584130692,2.819551217975306,1424618.5543457908,5.316747863824973,223.24475064916285,9.08108108108108,10,4880811.27693439,488.081127693439,0,239174203.379,True,731472784.6497314,74971.83691138281,0.0,0.0,0.0
6,3MW 90HH High TX,1,35.23328,-102.287,2030,2013,Special_Hybrid_H2,0.9,150,no,no,90,30,False,1133,9999,1000,1100,13.700527711349219,150,0,0,0,False,150000,150,2.1400858208744036,1.518151533316493,1.187747630585294,2.705899163901787,1423643.2332451434,4.509635179890962,223.24475064916285,9.08108108108108,10,4880572.642814379,488.05726428143794,0,239174203.379,True,707009702.9731576,70828.55644291268,0.0,0.0,0.0
7,2018 COE 160HH High TX,1,35.23328,-102.287,2030,2013,Special_Hybrid_H2,0.9,150,no,no,160,30,False,1380,9999,1000,1100,13.700527711349219,150,0,0,0,False,150000,150,2.374796767730104,1.5171466595622365,1.3180122060902075,2.835158865652444,1424618.5543457908,5.390401028329491,223.24475064916285,9.08108108108108,10,4880811.27693439,488.081127693439,0,239174203.379,True,731472784.6497314,74971.83691138281,0.0,0.0,0.0
8,2018 COE 90HH High TX,1,35.23328,-102.287,2030,2013,Special_Hybrid_H2,0.9,150,no,no,90,30,False,1185,9999,1000,1100,13.700527711349219,150,0,0,0,False,150000,150,2.2121335673805134,1.518151533316493,1.227734129896185,2.745885663212678,1423643.2332451434,4.692139390250184,223.24475064916285,9.08108108108108,10,4880572.642814379,488.05726428143794,0,239174203.379,True,707009702.9731576,70828.55644291268,0.0,0.0,0.0
9,ATB ADV High TX,1,35.23328,-102.287,2030,2013,Special_Hybrid_H2,0.9,150,no,no,135,30,False,940,9999,1000,1100,13.700527711349219,150,0,0,0,False,150000,150,2.259855328153568,1.5411475058285302,1.2542197071252301,2.79536721295376,1391875.3961493992,3.775727366451245,223.24475064916285,9.08108108108108,10,4785439.930991636,478.5439930991636,0,239174203.379,True,603128990.3116466,94098.2636344127,0.0,0.0,0.0
10,3MW 160HH Moderate,1,32.183170000000004,-101.515,2030,2013,Special_Hybrid_H2,0.9,150,no,no,160,30,False,1359,9999,1000,1100,13.700527711349219,150,0,0,0,False,150000,150,2.529131031498765,1.5152296424587468,1.4036677224818146,2.9188973649405616,1428146.6733392114,5.27432831939403,223.24475064916285,9.08108108108108,10,4896234.510151356,489.62345101513563,0,239174203.379,True,690505009.4170666,67226.59304140566,0.0,0.0,0.0
11,3MW 90HH Moderate,1,32.183170000000004,-101.515,2030,2013,Special_Hybrid_H2,0.9,150,no,no,90,30,False,1133,9999,1000,1100,13.700527711349219,150,0,0,0,False,150000,150,2.540225842859466,1.5366618943151067,1.4098253427870038,2.9464872371021107,1397715.6603209018,4.530079072314667,223.24475064916285,9.08108108108108,10,4801428.882236788,480.1428882236788,0,239174203.379,True,620477672.9995719,83545.1064842305,0.0,0.0,0.0
12,2018 COE 160HH Moderate,1,32.183170000000004,-101.515,2030,2013,Special_Hybrid_H2,0.9,150,no,no,160,30,False,1380,9999,1000,1100,13.700527711349219,150,0,0,0,False,150000,150,2.5589214726757623,1.5152296424587468,1.420201417335048,2.9354310597937947,1428146.6733392114,5.347799529808352,223.24475064916285,9.08108108108108,10,4896234.510151356,489.62345101513563,0,239174203.379,True,690505009.4170666,67226.59304140566,0.0,0.0,0.0
13,2018 COE 90HH Moderate,1,32.183170000000004,-101.515,2030,2013,Special_Hybrid_H2,0.9,150,no,no,90,30,False,1185,9999,1000,1100,13.700527711349219,150,0,0,0,False,150000,150,2.6223237271257243,1.5366618943151067,1.455389668554777,2.9920515628698836,1397715.6603209018,4.715968728911204,223.24475064916285,9.08108108108108,10,4801428.882236788,480.1428882236788,0,239174203.379,True,620477672.9995719,83545.1064842305,0.0,0.0,0.0
14,ATB ADV Moderate,1,32.183170000000004,-101.515,2030,2013,Special_Hybrid_H2,0.9,150,no,no,135,30,False,940,9999,1000,1100,13.700527711349219,150,0,0,0,False,150000,150,2.72640997547453,1.5524673284719381,1.513157536388364,3.065624864860302,1376519.7236824543,3.7574485003290627,223.24475064916285,9.08108108108108,10,4738002.822298013,473.80028222980127,0,239174203.379,True,521671031.0926172,105551.60712471932,0.0,0.0,0.0
15,3MW 160HH GA,1,33.162,-83.8,2030,2013,Special_Hybrid_H2,0.9,150,no,no,160,30,False,1359,9999,1000,1100,13.700527711349219,150,0,0,0,False,150000,150,3.902507229926041,1.0893905057186186,2.165891512608953,3.2552820183275717,2777856.5586046227,2.636374120791142,223.24475064916285,22.7027027027027,25,9971880.949130608,398.8752379652243,0,239174203.379,True,485693072.8233753,171894.64261181,0.0,0.0,0.0
16,3MW 90HH GA,1,33.162,-83.8,2030,2013,Special_Hybrid_H2,0.9,150,no,no,90,30,False,1133,9999,1000,1100,13.700527711349219,150,0,0,0,False,150000,150,4.570418329321172,1.1495700232357347,2.5365821727732505,3.686152196008985,2526017.244847131,2.4105531325927827,223.24475064916285,22.7027027027027,25,9255062.82871612,370.2025131486448,0,239174203.379,True,382717088.00454015,218821.0540801049,0.0,0.0,0.0
17,2018 COE 160HH GA,1,33.162,-83.8,2030,2013,Special_Hybrid_H2,0.9,150,no,no,160,30,False,1380,9999,1000,1100,13.700527711349219,150,0,0,0,False,150000,150,3.944857135958449,1.0893905057186186,2.189395710456939,3.2787862161755577,2777856.5586046227,2.6741470088167665,223.24475064916285,22.7027027027027,25,9971880.949130608,398.8752379652243,0,239174203.379,True,485693072.8233753,171894.64261181,0.0,0.0,0.0
18,2018 COE 90HH GA,1,33.162,-83.8,2030,2013,Special_Hybrid_H2,0.9,150,no,no,90,30,False,1185,9999,1000,1100,13.700527711349219,150,0,0,0,False,150000,150,4.703507649203748,1.1495700232357347,2.6104467453080797,3.7600167685438146,2526017.244847131,2.5134110543455614,223.24475064916285,22.7027027027027,25,9255062.82871612,370.2025131486448,0,239174203.379,True,382717088.00454015,218821.0540801049,0.0,0.0,0.0
19,ATB ADV GA,1,33.162,-83.8,2030,2013,Special_Hybrid_H2,0.9,150,no,no,135,30,False,940,9999,1000,1100,13.700527711349219,150,0,0,0,False,150000,150,4.5172076756478425,1.1873896820183487,2.5070502599845526,3.6944399420029015,2390562.8516530525,2.087545216540494,223.24475064916285,22.7027027027027,25,8872480.882028075,354.89923528112297,0,239174203.379,True,343576975.79577637,253819.3341245377,0.0,0.0,0.0
20,3MW 160HH High TX,1,35.23328,-102.287,2030,2013,Special_Hybrid_H2,0.9,150,no,no,160,30,False,1359,9999,1000,1100,13.700527711349219,150,0,0,0,False,150000,150,2.346674880023548,0.9792930808796975,1.3024045584130692,2.2816976392927666,3395639.6259128414,2.230607040211817,223.24475064916285,22.7027027027027,25,11724635.39306339,468.9854157225356,0,239174203.379,True,731472784.6497314,74971.83691138281,0.0,0.0,0.0
21,3MW 90HH High TX,1,35.23328,-102.287,2030,2013,Special_Hybrid_H2,0.9,150,no,no,90,30,False,1133,9999,1000,1100,13.700527711349219,150,0,0,0,False,150000,150,2.1400858208744036,0.9811267303404424,1.187747630585294,2.1688743609257366,3383714.0863733734,1.8973564090744488,223.24475064916285,22.7027027027027,25,11692597.543104278,467.7039017241711,0,239174203.379,True,707009702.9731576,70828.55644291268,0.0,0.0,0.0
22,2018 COE 160HH High TX,1,35.23328,-102.287,2030,2013,Special_Hybrid_H2,0.9,150,no,no,160,30,False,1380,9999,1000,1100,13.700527711349219,150,0,0,0,False,150000,150,2.374796767730104,0.9792930808796975,1.3180122060902075,2.297305286969905,3395639.6259128414,2.26150774708857,223.24475064916285,22.7027027027027,25,11724635.39306339,468.9854157225356,0,239174203.379,True,731472784.6497314,74971.83691138281,0.0,0.0,0.0
23,2018 COE 90HH High TX,1,35.23328,-102.287,2030,2013,Special_Hybrid_H2,0.9,150,no,no,90,30,False,1185,9999,1000,1100,13.700527711349219,150,0,0,0,False,150000,150,2.2121335673805134,0.9811267303404424,1.227734129896185,2.2088608602366273,3383714.0863733734,1.974142117761535,223.24475064916285,22.7027027027027,25,11692597.543104278,467.7039017241711,0,239174203.379,True,707009702.9731576,70828.55644291268,0.0,0.0,0.0
24,ATB ADV High TX,1,35.23328,-102.287,2030,2013,Special_Hybrid_H2,0.9,150,no,no,135,30,False,940,9999,1000,1100,13.700527711349219,150,0,0,0,False,150000,150,2.259855328153568,1.0082585858041595,1.2542197071252301,2.26247829292939,3209012.4826111123,1.6376820135194,223.24475064916285,22.7027027027027,25,11198492.888599733,447.93971554398934,0,239174203.379,True,603128990.3116466,94098.2636344127,0.0,0.0,0.0
25,3MW 160HH Moderate,1,32.183170000000004,-101.515,2030,2013,Special_Hybrid_H2,0.9,150,no,no,160,30,False,1359,9999,1000,1100,13.700527711349219,150,0,0,0,False,150000,150,2.529131031498765,0.9798878134821649,1.4036677224818146,2.3835555359639793,3390845.229248529,2.2214267930803544,223.24475064916285,22.7027027027027,25,11708902.336694362,468.3560934677745,0,239174203.379,True,690505009.4170666,67226.59304140566,0.0,0.0,0.0
26,3MW 90HH Moderate,1,32.183170000000004,-101.515,2030,2013,Special_Hybrid_H2,0.9,150,no,no,90,30,False,1133,9999,1000,1100,13.700527711349219,150,0,0,0,False,150000,150,2.540225842859466,0.9959626116119563,1.4098253427870038,2.40578795439896,3284240.6333151846,1.9279228195513716,223.24475064916285,22.7027027027027,25,11406179.13812242,456.24716552489684,0,239174203.379,True,620477672.9995719,83545.1064842305,0.0,0.0,0.0
27,2018 COE 160HH Moderate,1,32.183170000000004,-101.515,2030,2013,Special_Hybrid_H2,0.9,150,no,no,160,30,False,1380,9999,1000,1100,13.700527711349219,150,0,0,0,False,150000,150,2.5589214726757623,0.9798878134821649,1.420201417335048,2.400089230817213,3390845.229248529,2.252371191201018,223.24475064916285,22.7027027027027,25,11708902.336694362,468.3560934677745,0,239174203.379,True,690505009.4170666,67226.59304140566,0.0,0.0,0.0
28,2018 COE 90HH Moderate,1,32.183170000000004,-101.515,2030,2013,Special_Hybrid_H2,0.9,150,no,no,90,30,False,1185,9999,1000,1100,13.700527711349219,150,0,0,0,False,150000,150,2.6223237271257243,0.9959626116119563,1.455389668554777,2.4513522801667333,3284240.6333151846,2.0070342224982336,223.24475064916285,22.7027027027027,25,11406179.13812242,456.24716552489684,0,239174203.379,True,620477672.9995719,83545.1064842305,0.0,0.0,0.0
29,ATB ADV Moderate,1,32.183170000000004,-101.515,2030,2013,Special_Hybrid_H2,0.9,150,no,no,135,30,False,940,9999,1000,1100,13.700527711349219,150,0,0,0,False,150000,150,2.72640997547453,1.025524405704491,1.513157536388364,2.538681942092855,3104717.383636867,1.6659171616339823,223.24475064916285,22.7027027027027,25,10896334.760109978,435.85339040439914,0,239174203.379,True,521671031.0926172,105551.60712471932,0.0,0.0,0.0
30,3MW 160HH GA,1,33.162,-83.8,2030,2013,Special_Hybrid_H2,0.9,150,no,no,160,30,False,1359,9999,1000,1100,13.700527711349219,150,0,0,0,False,150000,150,3.902507229926041,0.9059758569851792,2.165891512608953,3.0718673695941323,4812203.66683268,1.5218535310238372,223.24475064916285,45.4054054054054,50,17825365.682881404,356.50731365762806,0,239174203.379,True,485693072.8233753,171894.64261181,0.0,0.0,0.0
31,3MW 90HH GA,1,33.162,-83.8,2030,2013,Special_Hybrid_H2,0.9,150,no,no,90,30,False,1133,9999,1000,1100,13.700527711349219,150,0,0,0,False,150000,150,4.570418329321172,0.9649238191810375,2.5365821727732505,3.501505991954288,4219607.402411683,1.4430486540215721,223.24475064916285,45.4054054054054,50,16137013.753569547,322.74027507139095,0,239174203.379,True,382717088.00454015,218821.0540801049,0.0,0.0,0.0
32,2018 COE 160HH GA,1,33.162,-83.8,2030,2013,Special_Hybrid_H2,0.9,150,no,no,160,30,False,1380,9999,1000,1100,13.700527711349219,150,0,0,0,False,150000,150,3.944857135958449,0.9059758569851792,2.189395710456939,3.0953715674421183,4812203.66683268,1.5436580247659901,223.24475064916285,45.4054054054054,50,17825365.682881404,356.50731365762806,0,239174203.379,True,485693072.8233753,171894.64261181,0.0,0.0,0.0
33,2018 COE 90HH GA,1,33.162,-83.8,2030,2013,Special_Hybrid_H2,0.9,150,no,no,90,30,False,1185,9999,1000,1100,13.700527711349219,150,0,0,0,False,150000,150,4.703507649203748,0.9649238191810375,2.6104467453080797,3.575370564489117,4219607.402411683,1.5046233123578325,223.24475064916285,45.4054054054054,50,16137013.753569547,322.74027507139095,0,239174203.379,True,382717088.00454015,218821.0540801049,0.0,0.0,0.0
34,ATB ADV GA,1,33.162,-83.8,2030,2013,Special_Hybrid_H2,0.9,150,no,no,135,30,False,940,9999,1000,1100,13.700527711349219,150,0,0,0,False,150000,150,4.5172076756478425,1.008696828253104,2.5070502599845526,3.5157470882376565,3869225.7645397857,1.2897691552514776,223.24475064916285,45.4054054054054,50,15148565.049693651,302.97130099387306,0,239174203.379,True,343576975.79577637,253819.3341245377,0.0,0.0,0.0
35,3MW 160HH High TX,1,35.23328,-102.287,2030,2013,Special_Hybrid_H2,0.9,150,no,no,160,30,False,1359,9999,1000,1100,13.700527711349219,150,0,0,0,False,150000,150,2.346674880023548,0.8046929948879041,1.3024045584130692,2.1070975533009735,6333754.882649578,1.1958684533770365,223.24475064916285,45.4054054054054,50,22143407.21682529,442.86814433650585,0,239174203.379,True,731472784.6497314,74971.83691138281,0.0,0.0,0.0
36,3MW 90HH High TX,1,35.23328,-102.287,2030,2013,Special_Hybrid_H2,0.9,150,no,no,90,30,False,1133,9999,1000,1100,13.700527711349219,150,0,0,0,False,150000,150,2.1400858208744036,0.8082033015154978,1.187747630585294,1.9959509321007918,6265832.692324907,1.0246222527007598,223.24475064916285,45.4054054054054,50,21952068.533904836,439.0413706780967,0,239174203.379,True,707009702.9731576,70828.55644291268,0.0,0.0,0.0
37,2018 COE 160HH High TX,1,35.23328,-102.287,2030,2013,Special_Hybrid_H2,0.9,150,no,no,160,30,False,1380,9999,1000,1100,13.700527711349219,150,0,0,0,False,150000,150,2.374796767730104,0.8046929948879041,1.3180122060902075,2.1227052009781118,6333754.882649578,1.2124348767204554,223.24475064916285,45.4054054054054,50,22143407.21682529,442.86814433650585,0,239174203.379,True,731472784.6497314,74971.83691138281,0.0,0.0,0.0
38,2018 COE 90HH High TX,1,35.23328,-102.287,2030,2013,Special_Hybrid_H2,0.9,150,no,no,90,30,False,1185,9999,1000,1100,13.700527711349219,150,0,0,0,False,150000,150,2.2121335673805134,0.8082033015154978,1.227734129896185,2.035937431411683,6265832.692324907,1.066088550457946,223.24475064916285,45.4054054054054,50,21952068.533904836,439.0413706780967,0,239174203.379,True,707009702.9731576,70828.55644291268,0.0,0.0,0.0
39,ATB ADV High TX,1,35.23328,-102.287,2030,2013,Special_Hybrid_H2,0.9,150,no,no,135,30,False,940,9999,1000,1100,13.700527711349219,150,0,0,0,False,150000,150,2.259855328153568,0.8397547064568207,1.2542197071252301,2.0939744135820506,5709792.437060647,0.9204085931076088,223.24475064916285,45.4054054054054,50,20374580.84979636,407.4916169959272,0,239174203.379,True,603128990.3116466,94098.2636344127,0.0,0.0,0.0
40,3MW 160HH Moderate,1,32.183170000000004,-101.515,2030,2013,Special_Hybrid_H2,0.9,150,no,no,160,30,False,1359,9999,1000,1100,13.700527711349219,150,0,0,0,False,150000,150,2.529131031498765,0.8108643670699769,1.4036677224818146,2.2145320895517915,6211866.582392649,1.2126008090373457,223.24475064916285,45.4054054054054,50,21793264.518175554,435.86529036351106,0,239174203.379,True,690505009.4170666,67226.59304140566,0.0,0.0,0.0
41,3MW 90HH Moderate,1,32.183170000000004,-101.515,2030,2013,Special_Hybrid_H2,0.9,150,no,no,90,30,False,1133,9999,1000,1100,13.700527711349219,150,0,0,0,False,150000,150,2.540225842859466,0.827079668812228,1.4098253427870038,2.236905011599232,5915909.146593841,1.0702940672291739,223.24475064916285,45.4054054054054,50,20949171.91251632,418.98343825032634,0,239174203.379,True,620477672.9995719,83545.1064842305,0.0,0.0,0.0
42,2018 COE 160HH Moderate,1,32.183170000000004,-101.515,2030,2013,Special_Hybrid_H2,0.9,150,no,no,160,30,False,1380,9999,1000,1100,13.700527711349219,150,0,0,0,False,150000,150,2.5589214726757623,0.8108643670699769,1.420201417335048,2.2310657844050246,6211866.582392649,1.229492296217195,223.24475064916285,45.4054054054054,50,21793264.518175554,435.86529036351106,0,239174203.379,True,690505009.4170666,67226.59304140566,0.0,0.0,0.0
43,2018 COE 90HH Moderate,1,32.183170000000004,-101.515,2030,2013,Special_Hybrid_H2,0.9,150,no,no,90,30,False,1185,9999,1000,1100,13.700527711349219,150,0,0,0,False,150000,150,2.6223237271257243,0.827079668812228,1.455389668554777,2.282469337367005,5915909.146593841,1.1142130791136364,223.24475064916285,45.4054054054054,50,20949171.91251632,418.98343825032634,0,239174203.379,True,620477672.9995719,83545.1064842305,0.0,0.0,0.0
44,ATB ADV Moderate,1,32.183170000000004,-101.515,2030,2013,Special_Hybrid_H2,0.9,150,no,no,135,30,False,940,9999,1000,1100,13.700527711349219,150,0,0,0,False,150000,150,2.72640997547453,0.8626102717758425,1.513157536388364,2.3757678081642064,5360124.953204933,0.9649405595165171,223.24475064916285,45.4054054054054,50,19371746.879672386,387.4349375934477,0,239174203.379,True,521671031.0926172,105551.60712471932,0.0,0.0,0.0
45,3MW 160HH GA,1,33.162,-83.8,2030,2013,Special_Hybrid_H2,0.9,150,no,no,160,30,False,1359,9999,1000,1100,13.700527711349219,150,0,0,0,False,150000,150,3.902507229926041,0.8546076093480369,2.165891512608953,3.02049912195699,6423096.550476529,1.1401773404498867,223.24475064916285,68.1081081081081,75,24483242.870172612,326.4432382689682,0,239174203.379,True,485693072.8233753,171894.64261181,0.0,0.0,0.0
46,3MW 90HH GA,1,33.162,-83.8,2030,2013,Special_Hybrid_H2,0.9,150,no,no,90,30,False,1133,9999,1000,1100,13.700527711349219,150,0,0,0,False,150000,150,4.570418329321172,0.9219695476622067,2.5365821727732505,3.458551720435457,5434646.687040653,1.120422197282775,223.24475064916285,68.1081081081081,75,21678836.504725695,289.0511533963426,0,239174203.379,True,382717088.00454015,218821.0540801049,0.0,0.0,0.0
47,2018 COE 160HH GA,1,33.162,-83.8,2030,2013,Special_Hybrid_H2,0.9,150,no,no,160,30,False,1380,9999,1000,1100,13.700527711349219,150,0,0,0,False,150000,150,3.944857135958449,0.8546076093480369,2.189395710456939,3.044003319804976,6423096.550476529,1.1565133341430898,223.24475064916285,68.1081081081081,75,24483242.870172612,326.4432382689682,0,239174203.379,True,485693072.8233753,171894.64261181,0.0,0.0,0.0
48,2018 COE 90HH GA,1,33.162,-83.8,2030,2013,Special_Hybrid_H2,0.9,150,no,no,90,30,False,1185,9999,1000,1100,13.700527711349219,150,0,0,0,False,150000,150,4.703507649203748,0.9219695476622067,2.6104467453080797,3.5324162929702867,5434646.687040653,1.168230435624417,223.24475064916285,68.1081081081081,75,21678836.504725695,289.0511533963426,0,239174203.379,True,382717088.00454015,218821.0540801049,0.0,0.0,0.0
49,ATB ADV GA,1,33.162,-83.8,2030,2013,Special_Hybrid_H2,0.9,150,no,no,135,30,False,940,9999,1000,1100,13.700527711349219,150,0,0,0,False,150000,150,4.5172076756478425,0.9685930374230659,2.5070502599845526,3.4756432974076183,4909248.024687021,1.0165320677856535,223.24475064916285,68.1081081081081,75,20181645.97161194,269.08861295482586,0,239174203.379,True,343576975.79577637,253819.3341245377,0.0,0.0,0.0
50,3MW 160HH High TX,1,35.23328,-102.287,2030,2013,Special_Hybrid_H2,0.9,150,no,no,160,30,False,1359,9999,1000,1100,13.700527711349219,150,0,0,0,False,150000,150,2.346674880023548,0.7508318949012485,1.3024045584130692,2.0532364533143177,8922727.695422089,0.8488814087052671,223.24475064916285,68.1081081081081,75,31574033.53321514,420.98711377620185,0,239174203.379,True,731472784.6497314,74971.83691138281,0.0,0.0,0.0
51,3MW 90HH High TX,1,35.23328,-102.287,2030,2013,Special_Hybrid_H2,0.9,150,no,no,90,30,False,1133,9999,1000,1100,13.700527711349219,150,0,0,0,False,150000,150,2.1400858208744036,0.7562527170454849,1.187747630585294,1.944000347630779,8743741.888253959,0.7342521874851509,223.24475064916285,68.1081081081081,75,31064320.652532503,414.1909420337667,0,239174203.379,True,707009702.9731576,70828.55644291268,0.0,0.0,0.0
52,2018 COE 160HH High TX,1,35.23328,-102.287,2030,2013,Special_Hybrid_H2,0.9,150,no,no,160,30,False,1380,9999,1000,1100,13.700527711349219,150,0,0,0,False,150000,150,2.374796767730104,0.7508318949012485,1.3180122060902075,2.068844100991456,8922727.695422089,0.8606410037888707,223.24475064916285,68.1081081081081,75,31574033.53321514,420.98711377620185,0,239174203.379,True,731472784.6497314,74971.83691138281,0.0,0.0,0.0
53,2018 COE 90HH High TX,1,35.23328,-102.287,2030,2013,Special_Hybrid_H2,0.9,150,no,no,90,30,False,1185,9999,1000,1100,13.700527711349219,150,0,0,0,False,150000,150,2.2121335673805134,0.7562527170454849,1.227734129896185,1.98398684694167,8743741.888253959,0.7639672554088381,223.24475064916285,68.1081081081081,75,31064320.652532503,414.1909420337667,0,239174203.379,True,707009702.9731576,70828.55644291268,0.0,0.0,0.0
54,ATB ADV High TX,1,35.23328,-102.287,2030,2013,Special_Hybrid_H2,0.9,150,no,no,135,30,False,940,9999,1000,1100,13.700527711349219,150,0,0,0,False,150000,150,2.259855328153568,0.7902160101076248,1.2542197071252301,2.044435717232855,7769277.231593598,0.6764261162622335,223.24475064916285,68.1081081081081,75,28292456.080697738,377.2327477426365,0,239174203.379,True,603128990.3116466,94098.2636344127,0.0,0.0,0.0
55,3MW 160HH Moderate,1,32.183170000000004,-101.515,2030,2013,Special_Hybrid_H2,0.9,150,no,no,160,30,False,1359,9999,1000,1100,13.700527711349219,150,0,0,0,False,150000,150,2.529131031498765,0.759859953572469,1.4036677224818146,2.163527676054284,8630597.194382291,0.8727686246722692,223.24475064916285,68.1081081081081,75,30745437.272732772,409.93916363643694,0,239174203.379,True,690505009.4170666,67226.59304140566,0.0,0.0,0.0
56,3MW 90HH Moderate,1,32.183170000000004,-101.515,2030,2013,Special_Hybrid_H2,0.9,150,no,no,90,30,False,1133,9999,1000,1100,13.700527711349219,150,0,0,0,False,150000,150,2.540225842859466,0.7785251164675784,1.4098253427870038,2.188350459254582,8078069.57804756,0.7838212336116764,223.24475064916285,68.1081081081081,75,29168809.034297355,388.9174537906314,0,239174203.379,True,620477672.9995719,83545.1064842305,0.0,0.0,0.0
57,2018 COE 160HH Moderate,1,32.183170000000004,-101.515,2030,2013,Special_Hybrid_H2,0.9,150,no,no,160,30,False,1380,9999,1000,1100,13.700527711349219,150,0,0,0,False,150000,150,2.5589214726757623,0.759859953572469,1.420201417335048,2.180061370907517,8630597.194382291,0.884926261319675,223.24475064916285,68.1081081081081,75,30745437.272732772,409.93916363643694,0,239174203.379,True,690505009.4170666,67226.59304140566,0.0,0.0,0.0
58,2018 COE 90HH Moderate,1,32.183170000000004,-101.515,2030,2013,Special_Hybrid_H2,0.9,150,no,no,90,30,False,1185,9999,1000,1100,13.700527711349219,150,0,0,0,False,150000,150,2.6223237271257243,0.7785251164675784,1.455389668554777,2.233914785022355,8078069.57804756,0.8159849679799379,223.24475064916285,68.1081081081081,75,29168809.034297355,388.9174537906314,0,239174203.379,True,620477672.9995719,83545.1064842305,0.0,0.0,0.0
59,ATB ADV Moderate,1,32.183170000000004,-101.515,2030,2013,Special_Hybrid_H2,0.9,150,no,no,135,30,False,940,9999,1000,1100,13.700527711349219,150,0,0,0,False,150000,150,2.72640997547453,0.8206519498682069,1.513157536388364,2.333809486256571,7066866.659927231,0.7318946600129105,223.24475064916285,68.1081081081081,75,26300595.625157285,350.6746083354305,0,239174203.379,True,521671031.0926172,105551.60712471932,0.0,0.0,0.0
60,3MW 160HH GA,1,33.162,-83.8,2030,2013,Special_Hybrid_H2,0.9,150,no,no,160,30,False,1359,9999,1000,1100,13.700527711349219,150,0,0,0,False,150000,150,3.902507229926041,0.8369411050970362,2.165891512608953,3.002832617705989,7732879.468801824,0.9470559022575725,223.24475064916285,90.8108108108108,100,30281206.77022305,302.81206770223054,0,239174203.379,True,485693072.8233753,171894.64261181,0.0,0.0,0.0
61,3MW 90HH GA,1,33.162,-83.8,2030,2013,Special_Hybrid_H2,0.9,150,no,no,90,30,False,1133,9999,1000,1100,13.700527711349219,150,0,0,0,False,150000,150,4.570418329321172,0.9157116437277821,2.5365821727732505,3.4522938165010326,6319364.2709407685,0.9635619219721215,223.24475064916285,90.8108108108108,100,26266238.664262027,262.6623866426203,0,239174203.379,True,382717088.00454015,218821.0540801049,0.0,0.0,0.0
62,2018 COE 160HH GA,1,33.162,-83.8,2030,2013,Special_Hybrid_H2,0.9,150,no,no,160,30,False,1380,9999,1000,1100,13.700527711349219,150,0,0,0,False,150000,150,3.944857135958449,0.8369411050970362,2.189395710456939,3.026336815553975,7732879.468801824,0.960624931124859,223.24475064916285,90.8108108108108,100,30281206.77022305,302.81206770223054,0,239174203.379,True,485693072.8233753,171894.64261181,0.0,0.0,0.0
63,2018 COE 90HH GA,1,33.162,-83.8,2030,2013,Special_Hybrid_H2,0.9,150,no,no,90,30,False,1185,9999,1000,1100,13.700527711349219,150,0,0,0,False,150000,150,4.703507649203748,0.9157116437277821,2.6104467453080797,3.526158389035862,6319364.2709407685,1.0046769571207403,223.24475064916285,90.8108108108108,100,26266238.664262027,262.6623866426203,0,239174203.379,True,382717088.00454015,218821.0540801049,0.0,0.0,0.0
64,ATB ADV GA,1,33.162,-83.8,2030,2013,Special_Hybrid_H2,0.9,150,no,no,135,30,False,940,9999,1000,1100,13.700527711349219,150,0,0,0,False,150000,150,4.5172076756478425,0.9645364705827618,2.5070502599845526,3.4715867305673145,5680651.646108431,0.8784921795418392,223.24475064916285,90.8108108108108,100,24464683.3359982,244.646833359982,0,239174203.379,True,343576975.79577637,253819.3341245377,0.0,0.0,0.0
65,3MW 160HH High TX,1,35.23328,-102.287,2030,2013,Special_Hybrid_H2,0.9,150,no,no,160,30,False,1359,9999,1000,1100,13.700527711349219,150,0,0,0,False,150000,150,2.346674880023548,0.7270270304744937,1.3024045584130692,2.029431588887563,11225265.648147007,0.6747579872939333,223.24475064916285,90.8108108108108,100,40177457.1550723,401.774571550723,0,239174203.379,True,731472784.6497314,74971.83691138281,0.0,0.0,0.0
66,3MW 90HH High TX,1,35.23328,-102.287,2030,2013,Special_Hybrid_H2,0.9,150,no,no,90,30,False,1133,9999,1000,1100,13.700527711349219,150,0,0,0,False,150000,150,2.1400858208744036,0.734160776478862,1.187747630585294,1.921908407064156,10912162.296853878,0.5883445859403151,223.24475064916285,90.8108108108108,100,39300049.4177246,393.000494177246,0,239174203.379,True,707009702.9731576,70828.55644291268,0.0,0.0,0.0
67,2018 COE 160HH High TX,1,35.23328,-102.287,2030,2013,Special_Hybrid_H2,0.9,150,no,no,160,30,False,1380,9999,1000,1100,13.700527711349219,150,0,0,0,False,150000,150,2.374796767730104,0.7270270304744937,1.3180122060902075,2.045039236564701,11225265.648147007,0.6841054422253665,223.24475064916285,90.8108108108108,100,40177457.1550723,401.774571550723,0,239174203.379,True,731472784.6497314,74971.83691138281,0.0,0.0,0.0
68,2018 COE 90HH High TX,1,35.23328,-102.287,2030,2013,Special_Hybrid_H2,0.9,150,no,no,90,30,False,1185,9999,1000,1100,13.700527711349219,150,0,0,0,False,150000,150,2.2121335673805134,0.734160776478862,1.227734129896185,1.961894906375047,10912162.296853878,0.6121547966985958,223.24475064916285,90.8108108108108,100,39300049.4177246,393.000494177246,0,239174203.379,True,707009702.9731576,70828.55644291268,0.0,0.0,0.0
69,ATB ADV High TX,1,35.23328,-102.287,2030,2013,Special_Hybrid_H2,0.9,150,no,no,135,30,False,940,9999,1000,1100,13.700527711349219,150,0,0,0,False,150000,150,2.259855328153568,0.7709841841448479,1.2542197071252301,2.025203891270078,9512574.18096012,0.5524626587880153,223.24475064916285,90.8108108108108,100,35332168.88384164,353.32168883841643,0,239174203.379,True,603128990.3116466,94098.2636344127,0.0,0.0,0.0
70,3MW 160HH Moderate,1,32.183170000000004,-101.515,2030,2013,Special_Hybrid_H2,0.9,150,no,no,160,30,False,1359,9999,1000,1100,13.700527711349219,150,0,0,0,False,150000,150,2.529131031498765,0.7383277151496709,1.4036677224818146,2.1419954376314854,10725641.800303478,0.7022903229183217,223.24475064916285,90.8108108108108,100,38759373.00677377,387.5937300677377,0,239174203.379,True,690505009.4170666,67226.59304140566,0.0,0.0,0.0
71,3MW 90HH Moderate,1,32.183170000000004,-101.515,2030,2013,Special_Hybrid_H2,0.9,150,no,no,90,30,False,1133,9999,1000,1100,13.700527711349219,150,0,0,0,False,150000,150,2.540225842859466,0.7611785272163195,1.4098253427870038,2.1710038700033234,9842629.388848107,0.6432998959648124,223.24475064916285,90.8108108108108,100,36257404.272028014,362.57404272028015,0,239174203.379,True,620477672.9995719,83545.1064842305,0.0,0.0,0.0
72,2018 COE 160HH Moderate,1,32.183170000000004,-101.515,2030,2013,Special_Hybrid_H2,0.9,150,no,no,160,30,False,1380,9999,1000,1100,13.700527711349219,150,0,0,0,False,150000,150,2.5589214726757623,0.7383277151496709,1.420201417335048,2.158529132484719,10725641.800303478,0.7120732027396905,223.24475064916285,90.8108108108108,100,38759373.00677377,387.5937300677377,0,239174203.379,True,690505009.4170666,67226.59304140566,0.0,0.0,0.0
73,2018 COE 90HH Moderate,1,32.183170000000004,-101.515,2030,2013,Special_Hybrid_H2,0.9,150,no,no,90,30,False,1185,9999,1000,1100,13.700527711349219,150,0,0,0,False,150000,150,2.6223237271257243,0.7611785272163195,1.455389668554777,2.2165681957710963,9842629.388848107,0.6696974035669007,223.24475064916285,90.8108108108108,100,36257404.272028014,362.57404272028015,0,239174203.379,True,620477672.9995719,83545.1064842305,0.0,0.0,0.0
74,ATB ADV Moderate,1,32.183170000000004,-101.515,2030,2013,Special_Hybrid_H2,0.9,150,no,no,135,30,False,940,9999,1000,1100,13.700527711349219,150,0,0,0,False,150000,150,2.72640997547453,0.8084964048482308,1.513157536388364,2.321653941236595,8411924.148944601,0.6148655028080515,223.24475064916285,90.8108108108108,100,32209110.23783178,322.09110237831777,0,239174203.379,True,521671031.0926172,105551.60712471932,0.0,0.0,0.0
75,3MW 160HH GA,1,33.162,-83.8,2030,2013,Special_Hybrid_H2,0.9,150,no,no,160,30,False,1359,9999,1000,1100,13.700527711349219,150,0,0,0,False,150000,150,3.902507229926041,0.8357305840726116,2.165891512608953,3.0016220966815643,8747673.082877684,0.8371905388999745,223.24475064916285,113.5135135135135,125,35235314.9396496,281.8825195171968,0,239174203.379,True,485693072.8233753,171894.64261181,0.0,0.0,0.0
76,3MW 90HH GA,1,33.162,-83.8,2030,2013,Special_Hybrid_H2,0.9,150,no,no,90,30,False,1133,9999,1000,1100,13.700527711349219,150,0,0,0,False,150000,150,4.570418329321172,0.9305594691546977,2.5365821727732505,3.467141641927948,6894425.859339967,0.8831915676198999,223.24475064916285,113.5135135135135,125,29991636.55914411,239.93309247315287,0,239174203.379,True,382717088.00454015,218821.0540801049,0.0,0.0,0.0
77,2018 COE 160HH GA,1,33.162,-83.8,2030,2013,Special_Hybrid_H2,0.9,150,no,no,160,30,False,1380,9999,1000,1100,13.700527711349219,150,0,0,0,False,150000,150,3.944857135958449,0.8357305840726116,2.189395710456939,3.0251262945295503,8747673.082877684,0.8491854618635224,223.24475064916285,113.5135135135135,125,35235314.9396496,281.8825195171968,0,239174203.379,True,485693072.8233753,171894.64261181,0.0,0.0,0.0
78,2018 COE 90HH GA,1,33.162,-83.8,2030,2013,Special_Hybrid_H2,0.9,150,no,no,90,30,False,1185,9999,1000,1100,13.700527711349219,150,0,0,0,False,150000,150,4.703507649203748,0.9305594691546977,2.6104467453080797,3.5410062144627776,6894425.859339967,0.9208772124317406,223.24475064916285,113.5135135135135,125,29991636.55914411,239.93309247315287,0,239174203.379,True,382717088.00454015,218821.0540801049,0.0,0.0,0.0
79,ATB ADV GA,1,33.162,-83.8,2030,2013,Special_Hybrid_H2,0.9,150,no,no,135,30,False,940,9999,1000,1100,13.700527711349219,150,0,0,0,False,150000,150,4.5172076756478425,0.981038613132669,2.5070502599845526,3.4880888731172215,6190576.14046449,0.8061298225843794,223.24475064916285,113.5135135135135,125,27984863.98405284,223.87891187242272,0,239174203.379,True,343576975.79577637,253819.3341245377,0.0,0.0,0.0
80,3MW 160HH High TX,1,35.23328,-102.287,2030,2013,Special_Hybrid_H2,0.9,150,no,no,160,30,False,1359,9999,1000,1100,13.700527711349219,150,0,0,0,False,150000,150,2.346674880023548,0.7176386742542836,1.3024045584130692,2.0200432326673528,13173409.449369121,0.574971702253295,223.24475064916285,113.5135135135135,125,47791450.321855456,382.33160257484366,0,239174203.379,True,731472784.6497314,74971.83691138281,0.0,0.0,0.0
81,3MW 90HH High TX,1,35.23328,-102.287,2030,2013,Special_Hybrid_H2,0.9,150,no,no,90,30,False,1133,9999,1000,1100,13.700527711349219,150,0,0,0,False,150000,150,2.1400858208744036,0.7256665412669716,1.187747630585294,1.9134141718522657,12731744.769230714,0.5042601563747758,223.24475064916285,113.5135135135135,125,46533147.180173725,372.2651774413898,0,239174203.379,True,707009702.9731576,70828.55644291268,0.0,0.0,0.0
82,2018 COE 160HH High TX,1,35.23328,-102.287,2030,2013,Special_Hybrid_H2,0.9,150,no,no,160,30,False,1380,9999,1000,1100,13.700527711349219,150,0,0,0,False,150000,150,2.374796767730104,0.7176386742542836,1.3180122060902075,2.035650880344491,13173409.449369121,0.5829368129668653,223.24475064916285,113.5135135135135,125,47791450.321855456,382.33160257484366,0,239174203.379,True,731472784.6497314,74971.83691138281,0.0,0.0,0.0
83,2018 COE 90HH High TX,1,35.23328,-102.287,2030,2013,Special_Hybrid_H2,0.9,150,no,no,90,30,False,1185,9999,1000,1100,13.700527711349219,150,0,0,0,False,150000,150,2.2121335673805134,0.7256665412669716,1.227734129896185,1.9534006711631566,12731744.769230714,0.5246674837934477,223.24475064916285,113.5135135135135,125,46533147.180173725,372.2651774413898,0,239174203.379,True,707009702.9731576,70828.55644291268,0.0,0.0,0.0
84,ATB ADV High TX,1,35.23328,-102.287,2030,2013,Special_Hybrid_H2,0.9,150,no,no,135,30,False,940,9999,1000,1100,13.700527711349219,150,0,0,0,False,150000,150,2.259855328153568,0.7673128324650778,1.2542197071252301,2.021532539590308,10867189.014624458,0.48359718569899796,223.24475064916285,113.5135135135135,125,41257581.91463075,330.060655317046,0,239174203.379,True,603128990.3116466,94098.2636344127,0.0,0.0,0.0
85,3MW 160HH Moderate,1,32.183170000000004,-101.515,2030,2013,Special_Hybrid_H2,0.9,150,no,no,160,30,False,1359,9999,1000,1100,13.700527711349219,150,0,0,0,False,150000,150,2.529131031498765,0.731551423864052,1.4036677224818146,2.1352191463458667,12435740.12996359,0.6057150088953678,223.24475064916285,113.5135135135135,125,45703603.02513026,365.62882420104205,0,239174203.379,True,690505009.4170666,67226.59304140566,0.0,0.0,0.0
86,3MW 90HH Moderate,1,32.183170000000004,-101.515,2030,2013,Special_Hybrid_H2,0.9,150,no,no,90,30,False,1133,9999,1000,1100,13.700527711349219,150,0,0,0,False,150000,150,2.540225842859466,0.7593332151862748,1.4098253427870038,2.1691585579732786,11175100.253227849,0.566595584682769,223.24475064916285,113.5135135135135,125,42119159.28548908,336.95327428391266,0,239174203.379,True,620477672.9995719,83545.1064842305,0.0,0.0,0.0
87,2018 COE 160HH Moderate,1,32.183170000000004,-101.515,2030,2013,Special_Hybrid_H2,0.9,150,no,no,160,30,False,1380,9999,1000,1100,13.700527711349219,150,0,0,0,False,150000,150,2.5589214726757623,0.731551423864052,1.420201417335048,2.1517528411991,12435740.12996359,0.6141525979445791,223.24475064916285,113.5135135135135,125,45703603.02513026,365.62882420104205,0,239174203.379,True,690505009.4170666,67226.59304140566,0.0,0.0,0.0
88,2018 COE 90HH Moderate,1,32.183170000000004,-101.515,2030,2013,Special_Hybrid_H2,0.9,150,no,no,90,30,False,1185,9999,1000,1100,13.700527711349219,150,0,0,0,False,150000,150,2.6223237271257243,0.7593332151862748,1.455389668554777,2.214722883741052,11175100.253227849,0.5898455670747935,223.24475064916285,113.5135135135135,125,42119159.28548908,336.95327428391266,0,239174203.379,True,620477672.9995719,83545.1064842305,0.0,0.0,0.0
89,ATB ADV Moderate,1,32.183170000000004,-101.515,2030,2013,Special_Hybrid_H2,0.9,150,no,no,135,30,False,940,9999,1000,1100,13.700527711349219,150,0,0,0,False,150000,150,2.72640997547453,0.8113416194013575,1.513157536388364,2.3244991557897214,9399478.03770493,0.5502648073303984,223.24475064916285,113.5135135135135,125,37083753.59925228,296.67002879401826,0,239174203.379,True,521671031.0926172,105551.60712471932,0.0,0.0,0.0
90,3MW 160HH GA,1,33.162,-83.8,2030,2013,Special_Hybrid_H2,0.9,150,no,no,160,30,False,1359,9999,1000,1100,13.700527711349219,150,0,0,0,False,150000,150,3.902507229926041,0.87557152674076,2.165891512608953,3.041463039349713,8751226.537358161,0.8368505958692728,223.24475064916285,136.2162162162162,150,37335760.58797626,248.9050705865084,0,239174203.379,True,485693072.8233753,171894.64261181,0.0,0.0,0.0
91,3MW 90HH GA,1,33.162,-83.8,2030,2013,Special_Hybrid_H2,0.9,150,no,no,90,30,False,1133,9999,1000,1100,13.700527711349219,150,0,0,0,False,150000,150,4.570418329321172,0.9809957462967306,2.5365821727732505,3.517577919069981,6895803.387469195,0.8830151383977294,223.24475064916285,136.2162162162162,150,32076989.81842509,213.8465987895006,0,239174203.379,True,382717088.00454015,218821.0540801049,0.0,0.0,0.0
92,2018 COE 160HH GA,1,33.162,-83.8,2030,2013,Special_Hybrid_H2,0.9,150,no,no,160,30,False,1380,9999,1000,1100,13.700527711349219,150,0,0,0,False,150000,150,3.944857135958449,0.87557152674076,2.189395710456939,3.064967237197699,8751226.537358161,0.8488406482683843,223.24475064916285,136.2162162162162,150,37335760.58797626,248.9050705865084,0,239174203.379,True,485693072.8233753,171894.64261181,0.0,0.0,0.0
93,2018 COE 90HH GA,1,33.162,-83.8,2030,2013,Special_Hybrid_H2,0.9,150,no,no,90,30,False,1185,9999,1000,1100,13.700527711349219,150,0,0,0,False,150000,150,4.703507649203748,0.9809957462967306,2.6104467453080797,3.5914424916048104,6895803.387469195,0.9206932550025028,223.24475064916285,136.2162162162162,150,32076989.81842509,213.8465987895006,0,239174203.379,True,382717088.00454015,218821.0540801049,0.0,0.0,0.0
94,ATB ADV GA,1,33.162,-83.8,2030,2013,Special_Hybrid_H2,0.9,150,no,no,135,30,False,940,9999,1000,1100,13.700527711349219,150,0,0,0,False,150000,150,4.5172076756478425,1.037416410397169,2.5070502599845526,3.5444666703817216,6190576.14046449,0.8061298225843794,223.24475064916285,136.2162162162162,150,30069880.20026906,200.46586800179372,0,239174203.379,True,343576975.79577637,253819.3341245377,0.0,0.0,0.0
95,3MW 160HH High TX,1,35.23328,-102.287,2030,2013,Special_Hybrid_H2,0.9,150,no,no,160,30,False,1359,9999,1000,1100,13.700527711349219,150,0,0,0,False,150000,150,2.346674880023548,0.7439865533902801,1.3024045584130692,2.0463911118033495,13179689.81350818,0.5746977176822693,223.24475064916285,136.2162162162162,150,49892563.169616744,332.617087797445,0,239174203.379,True,731472784.6497314,74971.83691138281,0.0,0.0,0.0
96,3MW 90HH High TX,1,35.23328,-102.287,2030,2013,Special_Hybrid_H2,0.9,150,no,no,90,30,False,1133,9999,1000,1100,13.700527711349219,150,0,0,0,False,150000,150,2.1400858208744036,0.7530663365248091,1.187747630585294,1.9408139671101032,12738913.567083428,0.5039763849913534,223.24475064916285,136.2162162162162,150,48649037.40311259,324.3269160207506,0,239174203.379,True,707009702.9731576,70828.55644291268,0.0,0.0,0.0
97,2018 COE 160HH High TX,1,35.23328,-102.287,2030,2013,Special_Hybrid_H2,0.9,150,no,no,160,30,False,1380,9999,1000,1100,13.700527711349219,150,0,0,0,False,150000,150,2.374796767730104,0.7439865533902801,1.3180122060902075,2.0619987594804874,13179689.81350818,0.582659032874367,223.24475064916285,136.2162162162162,150,49892563.169616744,332.617087797445,0,239174203.379,True,731472784.6497314,74971.83691138281,0.0,0.0,0.0
98,2018 COE 90HH High TX,1,35.23328,-102.287,2030,2013,Special_Hybrid_H2,0.9,150,no,no,90,30,False,1185,9999,1000,1100,13.700527711349219,150,0,0,0,False,150000,150,2.2121335673805134,0.7530663365248091,1.227734129896185,1.9808004664209942,12738913.567083428,0.5243722282277827,223.24475064916285,136.2162162162162,150,48649037.40311259,324.3269160207506,0,239174203.379,True,707009702.9731576,70828.55644291268,0.0,0.0,0.0
99,ATB ADV High TX,1,35.23328,-102.287,2030,2013,Special_Hybrid_H2,0.9,150,no,no,135,30,False,940,9999,1000,1100,13.700527711349219,150,0,0,0,False,150000,150,2.259855328153568,0.7994288696599657,1.2542197071252301,2.053648576785196,10867189.014624458,0.48359718569899796,223.24475064916285,136.2162162162162,150,43342598.13084696,288.9506542056464,0,239174203.379,True,603128990.3116466,94098.2636344127,0.0,0.0,0.0
100,3MW 160HH Moderate,1,32.183170000000004,-101.515,2030,2013,Special_Hybrid_H2,0.9,150,no,no,160,30,False,1359,9999,1000,1100,13.700527711349219,150,0,0,0,False,150000,150,2.529131031498765,0.7594822663044564,1.4036677224818146,2.163149988786271,12441531.70120816,0.6054330466971297,223.24475064916285,136.2162162162162,150,47804596.27877815,318.6973085251877,0,239174203.379,True,690505009.4170666,67226.59304140566,0.0,0.0,0.0
101,3MW 90HH Moderate,1,32.183170000000004,-101.515,2030,2013,Special_Hybrid_H2,0.9,150,no,no,90,30,False,1133,9999,1000,1100,13.700527711349219,150,0,0,0,False,150000,150,2.540225842859466,0.7904725907384964,1.4098253427870038,2.2002979335255004,11179777.89188403,0.5663585200975004,223.24475064916285,136.2162162162162,150,44219879.990616426,294.79919993744284,0,239174203.379,True,620477672.9995719,83545.1064842305,0.0,0.0,0.0
102,2018 COE 160HH Moderate,1,32.183170000000004,-101.515,2030,2013,Special_Hybrid_H2,0.9,150,no,no,160,30,False,1380,9999,1000,1100,13.700527711349219,150,0,0,0,False,150000,150,2.5589214726757623,0.7594822663044564,1.420201417335048,2.1796836836395044,12441531.70120816,0.6138667080227066,223.24475064916285,136.2162162162162,150,47804596.27877815,318.6973085251877,0,239174203.379,True,690505009.4170666,67226.59304140566,0.0,0.0,0.0
103,2018 COE 90HH Moderate,1,32.183170000000004,-101.515,2030,2013,Special_Hybrid_H2,0.9,150,no,no,90,30,False,1185,9999,1000,1100,13.700527711349219,150,0,0,0,False,150000,150,2.6223237271257243,0.7904725907384964,1.455389668554777,2.2458622592932733,11179777.89188403,0.5895987746561597,223.24475064916285,136.2162162162162,150,44219879.990616426,294.79919993744284,0,239174203.379,True,620477672.9995719,83545.1064842305,0.0,0.0,0.0
104,ATB ADV Moderate,1,32.183170000000004,-101.515,2030,2013,Special_Hybrid_H2,0.9,150,no,no,135,30,False,940,9999,1000,1100,13.700527711349219,150,0,0,0,False,150000,150,2.72640997547453,0.8484725007624996,1.513157536388364,2.3616300371508636,9399478.03770493,0.5502648073303984,223.24475064916285,136.2162162162162,150,39168769.8154685,261.1251321031233,0,239174203.379,True,521671031.0926172,105551.60712471932,0.0,0.0,0.0
105,3MW 160HH GA,1,33.162,-83.8,2030,2013,Special_Hybrid_H2,0.9,150,no,no,160,30,False,1359,9999,1000,1100,13.700527711349219,150,0,0,0,False,150000,150,3.902507229926041,0.9154528967846944,2.165891512608953,3.0813444093936475,8751226.537358161,0.8368505958692728,223.24475064916285,158.9189189189189,175,39420776.804192476,225.2615817382427,0,239174203.379,True,485693072.8233753,171894.64261181,0.0,0.0,0.0
106,3MW 90HH GA,1,33.162,-83.8,2030,2013,Special_Hybrid_H2,0.9,150,no,no,90,30,False,1133,9999,1000,1100,13.700527711349219,150,0,0,0,False,150000,150,4.570418329321172,1.031607839911779,2.5365821727732505,3.5681900126850294,6895803.387469195,0.8830151383977294,223.24475064916285,158.9189189189189,175,34162006.0346413,195.21146305509316,0,239174203.379,True,382717088.00454015,218821.0540801049,0.0,0.0,0.0
107,2018 COE 160HH GA,1,33.162,-83.8,2030,2013,Special_Hybrid_H2,0.9,150,no,no,160,30,False,1380,9999,1000,1100,13.700527711349219,150,0,0,0,False,150000,150,3.944857135958449,0.9154528967846944,2.189395710456939,3.1048486072416335,8751226.537358161,0.8488406482683843,223.24475064916285,158.9189189189189,175,39420776.804192476,225.2615817382427,0,239174203.379,True,485693072.8233753,171894.64261181,0.0,0.0,0.0
108,2018 COE 90HH GA,1,33.162,-83.8,2030,2013,Special_Hybrid_H2,0.9,150,no,no,90,30,False,1185,9999,1000,1100,13.700527711349219,150,0,0,0,False,150000,150,4.703507649203748,1.031607839911779,2.6104467453080797,3.6420545852198587,6895803.387469195,0.9206932550025028,223.24475064916285,158.9189189189189,175,34162006.0346413,195.21146305509316,0,239174203.379,True,382717088.00454015,218821.0540801049,0.0,0.0,0.0
109,ATB ADV GA,1,33.162,-83.8,2030,2013,Special_Hybrid_H2,0.9,150,no,no,135,30,False,940,9999,1000,1100,13.700527711349219,150,0,0,0,False,150000,150,4.5172076756478425,1.0937941946351781,2.5070502599845526,3.6008444546197307,6190576.14046449,0.8061298225843794,223.24475064916285,158.9189189189189,175,32154896.416485272,183.7422652370587,0,239174203.379,True,343576975.79577637,253819.3341245377,0.0,0.0,0.0
110,3MW 160HH High TX,1,35.23328,-102.287,2030,2013,Special_Hybrid_H2,0.9,150,no,no,160,30,False,1359,9999,1000,1100,13.700527711349219,150,0,0,0,False,150000,150,2.346674880023548,0.7704675230408986,1.3024045584130692,2.072872081453968,13179689.81350818,0.5746977176822693,223.24475064916285,158.9189189189189,175,51977579.38583296,297.0147393476169,0,239174203.379,True,731472784.6497314,74971.83691138281,0.0,0.0,0.0
111,3MW 90HH High TX,1,35.23328,-102.287,2030,2013,Special_Hybrid_H2,0.9,150,no,no,90,30,False,1133,9999,1000,1100,13.700527711349219,150,0,0,0,False,150000,150,2.1400858208744036,0.7804635681739738,1.187747630585294,1.9682111987592679,12738913.567083428,0.5039763849913534,223.24475064916285,158.9189189189189,175,50734053.619328804,289.908877824736,0,239174203.379,True,707009702.9731576,70828.55644291268,0.0,0.0,0.0
112,2018 COE 160HH High TX,1,35.23328,-102.287,2030,2013,Special_Hybrid_H2,0.9,150,no,no,160,30,False,1380,9999,1000,1100,13.700527711349219,150,0,0,0,False,150000,150,2.374796767730104,0.7704675230408986,1.3180122060902075,2.088479729131106,13179689.81350818,0.582659032874367,223.24475064916285,158.9189189189189,175,51977579.38583296,297.0147393476169,0,239174203.379,True,731472784.6497314,74971.83691138281,0.0,0.0,0.0
113,2018 COE 90HH High TX,1,35.23328,-102.287,2030,2013,Special_Hybrid_H2,0.9,150,no,no,90,30,False,1185,9999,1000,1100,13.700527711349219,150,0,0,0,False,150000,150,2.2121335673805134,0.7804635681739738,1.227734129896185,2.008197698070159,12738913.567083428,0.5243722282277827,223.24475064916285,158.9189189189189,175,50734053.619328804,289.908877824736,0,239174203.379,True,707009702.9731576,70828.55644291268,0.0,0.0,0.0
114,ATB ADV High TX,1,35.23328,-102.287,2030,2013,Special_Hybrid_H2,0.9,150,no,no,135,30,False,940,9999,1000,1100,13.700527711349219,150,0,0,0,False,150000,150,2.259855328153568,0.8315448937214783,1.2542197071252301,2.0857646008467086,10867189.014624458,0.48359718569899796,223.24475064916285,158.9189189189189,175,45427614.347063184,259.58636769750393,0,239174203.379,True,603128990.3116466,94098.2636344127,0.0,0.0,0.0
115,3MW 160HH Moderate,1,32.183170000000004,-101.515,2030,2013,Special_Hybrid_H2,0.9,150,no,no,160,30,False,1359,9999,1000,1100,13.700527711349219,150,0,0,0,False,150000,150,2.529131031498765,0.7875343562189305,1.4036677224818146,2.191202078700745,12441531.70120816,0.6054330466971297,223.24475064916285,158.9189189189189,175,49889612.494994365,285.08349997139635,0,239174203.379,True,690505009.4170666,67226.59304140566,0.0,0.0,0.0
116,3MW 90HH Moderate,1,32.183170000000004,-101.515,2030,2013,Special_Hybrid_H2,0.9,150,no,no,90,30,False,1133,9999,1000,1100,13.700527711349219,150,0,0,0,False,150000,150,2.540225842859466,0.8216906569624169,1.4098253427870038,2.231515999749421,11179777.89188403,0.5663585200975004,223.24475064916285,158.9189189189189,175,46304896.20683265,264.59940689618657,0,239174203.379,True,620477672.9995719,83545.1064842305,0.0,0.0,0.0
117,2018 COE 160HH Moderate,1,32.183170000000004,-101.515,2030,2013,Special_Hybrid_H2,0.9,150,no,no,160,30,False,1380,9999,1000,1100,13.700527711349219,150,0,0,0,False,150000,150,2.5589214726757623,0.7875343562189305,1.420201417335048,2.2077357735539787,12441531.70120816,0.6138667080227066,223.24475064916285,158.9189189189189,175,49889612.494994365,285.08349997139635,0,239174203.379,True,690505009.4170666,67226.59304140566,0.0,0.0,0.0
118,2018 COE 90HH Moderate,1,32.183170000000004,-101.515,2030,2013,Special_Hybrid_H2,0.9,150,no,no,90,30,False,1185,9999,1000,1100,13.700527711349219,150,0,0,0,False,150000,150,2.6223237271257243,0.8216906569624169,1.455389668554777,2.277080325517194,11179777.89188403,0.5895987746561597,223.24475064916285,158.9189189189189,175,46304896.20683265,264.59940689618657,0,239174203.379,True,620477672.9995719,83545.1064842305,0.0,0.0,0.0
119,ATB ADV Moderate,1,32.183170000000004,-101.515,2030,2013,Special_Hybrid_H2,0.9,150,no,no,135,30,False,940,9999,1000,1100,13.700527711349219,150,0,0,0,False,150000,150,2.72640997547453,0.8856034039125397,1.513157536388364,2.3987609403009036,9399478.03770493,0.5502648073303984,223.24475064916285,158.9189189189189,175,41253786.03168471,235.7359201810555,0,239174203.379,True,521671031.0926172,105551.60712471932,0.0,0.0,0.0
120,3MW 160HH GA,1,33.162,-83.8,2030,2013,Special_Hybrid_H2,0.9,150,no,no,160,30,False,1359,9999,1000,1100,13.700527711349219,150,0,0,0,False,150000,150,3.902507229926041,0.9553342902315508,2.165891512608953,3.1212258028405038,8751226.537358161,0.8368505958692728,223.24475064916285,181.6216216216216,200,41505793.02040869,207.52896510204346,0,239174203.379,True,485693072.8233753,171894.64261181,0.0,0.0,0.0
121,3MW 90HH GA,1,33.162,-83.8,2030,2013,Special_Hybrid_H2,0.9,150,no,no,90,30,False,1133,9999,1000,1100,13.700527711349219,150,0,0,0,False,150000,150,4.570418329321172,1.082219921832543,2.5365821727732505,3.6188020946057935,6895803.387469195,0.8830151383977294,223.24475064916285,181.6216216216216,200,36247022.25085752,181.23511125428757,0,239174203.379,True,382717088.00454015,218821.0540801049,0.0,0.0,0.0
122,2018 COE 160HH GA,1,33.162,-83.8,2030,2013,Special_Hybrid_H2,0.9,150,no,no,160,30,False,1380,9999,1000,1100,13.700527711349219,150,0,0,0,False,150000,150,3.944857135958449,0.9553342902315508,2.189395710456939,3.1447300006884897,8751226.537358161,0.8488406482683843,223.24475064916285,181.6216216216216,200,41505793.02040869,207.52896510204346,0,239174203.379,True,485693072.8233753,171894.64261181,0.0,0.0,0.0
123,2018 COE 90HH GA,1,33.162,-83.8,2030,2013,Special_Hybrid_H2,0.9,150,no,no,90,30,False,1185,9999,1000,1100,13.700527711349219,150,0,0,0,False,150000,150,4.703507649203748,1.082219921832543,2.6104467453080797,3.6926666671406227,6895803.387469195,0.9206932550025028,223.24475064916285,181.6216216216216,200,36247022.25085752,181.23511125428757,0,239174203.379,True,382717088.00454015,218821.0540801049,0.0,0.0,0.0
124,ATB ADV GA,1,33.162,-83.8,2030,2013,Special_Hybrid_H2,0.9,150,no,no,135,30,False,940,9999,1000,1100,13.700527711349219,150,0,0,0,False,150000,150,4.5172076756478425,1.1501719788731875,2.5070502599845526,3.65722223885774,6190576.14046449,0.8061298225843794,223.24475064916285,181.6216216216216,200,34239912.63270149,171.19956316350743,0,239174203.379,True,343576975.79577637,253819.3341245377,0.0,0.0,0.0
125,3MW 160HH High TX,1,35.23328,-102.287,2030,2013,Special_Hybrid_H2,0.9,150,no,no,160,30,False,1359,9999,1000,1100,13.700527711349219,150,0,0,0,False,150000,150,2.346674880023548,0.7969484879811333,1.3024045584130692,2.0993530463942025,13179689.81350818,0.5746977176822693,223.24475064916285,181.6216216216216,200,54062595.60204917,270.31297801024584,0,239174203.379,True,731472784.6497314,74971.83691138281,0.0,0.0,0.0
126,3MW 90HH High TX,1,35.23328,-102.287,2030,2013,Special_Hybrid_H2,0.9,150,no,no,90,30,False,1133,9999,1000,1100,13.700527711349219,150,0,0,0,False,150000,150,2.1400858208744036,0.8078607949497726,1.187747630585294,1.9956084255350666,12738913.567083428,0.5039763849913534,223.24475064916285,181.6216216216216,200,52819069.83554502,264.0953491777251,0,239174203.379,True,707009702.9731576,70828.55644291268,0.0,0.0,0.0
127,2018 COE 160HH High TX,1,35.23328,-102.287,2030,2013,Special_Hybrid_H2,0.9,150,no,no,160,30,False,1380,9999,1000,1100,13.700527711349219,150,0,0,0,False,150000,150,2.374796767730104,0.7969484879811333,1.3180122060902075,2.114960694071341,13179689.81350818,0.582659032874367,223.24475064916285,181.6216216216216,200,54062595.60204917,270.31297801024584,0,239174203.379,True,731472784.6497314,74971.83691138281,0.0,0.0,0.0
128,2018 COE 90HH High TX,1,35.23328,-102.287,2030,2013,Special_Hybrid_H2,0.9,150,no,no,90,30,False,1185,9999,1000,1100,13.700527711349219,150,0,0,0,False,150000,150,2.2121335673805134,0.8078607949497726,1.227734129896185,2.0355949248459577,12738913.567083428,0.5243722282277827,223.24475064916285,181.6216216216216,200,52819069.83554502,264.0953491777251,0,239174203.379,True,707009702.9731576,70828.55644291268,0.0,0.0,0.0
129,ATB ADV High TX,1,35.23328,-102.287,2030,2013,Special_Hybrid_H2,0.9,150,no,no,135,30,False,940,9999,1000,1100,13.700527711349219,150,0,0,0,False,150000,150,2.259855328153568,0.8636609234957275,1.2542197071252301,2.1178806306209577,10867189.014624458,0.48359718569899796,223.24475064916285,181.6216216216216,200,47512630.5632794,237.56315281639698,0,239174203.379,True,603128990.3116466,94098.2636344127,0.0,0.0,0.0
130,3MW 160HH Moderate,1,32.183170000000004,-101.515,2030,2013,Special_Hybrid_H2,0.9,150,no,no,160,30,False,1359,9999,1000,1100,13.700527711349219,150,0,0,0,False,150000,150,2.529131031498765,0.8155864411435538,1.4036677224818146,2.2192541636253686,12441531.70120816,0.6054330466971297,223.24475064916285,181.6216216216216,200,51974628.71121058,259.87314355605287,0,239174203.379,True,690505009.4170666,67226.59304140566,0.0,0.0,0.0
131,3MW 90HH Moderate,1,32.183170000000004,-101.515,2030,2013,Special_Hybrid_H2,0.9,150,no,no,90,30,False,1133,9999,1000,1100,13.700527711349219,150,0,0,0,False,150000,150,2.540225842859466,0.8529087159731811,1.4098253427870038,2.2627340587601847,11179777.89188403,0.5663585200975004,223.24475064916285,181.6216216216216,200,48389912.42304886,241.9495621152443,0,239174203.379,True,620477672.9995719,83545.1064842305,0.0,0.0,0.0
132,2018 COE 160HH Moderate,1,32.183170000000004,-101.515,2030,2013,Special_Hybrid_H2,0.9,150,no,no,160,30,False,1380,9999,1000,1100,13.700527711349219,150,0,0,0,False,150000,150,2.5589214726757623,0.8155864411435538,1.420201417335048,2.2357878584786017,12441531.70120816,0.6138667080227066,223.24475064916285,181.6216216216216,200,51974628.71121058,259.87314355605287,0,239174203.379,True,690505009.4170666,67226.59304140566,0.0,0.0,0.0
133,2018 COE 90HH Moderate,1,32.183170000000004,-101.515,2030,2013,Special_Hybrid_H2,0.9,150,no,no,90,30,False,1185,9999,1000,1100,13.700527711349219,150,0,0,0,False,150000,150,2.6223237271257243,0.8529087159731811,1.455389668554777,2.308298384527958,11179777.89188403,0.5895987746561597,223.24475064916285,181.6216216216216,200,48389912.42304886,241.9495621152443,0,239174203.379,True,620477672.9995719,83545.1064842305,0.0,0.0,0.0
134,ATB ADV Moderate,1,32.183170000000004,-101.515,2030,2013,Special_Hybrid_H2,0.9,150,no,no,135,30,False,940,9999,1000,1100,13.700527711349219,150,0,0,0,False,150000,150,2.72640997547453,0.9227342852736816,1.513157536388364,2.4358918216620458,9399478.03770493,0.5502648073303984,223.24475064916285,181.6216216216216,200,43338802.24790093,216.69401123950468,0,239174203.379,True,521671031.0926172,105551.60712471932,0.0,0.0,0.0
